experiment,split,mechanism,overlap,score_thr,metric,TP,FP,FN,precision,recall,f1
juniperus_seg_homogeneous_20260905_105741,test,dense_baseline,50,0.25,S-IoU,587,121,60,82.90960451977402,90.72642967542504,86.64206642066421
juniperus_seg_homogeneous_20260905_105741,test,dense_baseline,50,0.3,S-IoU,575,105,71,84.55882352941177,89.00928792569658,86.72699849170438
juniperus_seg_homogeneous_20260905_105741,test,dense_baseline,50,0.35,S-IoU,561,95,83,85.51829268292683,87.11180124223603,86.3076923076923
juniperus_seg_homogeneous_20260905_105741,test,dense_baseline,50,0.4,S-IoU,550,72,96,88.42443729903538,85.13931888544892,86.75078864353313
juniperus_seg_homogeneous_20260905_105741,test,dense_baseline,50,0.45,S-IoU,533,54,115,90.80068143100512,82.25308641975309,86.3157894736842
juniperus_seg_homogeneous_20260905_105741,test,dense_baseline,50,0.5,S-IoU,512,43,134,92.25225225225225,79.25696594427245,85.26228143213987
juniperus_seg_homogeneous_20260905_105741,test,dense_baseline,50,0.55,S-IoU,489,35,156,93.32061068702289,75.81395348837209,83.66124893071
juniperus_seg_homogeneous_20260905_105741,test,dense_baseline,50,0.6,S-IoU,458,24,193,95.0207468879668,70.35330261136713,80.84730803177405
juniperus_seg_homogeneous_20260905_105741,test,dense_baseline,50,0.65,S-IoU,425,21,231,95.2914798206278,64.78658536585365,77.13248638838476
juniperus_seg_homogeneous_20260905_105741,test,dense_baseline,50,0.7,S-IoU,380,12,285,96.93877551020408,57.14285714285714,71.90160832544937
juniperus_seg_homogeneous_20260905_105741,test,dense_baseline,50,0.75,S-IoU,314,7,360,97.81931464174455,46.58753709198813,63.11557788944723
juniperus_seg_homogeneous_20260905_105741,test,dense_baseline,50,0.8,S-IoU,245,4,435,98.39357429718876,36.029411764705884,52.7448869752422
juniperus_seg_homogeneous_20260905_105741,test,dense_baseline,50,0.85,S-IoU,166,1,517,99.40119760479041,24.30453879941435,39.05882352941176
juniperus_seg_homogeneous_20260905_105741,test,dense_baseline,50,0.9,S-IoU,85,0,602,100.0,12.372634643377003,22.020725388601033
juniperus_seg_homogeneous_20260905_105741,test,btm_forest_ensemble_uniform,50,0.25,S-IoU,713,331,12,68.29501915708812,98.34482758620689,80.61051441492368
juniperus_seg_homogeneous_20260905_105741,test,btm_forest_ensemble_uniform,50,0.3,S-IoU,689,261,16,72.52631578947368,97.73049645390071,83.26283987915409
juniperus_seg_homogeneous_20260905_105741,test,btm_forest_ensemble_uniform,50,0.35,S-IoU,671,220,24,75.30864197530865,96.54676258992806,84.61538461538463
juniperus_seg_homogeneous_20260905_105741,test,btm_forest_ensemble_uniform,50,0.4,S-IoU,653,180,29,78.39135654261705,95.74780058651027,86.20462046204622
juniperus_seg_homogeneous_20260905_105741,test,btm_forest_ensemble_uniform,50,0.45,S-IoU,637,145,38,81.45780051150895,94.37037037037037,87.43994509265615
juniperus_seg_homogeneous_20260905_105741,test,btm_forest_ensemble_uniform,50,0.5,S-IoU,626,114,42,84.5945945945946,93.7125748502994,88.92045454545455
juniperus_seg_homogeneous_20260905_105741,test,btm_forest_ensemble_uniform,50,0.55,S-IoU,607,89,54,87.21264367816092,91.83055975794251,89.4620486366986
juniperus_seg_homogeneous_20260905_105741,test,btm_forest_ensemble_uniform,50,0.6,S-IoU,588,67,68,89.77099236641222,89.63414634146342,89.70251716247141
juniperus_seg_homogeneous_20260905_105741,test,btm_forest_ensemble_uniform,50,0.65,S-IoU,555,51,91,91.58415841584159,85.91331269349845,88.65814696485623
juniperus_seg_homogeneous_20260905_105741,test,btm_forest_ensemble_uniform,50,0.7,S-IoU,519,33,133,94.02173913043478,79.60122699386503,86.21262458471762
juniperus_seg_homogeneous_20260905_105741,test,btm_forest_ensemble_uniform,50,0.75,S-IoU,480,22,176,95.61752988047809,73.17073170731707,82.90155440414509
juniperus_seg_homogeneous_20260905_105741,test,btm_forest_ensemble_uniform,50,0.8,S-IoU,406,16,251,96.2085308056872,61.796042617960424,75.2548656163114
juniperus_seg_homogeneous_20260905_105741,test,btm_forest_ensemble_uniform,50,0.85,S-IoU,290,9,371,96.98996655518395,43.872919818456886,60.416666666666664
juniperus_seg_homogeneous_20260905_105741,test,btm_forest_ensemble_uniform,50,0.9,S-IoU,148,5,531,96.73202614379085,21.79675994108984,35.57692307692308
juniperus_seg_homogeneous_20260905_105741,test,btm_forest_soup,50,0.25,S-IoU,588,71,64,89.22610015174507,90.1840490797546,89.7025171624714
juniperus_seg_homogeneous_20260905_105741,test,btm_forest_soup,50,0.3,S-IoU,572,51,83,91.81380417335474,87.32824427480917,89.51486697965572
juniperus_seg_homogeneous_20260905_105741,test,btm_forest_soup,50,0.35,S-IoU,563,39,93,93.52159468438538,85.82317073170732,89.50715421303657
juniperus_seg_homogeneous_20260905_105741,test,btm_forest_soup,50,0.4,S-IoU,546,33,109,94.30051813471503,83.3587786259542,88.49270664505673
juniperus_seg_homogeneous_20260905_105741,test,btm_forest_soup,50,0.45,S-IoU,530,28,121,94.98207885304659,81.41321044546851,87.67576509511994
juniperus_seg_homogeneous_20260905_105741,test,btm_forest_soup,50,0.5,S-IoU,509,21,146,96.0377358490566,77.70992366412214,85.90717299578058
juniperus_seg_homogeneous_20260905_105741,test,btm_forest_soup,50,0.55,S-IoU,484,17,172,96.6067864271457,73.78048780487805,83.66464995678479
juniperus_seg_homogeneous_20260905_105741,test,btm_forest_soup,50,0.6,S-IoU,448,12,214,97.3913043478261,67.6737160120846,79.85739750445633
juniperus_seg_homogeneous_20260905_105741,test,btm_forest_soup,50,0.65,S-IoU,403,9,266,97.81553398058253,60.239162929745895,74.56059204440334
juniperus_seg_homogeneous_20260905_105741,test,btm_forest_soup,50,0.7,S-IoU,360,9,310,97.5609756097561,53.73134328358209,69.29740134744947
juniperus_seg_homogeneous_20260905_105741,test,btm_forest_soup,50,0.75,S-IoU,302,7,373,97.73462783171522,44.74074074074074,61.38211382113822
juniperus_seg_homogeneous_20260905_105741,test,btm_forest_soup,50,0.8,S-IoU,228,4,454,98.27586206896551,33.43108504398827,49.89059080962801
juniperus_seg_homogeneous_20260905_105741,test,btm_forest_soup,50,0.85,S-IoU,128,1,557,99.2248062015504,18.686131386861312,31.44963144963145
juniperus_seg_homogeneous_20260905_105741,test,btm_forest_soup,50,0.9,S-IoU,19,0,671,100.0,2.753623188405797,5.359661495063469
juniperus_seg_homogeneous_20260905_105741,test,random_ensemble,50,0.25,S-IoU,702,304,18,69.78131212723659,97.5,81.3441483198146
juniperus_seg_homogeneous_20260905_105741,test,random_ensemble,50,0.3,S-IoU,679,252,22,72.93233082706767,96.86162624821684,83.21078431372548
juniperus_seg_homogeneous_20260905_105741,test,random_ensemble,50,0.35,S-IoU,667,209,27,76.14155251141553,96.10951008645533,84.96815286624204
juniperus_seg_homogeneous_20260905_105741,test,random_ensemble,50,0.4,S-IoU,649,172,36,79.04993909866018,94.74452554744526,86.18857901726427
juniperus_seg_homogeneous_20260905_105741,test,random_ensemble,50,0.45,S-IoU,636,141,39,81.85328185328186,94.22222222222221,87.60330578512396
juniperus_seg_homogeneous_20260905_105741,test,random_ensemble,50,0.5,S-IoU,614,112,50,84.57300275482093,92.46987951807229,88.34532374100719
juniperus_seg_homogeneous_20260905_105741,test,random_ensemble,50,0.55,S-IoU,595,95,63,86.23188405797102,90.42553191489363,88.27893175074185
juniperus_seg_homogeneous_20260905_105741,test,random_ensemble,50,0.6,S-IoU,575,74,77,88.59784283513096,88.19018404907976,88.39354342813222
juniperus_seg_homogeneous_20260905_105741,test,random_ensemble,50,0.65,S-IoU,549,50,103,91.65275459098497,84.20245398773007,87.76978417266187
juniperus_seg_homogeneous_20260905_105741,test,random_ensemble,50,0.7,S-IoU,515,37,137,93.29710144927536,78.9877300613497,85.54817275747509
juniperus_seg_homogeneous_20260905_105741,test,random_ensemble,50,0.75,S-IoU,458,26,194,94.62809917355372,70.24539877300614,80.63380281690141
juniperus_seg_homogeneous_20260905_105741,test,random_ensemble,50,0.8,S-IoU,398,19,258,95.44364508393285,60.670731707317074,74.18452935694314
juniperus_seg_homogeneous_20260905_105741,test,random_ensemble,50,0.85,S-IoU,301,6,370,98.0456026058632,44.85842026825633,61.55419222903886
juniperus_seg_homogeneous_20260905_105741,test,random_ensemble,50,0.9,S-IoU,166,3,516,98.22485207100591,24.34017595307918,39.012925969447714
juniperus_seg_homogeneous_20260905_105741,test,btm_forest_ensemble_weighted,50,0.1,S-IoU,691,265,16,72.28033472803347,97.73691654879774,83.1028262176789
juniperus_seg_homogeneous_20260905_105741,test,btm_forest_ensemble_weighted,50,0.12,S-IoU,671,217,23,75.56306306306307,96.68587896253602,84.82932996207333
juniperus_seg_homogeneous_20260905_105741,test,btm_forest_ensemble_weighted,50,0.15,S-IoU,640,145,37,81.52866242038218,94.53471196454947,87.55129958960327
juniperus_seg_homogeneous_20260905_105741,test,btm_forest_ensemble_weighted,50,0.18,S-IoU,612,95,55,86.56294200848656,91.75412293853074,89.08296943231441
juniperus_seg_homogeneous_20260905_105741,test,btm_forest_ensemble_weighted,50,0.2,S-IoU,590,67,69,89.8021308980213,89.52959028831563,89.66565349544072
juniperus_seg_homogeneous_20260905_105741,test,btm_forest_ensemble_weighted,50,0.22,S-IoU,553,46,98,92.32053422370618,84.94623655913979,88.48
juniperus_seg_homogeneous_20260905_105741,test,btm_forest_ensemble_weighted,50,0.25,S-IoU,488,23,168,95.49902152641879,74.39024390243902,83.63324764353041
juniperus_seg_homogeneous_20260905_105741,test,btm_forest_ensemble_weighted,50,0.3,S-IoU,182,6,495,96.80851063829788,26.88330871491876,42.080924855491325
juniperus_seg_homogeneous_20260905_105741,test,btm_forest_ensemble_weighted,50,0.35,S-IoU,0,0,690,0.0,0.0,0.0
juniperus_seg_homogeneous_20260905_105741,test,btm_forest_ensemble_weighted,50,0.4,S-IoU,0,0,690,0.0,0.0,0.0
juniperus_seg_homogeneous_20260905_105741,test,btm_forest_ensemble_weighted,50,0.45,S-IoU,0,0,690,0.0,0.0,0.0
juniperus_seg_homogeneous_20260905_105741,test,btm_forest_ensemble_weighted,50,0.5,S-IoU,0,0,690,0.0,0.0,0.0
juniperus_seg_homogeneous_20260905_105741,test,btm_forest_ensemble_weighted,50,0.55,S-IoU,0,0,690,0.0,0.0,0.0
juniperus_seg_homogeneous_20260905_105741,test,btm_forest_ensemble_weighted,50,0.6,S-IoU,0,0,690,0.0,0.0,0.0
juniperus_seg_homogeneous_20260905_105741,test,btm_forest_ensemble_weighted,50,0.65,S-IoU,0,0,690,0.0,0.0,0.0
juniperus_seg_homogeneous_20260905_105741,test,btm_forest_ensemble_weighted,50,0.7,S-IoU,0,0,690,0.0,0.0,0.0
juniperus_seg_homogeneous_20260905_105741,test,btm_forest_ensemble_weighted,50,0.75,S-IoU,0,0,690,0.0,0.0,0.0
juniperus_seg_homogeneous_20260905_105741,test,btm_forest_ensemble_weighted,50,0.8,S-IoU,0,0,690,0.0,0.0,0.0
juniperus_seg_homogeneous_20260905_105741,test,btm_forest_ensemble_weighted,50,0.85,S-IoU,0,0,690,0.0,0.0,0.0
juniperus_seg_homogeneous_20260905_105741,test,btm_forest_ensemble_weighted,50,0.9,S-IoU,0,0,690,0.0,0.0,0.0
juniperus_seg_homogeneous_20260905_105741,field_work,dense_baseline,50,0.05,S-IoU,1484,781,329,65.5187637969095,81.85328185328186,72.7807748896518
juniperus_seg_homogeneous_20260905_105741,field_work,dense_baseline,50,0.08,S-IoU,1390,598,362,69.91951710261569,79.337899543379,74.33155080213903
juniperus_seg_homogeneous_20260905_105741,field_work,dense_baseline,50,0.1,S-IoU,1347,527,386,71.87833511205977,77.7264858626659,74.68810645966177
juniperus_seg_homogeneous_20260905_105741,field_work,dense_baseline,50,0.12,S-IoU,1309,457,413,74.12231030577576,76.01626016260163,75.05733944954129
juniperus_seg_homogeneous_20260905_105741,field_work,dense_baseline,50,0.15,S-IoU,1252,390,448,76.24847746650426,73.6470588235294,74.92519449431478
juniperus_seg_homogeneous_20260905_105741,field_work,dense_baseline,50,0.18,S-IoU,1213,327,471,78.76623376623377,72.03087885985748,75.24813895781638
juniperus_seg_homogeneous_20260905_105741,field_work,dense_baseline,50,0.2,S-IoU,1182,306,494,79.43548387096774,70.52505966587113,74.71554993678888
juniperus_seg_homogeneous_20260905_105741,field_work,dense_baseline,50,0.22,S-IoU,1161,281,507,80.5131761442441,69.60431654676259,74.66237942122186
juniperus_seg_homogeneous_20260905_105741,field_work,dense_baseline,50,0.25,S-IoU,1128,251,532,81.79840464104423,67.95180722891565,74.23494570582429
juniperus_seg_homogeneous_20260905_105741,field_work,dense_baseline,50,0.3,S-IoU,1043,207,607,83.44,63.21212121212121,71.93103448275862
juniperus_seg_homogeneous_20260905_105741,field_work,dense_baseline,50,0.35,S-IoU,998,170,652,85.44520547945206,60.484848484848484,70.83037615330022
juniperus_seg_homogeneous_20260905_105741,field_work,dense_baseline,50,0.4,S-IoU,935,140,709,86.9767441860465,56.8734793187348,68.7752850312615
juniperus_seg_homogeneous_20260905_105741,field_work,dense_baseline,50,0.45,S-IoU,874,113,769,88.55116514690982,53.195374315276936,66.4638783269962
juniperus_seg_homogeneous_20260905_105741,field_work,dense_baseline,50,0.5,S-IoU,811,87,844,90.31180400890868,49.003021148036254,63.533098315707
juniperus_seg_homogeneous_20260905_105741,field_work,dense_baseline,50,0.55,S-IoU,743,75,921,90.83129584352079,44.65144230769231,59.87107171635778
juniperus_seg_homogeneous_20260905_105741,field_work,dense_baseline,50,0.6,S-IoU,667,58,1013,92.0,39.70238095238095,55.46777546777546
juniperus_seg_homogeneous_20260905_105741,field_work,dense_baseline,50,0.65,S-IoU,586,52,1102,91.84952978056427,34.71563981042654,50.38693035253654
juniperus_seg_homogeneous_20260905_105741,field_work,dense_baseline,50,0.7,S-IoU,507,40,1199,92.68738574040219,29.718640093786636,45.006657789613854
juniperus_seg_homogeneous_20260905_105741,field_work,dense_baseline,50,0.75,S-IoU,409,23,1316,94.67592592592592,23.71014492753623,37.92304126101067
juniperus_seg_homogeneous_20260905_105741,field_work,dense_baseline,50,0.8,S-IoU,305,15,1431,95.3125,17.569124423963135,29.66926070038911
juniperus_seg_homogeneous_20260905_105741,field_work,dense_baseline,50,0.85,S-IoU,178,7,1574,96.21621621621622,10.159817351598173,18.378936499741865
juniperus_seg_homogeneous_20260905_105741,field_work,dense_baseline,50,0.9,S-IoU,81,1,1681,98.78048780487805,4.597048808172531,8.785249457700651
juniperus_seg_homogeneous_20260905_105741,field_work,btm_forest_ensemble_uniform,50,0.05,S-IoU,2304,2344,89,49.5697074010327,96.28081905557877,65.44524925436728
juniperus_seg_homogeneous_20260905_105741,field_work,btm_forest_ensemble_uniform,50,0.08,S-IoU,2102,1697,108,55.33035009212951,95.11312217194569,69.96172408054585
juniperus_seg_homogeneous_20260905_105741,field_work,btm_forest_ensemble_uniform,50,0.1,S-IoU,2006,1412,123,58.68929198361615,94.2226397369657,72.3273841716243
juniperus_seg_homogeneous_20260905_105741,field_work,btm_forest_ensemble_uniform,50,0.12,S-IoU,1930,1175,131,62.15780998389694,93.64386220281416,74.71931862175765
juniperus_seg_homogeneous_20260905_105741,field_work,btm_forest_ensemble_uniform,50,0.15,S-IoU,1851,970,150,65.61503013115917,92.50374812593704,76.77312318540025
juniperus_seg_homogeneous_20260905_105741,field_work,btm_forest_ensemble_uniform,50,0.18,S-IoU,1773,802,172,68.85436893203884,91.15681233933162,78.45132743362832
juniperus_seg_homogeneous_20260905_105741,field_work,btm_forest_ensemble_uniform,50,0.2,S-IoU,1724,724,190,70.42483660130719,90.07314524555903,79.04630903255388
juniperus_seg_homogeneous_20260905_105741,field_work,btm_forest_ensemble_uniform,50,0.22,S-IoU,1684,655,208,71.99657973492945,89.00634249471459,79.60293074923186
juniperus_seg_homogeneous_20260905_105741,field_work,btm_forest_ensemble_uniform,50,0.25,S-IoU,1622,562,226,74.26739926739927,87.77056277056276,80.45634920634922
juniperus_seg_homogeneous_20260905_105741,field_work,btm_forest_ensemble_uniform,50,0.3,S-IoU,1511,446,278,77.2100153295861,84.460592509782,80.6727175654031
juniperus_seg_homogeneous_20260905_105741,field_work,btm_forest_ensemble_uniform,50,0.35,S-IoU,1431,334,326,81.07648725212464,81.44564598747866,81.26064735945485
juniperus_seg_homogeneous_20260905_105741,field_work,btm_forest_ensemble_uniform,50,0.4,S-IoU,1363,266,367,83.67096378146101,78.78612716763006,81.15510568621613
juniperus_seg_homogeneous_20260905_105741,field_work,btm_forest_ensemble_uniform,50,0.45,S-IoU,1295,212,408,85.93231585932315,76.04227833235467,80.68535825545172
juniperus_seg_homogeneous_20260905_105741,field_work,btm_forest_ensemble_uniform,50,0.5,S-IoU,1219,179,454,87.19599427753934,72.86312014345488,79.38782155649625
juniperus_seg_homogeneous_20260905_105741,field_work,btm_forest_ensemble_uniform,50,0.55,S-IoU,1145,149,508,88.4853168469861,69.2679975801573,77.70614183915848
juniperus_seg_homogeneous_20260905_105741,field_work,btm_forest_ensemble_uniform,50,0.6,S-IoU,1064,120,578,89.86486486486487,64.79902557856273,75.30077848549186
juniperus_seg_homogeneous_20260905_105741,field_work,btm_forest_ensemble_uniform,50,0.65,S-IoU,955,97,684,90.77946768060836,58.26723611958511,70.97733184689706
juniperus_seg_homogeneous_20260905_105741,field_work,btm_forest_ensemble_uniform,50,0.7,S-IoU,852,70,788,92.40780911062907,51.951219512195124,66.5105386416862
juniperus_seg_homogeneous_20260905_105741,field_work,btm_forest_ensemble_uniform,50,0.75,S-IoU,727,46,934,94.04915912031048,43.768813967489464,59.73705834018077
juniperus_seg_homogeneous_20260905_105741,field_work,btm_forest_ensemble_uniform,50,0.8,S-IoU,581,32,1094,94.77977161500816,34.6865671641791,50.78671328671328
juniperus_seg_homogeneous_20260905_105741,field_work,btm_forest_ensemble_uniform,50,0.85,S-IoU,386,14,1333,96.5,22.454915648632927,36.43227937706465
juniperus_seg_homogeneous_20260905_105741,field_work,btm_forest_ensemble_uniform,50,0.9,S-IoU,154,1,1604,99.35483870967742,8.75995449374289,16.100365917407213
juniperus_seg_homogeneous_20260905_105741,field_work,btm_forest_soup,50,0.05,S-IoU,1351,332,378,80.27332144979204,78.13765182186235,79.19109026963659
juniperus_seg_homogeneous_20260905_105741,field_work,btm_forest_soup,50,0.08,S-IoU,1262,247,438,83.63154406891982,74.23529411764706,78.6537862262387
juniperus_seg_homogeneous_20260905_105741,field_work,btm_forest_soup,50,0.1,S-IoU,1217,219,466,84.74930362116991,72.31134878193701,78.03783263866623
juniperus_seg_homogeneous_20260905_105741,field_work,btm_forest_soup,50,0.12,S-IoU,1160,191,513,85.86232420429312,69.3365212193664,76.71957671957672
juniperus_seg_homogeneous_20260905_105741,field_work,btm_forest_soup,50,0.15,S-IoU,1104,166,556,86.92913385826772,66.50602409638554,75.35836177474403
juniperus_seg_homogeneous_20260905_105741,field_work,btm_forest_soup,50,0.18,S-IoU,1066,146,586,87.95379537953795,64.5278450363196,74.4413407821229
juniperus_seg_homogeneous_20260905_105741,field_work,btm_forest_soup,50,0.2,S-IoU,1032,138,613,88.2051282051282,62.73556231003039,73.3214920071048
juniperus_seg_homogeneous_20260905_105741,field_work,btm_forest_soup,50,0.22,S-IoU,1009,126,633,88.89867841409692,61.44945188794153,72.66834713719841
juniperus_seg_homogeneous_20260905_105741,field_work,btm_forest_soup,50,0.25,S-IoU,964,108,679,89.92537313432835,58.67315885575167,71.01289134438305
juniperus_seg_homogeneous_20260905_105741,field_work,btm_forest_soup,50,0.3,S-IoU,895,94,749,90.49544994944388,54.44038929440389,67.98328902392707
juniperus_seg_homogeneous_20260905_105741,field_work,btm_forest_soup,50,0.35,S-IoU,842,74,802,91.92139737991266,51.21654501216545,65.78125
juniperus_seg_homogeneous_20260905_105741,field_work,btm_forest_soup,50,0.4,S-IoU,790,63,856,92.61430246189917,47.9951397326853,63.225290116046416
juniperus_seg_homogeneous_20260905_105741,field_work,btm_forest_soup,50,0.45,S-IoU,728,50,930,93.573264781491,43.90832328106152,59.77011494252873
juniperus_seg_homogeneous_20260905_105741,field_work,btm_forest_soup,50,0.5,S-IoU,665,40,1007,94.32624113475178,39.77272727272727,55.95288178376104
juniperus_seg_homogeneous_20260905_105741,field_work,btm_forest_soup,50,0.55,S-IoU,616,33,1069,94.91525423728814,36.55786350148368,52.784918594687234
juniperus_seg_homogeneous_20260905_105741,field_work,btm_forest_soup,50,0.6,S-IoU,567,25,1130,95.77702702702703,33.41190335886859,49.54128440366972
juniperus_seg_homogeneous_20260905_105741,field_work,btm_forest_soup,50,0.65,S-IoU,484,21,1231,95.84158415841584,28.221574344023324,43.60360360360361
juniperus_seg_homogeneous_20260905_105741,field_work,btm_forest_soup,50,0.7,S-IoU,412,15,1318,96.4871194379391,23.815028901734102,38.20120537783959
juniperus_seg_homogeneous_20260905_105741,field_work,btm_forest_soup,50,0.75,S-IoU,328,7,1416,97.91044776119404,18.807339449541285,31.553631553631554
juniperus_seg_homogeneous_20260905_105741,field_work,btm_forest_soup,50,0.8,S-IoU,228,3,1528,98.7012987012987,12.984054669703873,22.9491696024157
juniperus_seg_homogeneous_20260905_105741,field_work,btm_forest_soup,50,0.85,S-IoU,95,0,1673,100.0,5.373303167420815,10.198604401502953
juniperus_seg_homogeneous_20260905_105741,field_work,btm_forest_soup,50,0.9,S-IoU,2,0,1769,100.0,0.1129305477131564,0.22560631697687533
juniperus_seg_homogeneous_20260905_105741,field_work,random_ensemble,50,0.25,S-IoU,1551,444,263,77.74436090225564,85.50165380374862,81.43869782095038
juniperus_seg_homogeneous_20260905_105741,field_work,random_ensemble,50,0.3,S-IoU,1462,358,303,80.32967032967034,82.8328611898017,81.56206415620643
juniperus_seg_homogeneous_20260905_105741,field_work,random_ensemble,50,0.35,S-IoU,1384,300,344,82.18527315914488,80.0925925925926,81.12543962485346
juniperus_seg_homogeneous_20260905_105741,field_work,random_ensemble,50,0.4,S-IoU,1304,246,396,84.12903225806451,76.70588235294117,80.24615384615385
juniperus_seg_homogeneous_20260905_105741,field_work,random_ensemble,50,0.45,S-IoU,1218,220,453,84.7009735744089,72.89048473967684,78.35316822129302
juniperus_seg_homogeneous_20260905_105741,field_work,random_ensemble,50,0.5,S-IoU,1149,176,515,86.71698113207547,69.05048076923077,76.88190030110404
juniperus_seg_homogeneous_20260905_105741,field_work,random_ensemble,50,0.55,S-IoU,1081,140,571,88.53398853398853,65.4358353510896,75.25234946049426
juniperus_seg_homogeneous_20260905_105741,field_work,random_ensemble,50,0.6,S-IoU,999,115,647,89.67684021543985,60.692588092345076,72.3913043478261
juniperus_seg_homogeneous_20260905_105741,field_work,random_ensemble,50,0.65,S-IoU,916,90,725,91.05367793240556,55.819622181596586,69.21042689837552
juniperus_seg_homogeneous_20260905_105741,field_work,random_ensemble,50,0.7,S-IoU,807,65,861,92.54587155963303,48.381294964028775,63.54330708661416
juniperus_seg_homogeneous_20260905_105741,field_work,random_ensemble,50,0.75,S-IoU,679,45,996,93.78453038674033,40.537313432835816,56.60691954981242
juniperus_seg_homogeneous_20260905_105741,field_work,random_ensemble,50,0.8,S-IoU,544,28,1161,95.1048951048951,31.906158357771265,47.78216952129996
juniperus_seg_homogeneous_20260905_105741,field_work,random_ensemble,50,0.85,S-IoU,358,11,1376,97.01897018970189,20.645905420991927,34.046600095102235
juniperus_seg_homogeneous_20260905_105741,field_work,random_ensemble,50,0.9,S-IoU,140,0,1625,100.0,7.932011331444759,14.698162729658792
juniperus_seg_homogeneous_20260905_105741,field_work,btm_forest_ensemble_weighted,50,0.02,S-IoU,2226,2101,96,51.444418765888614,95.8656330749354,66.95743720860281
juniperus_seg_homogeneous_20260905_105741,field_work,btm_forest_ensemble_weighted,50,0.05,S-IoU,1851,977,148,65.45261669024045,92.59629814907454,76.69359850839031
juniperus_seg_homogeneous_20260905_105741,field_work,btm_forest_ensemble_weighted,50,0.08,S-IoU,1656,593,215,73.63272565584704,88.50881881346874,80.38834951456312
juniperus_seg_homogeneous_20260905_105741,field_work,btm_forest_ensemble_weighted,50,0.1,S-IoU,1521,456,268,76.93474962063733,85.01956400223588,80.77535847052577
juniperus_seg_homogeneous_20260905_105741,field_work,btm_forest_ensemble_weighted,50,0.12,S-IoU,1422,322,326,81.53669724770643,81.35011441647598,81.44329896907216
juniperus_seg_homogeneous_20260905_105741,field_work,btm_forest_ensemble_weighted,50,0.15,S-IoU,1305,218,399,85.68614576493762,76.58450704225352,80.88007437248218
juniperus_seg_homogeneous_20260905_105741,field_work,btm_forest_ensemble_weighted,50,0.18,S-IoU,1171,157,489,88.17771084337349,70.54216867469879,78.38018741633199
juniperus_seg_homogeneous_20260905_105741,field_work,btm_forest_ensemble_weighted,50,0.2,S-IoU,1070,126,569,89.4648829431438,65.2837095790116,75.48500881834215
juniperus_seg_homogeneous_20260905_105741,field_work,btm_forest_ensemble_weighted,50,0.22,S-IoU,942,94,695,90.92664092664093,57.544288332315205,70.48260381593715
juniperus_seg_homogeneous_20260905_105741,field_work,btm_forest_ensemble_weighted,50,0.25,S-IoU,734,49,924,93.74201787994892,44.27020506634499,60.139287177386315
juniperus_seg_homogeneous_20260905_105741,field_work,btm_forest_ensemble_weighted,50,0.3,S-IoU,171,1,1590,99.4186046511628,9.710391822827939,17.692705638903263
juniperus_seg_homogeneous_20260905_105741,field_work,btm_forest_ensemble_weighted,50,0.35,S-IoU,0,0,1771,0.0,0.0,0.0
juniperus_seg_homogeneous_20260905_105741,field_work,btm_forest_ensemble_weighted,50,0.4,S-IoU,0,0,1771,0.0,0.0,0.0
juniperus_seg_homogeneous_20260905_105741,field_work,btm_forest_ensemble_weighted,50,0.45,S-IoU,0,0,1771,0.0,0.0,0.0
juniperus_seg_homogeneous_20260905_105741,field_work,btm_forest_ensemble_weighted,50,0.5,S-IoU,0,0,1771,0.0,0.0,0.0
juniperus_seg_homogeneous_20260905_105741,field_work,btm_forest_ensemble_weighted,50,0.55,S-IoU,0,0,1771,0.0,0.0,0.0
juniperus_seg_homogeneous_20260905_105741,field_work,btm_forest_ensemble_weighted,50,0.6,S-IoU,0,0,1771,0.0,0.0,0.0
juniperus_seg_homogeneous_20260905_105741,field_work,btm_forest_ensemble_weighted,50,0.65,S-IoU,0,0,1771,0.0,0.0,0.0
juniperus_seg_homogeneous_20260905_105741,field_work,btm_forest_ensemble_weighted,50,0.7,S-IoU,0,0,1771,0.0,0.0,0.0
juniperus_seg_homogeneous_20260905_105741,field_work,btm_forest_ensemble_weighted,50,0.75,S-IoU,0,0,1771,0.0,0.0,0.0
juniperus_seg_homogeneous_20260905_105741,field_work,btm_forest_ensemble_weighted,50,0.8,S-IoU,0,0,1771,0.0,0.0,0.0
juniperus_seg_homogeneous_20260905_105741,field_work,btm_forest_ensemble_weighted,50,0.85,S-IoU,0,0,1771,0.0,0.0,0.0
juniperus_seg_homogeneous_20260905_105741,field_work,btm_forest_ensemble_weighted,50,0.9,S-IoU,0,0,1771,0.0,0.0,0.0
juniperus_seg_heterogeneous_20260905_111758,test,dense_baseline,50,0.25,S-IoU,587,121,60,82.90960451977402,90.72642967542504,86.64206642066421
juniperus_seg_heterogeneous_20260905_111758,test,dense_baseline,50,0.3,S-IoU,575,105,71,84.55882352941177,89.00928792569658,86.72699849170438
juniperus_seg_heterogeneous_20260905_111758,test,dense_baseline,50,0.35,S-IoU,561,95,83,85.51829268292683,87.11180124223603,86.3076923076923
juniperus_seg_heterogeneous_20260905_111758,test,dense_baseline,50,0.4,S-IoU,550,72,96,88.42443729903538,85.13931888544892,86.75078864353313
juniperus_seg_heterogeneous_20260905_111758,test,dense_baseline,50,0.45,S-IoU,533,54,115,90.80068143100512,82.25308641975309,86.3157894736842
juniperus_seg_heterogeneous_20260905_111758,test,dense_baseline,50,0.5,S-IoU,512,43,134,92.25225225225225,79.25696594427245,85.26228143213987
juniperus_seg_heterogeneous_20260905_111758,test,dense_baseline,50,0.55,S-IoU,489,35,156,93.32061068702289,75.81395348837209,83.66124893071
juniperus_seg_heterogeneous_20260905_111758,test,dense_baseline,50,0.6,S-IoU,458,24,193,95.0207468879668,70.35330261136713,80.84730803177405
juniperus_seg_heterogeneous_20260905_111758,test,dense_baseline,50,0.65,S-IoU,425,21,231,95.2914798206278,64.78658536585365,77.13248638838476
juniperus_seg_heterogeneous_20260905_111758,test,dense_baseline,50,0.7,S-IoU,380,12,285,96.93877551020408,57.14285714285714,71.90160832544937
juniperus_seg_heterogeneous_20260905_111758,test,dense_baseline,50,0.75,S-IoU,314,7,360,97.81931464174455,46.58753709198813,63.11557788944723
juniperus_seg_heterogeneous_20260905_111758,test,dense_baseline,50,0.8,S-IoU,245,4,435,98.39357429718876,36.029411764705884,52.7448869752422
juniperus_seg_heterogeneous_20260905_111758,test,dense_baseline,50,0.85,S-IoU,166,1,517,99.40119760479041,24.30453879941435,39.05882352941176
juniperus_seg_heterogeneous_20260905_111758,test,dense_baseline,50,0.9,S-IoU,85,0,602,100.0,12.372634643377003,22.020725388601033
juniperus_seg_heterogeneous_20260905_111758,test,btm_forest_ensemble_uniform,50,0.25,S-IoU,707,231,17,75.3731343283582,97.65193370165746,85.07821901323706
juniperus_seg_heterogeneous_20260905_111758,test,btm_forest_ensemble_uniform,50,0.3,S-IoU,691,195,21,77.99097065462755,97.0505617977528,86.4831038798498
juniperus_seg_heterogeneous_20260905_111758,test,btm_forest_ensemble_uniform,50,0.35,S-IoU,671,155,24,81.23486682808718,96.54676258992806,88.23142669296516
juniperus_seg_heterogeneous_20260905_111758,test,btm_forest_ensemble_uniform,50,0.4,S-IoU,651,130,31,83.35467349551855,95.45454545454545,88.99521531100477
juniperus_seg_heterogeneous_20260905_111758,test,btm_forest_ensemble_uniform,50,0.45,S-IoU,639,111,34,85.2,94.94799405646359,89.8102600140548
juniperus_seg_heterogeneous_20260905_111758,test,btm_forest_ensemble_uniform,50,0.5,S-IoU,624,93,45,87.02928870292888,93.27354260089686,90.04329004329004
juniperus_seg_heterogeneous_20260905_111758,test,btm_forest_ensemble_uniform,50,0.55,S-IoU,606,70,63,89.64497041420118,90.5829596412556,90.11152416356877
juniperus_seg_heterogeneous_20260905_111758,test,btm_forest_ensemble_uniform,50,0.6,S-IoU,588,53,81,91.73166926677067,87.89237668161435,89.7709923664122
juniperus_seg_heterogeneous_20260905_111758,test,btm_forest_ensemble_uniform,50,0.65,S-IoU,557,36,109,93.929173693086,83.63363363363364,88.48292295472598
juniperus_seg_heterogeneous_20260905_111758,test,btm_forest_ensemble_uniform,50,0.7,S-IoU,528,24,134,95.65217391304348,79.7583081570997,86.9851729818781
juniperus_seg_heterogeneous_20260905_111758,test,btm_forest_ensemble_uniform,50,0.75,S-IoU,469,15,192,96.900826446281,70.95310136157337,81.92139737991266
juniperus_seg_heterogeneous_20260905_111758,test,btm_forest_ensemble_uniform,50,0.8,S-IoU,392,9,269,97.75561097256858,59.30408472012103,73.82297551789078
juniperus_seg_heterogeneous_20260905_111758,test,btm_forest_ensemble_uniform,50,0.85,S-IoU,272,7,399,97.4910394265233,40.536512667660205,57.263157894736835
juniperus_seg_heterogeneous_20260905_111758,test,btm_forest_ensemble_uniform,50,0.9,S-IoU,117,3,565,97.5,17.155425219941346,29.177057356608476
juniperus_seg_heterogeneous_20260905_111758,test,random_ensemble,50,0.25,S-IoU,714,273,17,72.3404255319149,97.67441860465115,83.1199068684517
juniperus_seg_heterogeneous_20260905_111758,test,random_ensemble,50,0.3,S-IoU,700,229,19,75.34983853606028,97.35744089012516,84.9514563106796
juniperus_seg_heterogeneous_20260905_111758,test,random_ensemble,50,0.35,S-IoU,684,189,20,78.35051546391753,97.1590909090909,86.74698795180723
juniperus_seg_heterogeneous_20260905_111758,test,random_ensemble,50,0.4,S-IoU,670,160,25,80.72289156626506,96.40287769784173,87.8688524590164
juniperus_seg_heterogeneous_20260905_111758,test,random_ensemble,50,0.45,S-IoU,652,131,35,83.26947637292464,94.90538573508006,88.70748299319729
juniperus_seg_heterogeneous_20260905_111758,test,random_ensemble,50,0.5,S-IoU,631,97,45,86.67582417582418,93.34319526627219,89.88603988603988
juniperus_seg_heterogeneous_20260905_111758,test,random_ensemble,50,0.55,S-IoU,614,69,59,89.89751098096632,91.2332838038633,90.56047197640117
juniperus_seg_heterogeneous_20260905_111758,test,random_ensemble,50,0.6,S-IoU,590,53,84,91.75738724727839,87.53709198813057,89.59757023538344
juniperus_seg_heterogeneous_20260905_111758,test,random_ensemble,50,0.65,S-IoU,560,40,103,93.33333333333333,84.46455505279035,88.67775138558986
juniperus_seg_heterogeneous_20260905_111758,test,random_ensemble,50,0.7,S-IoU,522,29,139,94.73684210526315,78.9712556732224,86.13861386138613
juniperus_seg_heterogeneous_20260905_111758,test,random_ensemble,50,0.75,S-IoU,472,14,191,97.11934156378601,71.19155354449472,82.15839860748476
juniperus_seg_heterogeneous_20260905_111758,test,random_ensemble,50,0.8,S-IoU,399,10,268,97.55501222493888,59.820089955022496,74.1635687732342
juniperus_seg_heterogeneous_20260905_111758,test,random_ensemble,50,0.85,S-IoU,284,6,391,97.93103448275862,42.074074074074076,58.86010362694301
juniperus_seg_heterogeneous_20260905_111758,test,random_ensemble,50,0.9,S-IoU,134,2,548,98.52941176470588,19.64809384164223,32.76283618581907
juniperus_seg_heterogeneous_20260905_111758,test,btm_forest_ensemble_weighted,50,0.1,S-IoU,688,199,20,77.56482525366404,97.17514124293785,86.26959247648904
juniperus_seg_heterogeneous_20260905_111758,test,btm_forest_ensemble_weighted,50,0.12,S-IoU,664,157,23,80.87697929354447,96.65211062590974,88.06366047745358
juniperus_seg_heterogeneous_20260905_111758,test,btm_forest_ensemble_weighted,50,0.15,S-IoU,636,118,33,84.3501326259947,95.06726457399103,89.3886156008433
juniperus_seg_heterogeneous_20260905_111758,test,btm_forest_ensemble_weighted,50,0.18,S-IoU,608,79,57,88.50072780203784,91.42857142857143,89.94082840236686
juniperus_seg_heterogeneous_20260905_111758,test,btm_forest_ensemble_weighted,50,0.2,S-IoU,587,56,79,91.29082426127528,88.13813813813813,89.68678380443085
juniperus_seg_heterogeneous_20260905_111758,test,btm_forest_ensemble_weighted,50,0.22,S-IoU,547,39,111,93.34470989761093,83.1306990881459,87.94212218649517
juniperus_seg_heterogeneous_20260905_111758,test,btm_forest_ensemble_weighted,50,0.25,S-IoU,482,19,179,96.20758483033931,72.91981845688352,82.960413080895
juniperus_seg_heterogeneous_20260905_111758,test,btm_forest_ensemble_weighted,50,0.3,S-IoU,168,5,513,97.10982658959537,24.669603524229075,39.344262295081975
juniperus_seg_heterogeneous_20260905_111758,test,btm_forest_ensemble_weighted,50,0.35,S-IoU,0,0,690,0.0,0.0,0.0
juniperus_seg_heterogeneous_20260905_111758,test,btm_forest_ensemble_weighted,50,0.4,S-IoU,0,0,690,0.0,0.0,0.0
juniperus_seg_heterogeneous_20260905_111758,test,btm_forest_ensemble_weighted,50,0.45,S-IoU,0,0,690,0.0,0.0,0.0
juniperus_seg_heterogeneous_20260905_111758,test,btm_forest_ensemble_weighted,50,0.5,S-IoU,0,0,690,0.0,0.0,0.0
juniperus_seg_heterogeneous_20260905_111758,test,btm_forest_ensemble_weighted,50,0.55,S-IoU,0,0,690,0.0,0.0,0.0
juniperus_seg_heterogeneous_20260905_111758,test,btm_forest_ensemble_weighted,50,0.6,S-IoU,0,0,690,0.0,0.0,0.0
juniperus_seg_heterogeneous_20260905_111758,test,btm_forest_ensemble_weighted,50,0.65,S-IoU,0,0,690,0.0,0.0,0.0
juniperus_seg_heterogeneous_20260905_111758,test,btm_forest_ensemble_weighted,50,0.7,S-IoU,0,0,690,0.0,0.0,0.0
juniperus_seg_heterogeneous_20260905_111758,test,btm_forest_ensemble_weighted,50,0.75,S-IoU,0,0,690,0.0,0.0,0.0
juniperus_seg_heterogeneous_20260905_111758,test,btm_forest_ensemble_weighted,50,0.8,S-IoU,0,0,690,0.0,0.0,0.0
juniperus_seg_heterogeneous_20260905_111758,test,btm_forest_ensemble_weighted,50,0.85,S-IoU,0,0,690,0.0,0.0,0.0
juniperus_seg_heterogeneous_20260905_111758,test,btm_forest_ensemble_weighted,50,0.9,S-IoU,0,0,690,0.0,0.0,0.0
juniperus_seg_heterogeneous_20260905_111758,field_work,dense_baseline,50,0.25,S-IoU,1128,251,532,81.79840464104423,67.95180722891565,74.23494570582429
juniperus_seg_heterogeneous_20260905_111758,field_work,dense_baseline,50,0.3,S-IoU,1043,207,607,83.44,63.21212121212121,71.93103448275862
juniperus_seg_heterogeneous_20260905_111758,field_work,dense_baseline,50,0.35,S-IoU,998,170,652,85.44520547945206,60.484848484848484,70.83037615330022
juniperus_seg_heterogeneous_20260905_111758,field_work,dense_baseline,50,0.4,S-IoU,935,140,709,86.9767441860465,56.8734793187348,68.7752850312615
juniperus_seg_heterogeneous_20260905_111758,field_work,dense_baseline,50,0.45,S-IoU,874,113,769,88.55116514690982,53.195374315276936,66.4638783269962
juniperus_seg_heterogeneous_20260905_111758,field_work,dense_baseline,50,0.5,S-IoU,811,87,844,90.31180400890868,49.003021148036254,63.533098315707
juniperus_seg_heterogeneous_20260905_111758,field_work,dense_baseline,50,0.55,S-IoU,743,75,921,90.83129584352079,44.65144230769231,59.87107171635778
juniperus_seg_heterogeneous_20260905_111758,field_work,dense_baseline,50,0.6,S-IoU,667,58,1013,92.0,39.70238095238095,55.46777546777546
juniperus_seg_heterogeneous_20260905_111758,field_work,dense_baseline,50,0.65,S-IoU,586,52,1102,91.84952978056427,34.71563981042654,50.38693035253654
juniperus_seg_heterogeneous_20260905_111758,field_work,dense_baseline,50,0.7,S-IoU,507,40,1199,92.68738574040219,29.718640093786636,45.006657789613854
juniperus_seg_heterogeneous_20260905_111758,field_work,dense_baseline,50,0.75,S-IoU,409,23,1316,94.67592592592592,23.71014492753623,37.92304126101067
juniperus_seg_heterogeneous_20260905_111758,field_work,dense_baseline,50,0.8,S-IoU,305,15,1431,95.3125,17.569124423963135,29.66926070038911
juniperus_seg_heterogeneous_20260905_111758,field_work,dense_baseline,50,0.85,S-IoU,178,7,1574,96.21621621621622,10.159817351598173,18.378936499741865
juniperus_seg_heterogeneous_20260905_111758,field_work,dense_baseline,50,0.9,S-IoU,81,1,1681,98.78048780487805,4.597048808172531,8.785249457700651
juniperus_seg_heterogeneous_20260905_111758,field_work,btm_forest_ensemble_uniform,50,0.25,S-IoU,1493,395,280,79.07838983050848,84.20755781161873,81.56241464080853
juniperus_seg_heterogeneous_20260905_111758,field_work,btm_forest_ensemble_uniform,50,0.3,S-IoU,1418,324,304,81.40068886337542,82.34610917537746,81.87066974595842
juniperus_seg_heterogeneous_20260905_111758,field_work,btm_forest_ensemble_uniform,50,0.35,S-IoU,1345,270,336,83.28173374613003,80.0118976799524,81.61407766990291
juniperus_seg_heterogeneous_20260905_111758,field_work,btm_forest_ensemble_uniform,50,0.4,S-IoU,1281,224,367,85.11627906976744,77.73058252427184,81.25594671741199
juniperus_seg_heterogeneous_20260905_111758,field_work,btm_forest_ensemble_uniform,50,0.45,S-IoU,1215,183,411,86.9098712446352,74.72324723247232,80.35714285714286
juniperus_seg_heterogeneous_20260905_111758,field_work,btm_forest_ensemble_uniform,50,0.5,S-IoU,1158,154,457,88.26219512195121,71.70278637770899,79.12538435257943
juniperus_seg_heterogeneous_20260905_111758,field_work,btm_forest_ensemble_uniform,50,0.55,S-IoU,1075,127,537,89.43427620632279,66.68734491315136,76.40369580668089
juniperus_seg_heterogeneous_20260905_111758,field_work,btm_forest_ensemble_uniform,50,0.6,S-IoU,997,107,614,90.30797101449275,61.88702669149596,73.4438305709024
juniperus_seg_heterogeneous_20260905_111758,field_work,btm_forest_ensemble_uniform,50,0.65,S-IoU,899,80,723,91.82839632277835,55.42540073982737,69.1272587466359
juniperus_seg_heterogeneous_20260905_111758,field_work,btm_forest_ensemble_uniform,50,0.7,S-IoU,803,59,823,93.15545243619489,49.384993849938496,64.54983922829581
juniperus_seg_heterogeneous_20260905_111758,field_work,btm_forest_ensemble_uniform,50,0.75,S-IoU,692,42,969,94.27792915531336,41.66164960866948,57.78705636743216
juniperus_seg_heterogeneous_20260905_111758,field_work,btm_forest_ensemble_uniform,50,0.8,S-IoU,531,21,1166,96.19565217391305,31.29051266941662,47.22098710538018
juniperus_seg_heterogeneous_20260905_111758,field_work,btm_forest_ensemble_uniform,50,0.85,S-IoU,318,9,1410,97.24770642201835,18.40277777777778,30.948905109489054
juniperus_seg_heterogeneous_20260905_111758,field_work,btm_forest_ensemble_uniform,50,0.9,S-IoU,116,1,1644,99.14529914529915,6.59090909090909,12.360149174214172
juniperus_seg_heterogeneous_20260905_111758,field_work,random_ensemble,50,0.25,S-IoU,1645,452,228,78.44539818788746,87.82701548318205,82.87153652392948
juniperus_seg_heterogeneous_20260905_111758,field_work,random_ensemble,50,0.3,S-IoU,1535,363,272,80.87460484720759,84.94742667404537,82.86099865047233
juniperus_seg_heterogeneous_20260905_111758,field_work,random_ensemble,50,0.35,S-IoU,1434,296,319,82.89017341040463,81.80262407301768,82.34280792420327
juniperus_seg_heterogeneous_20260905_111758,field_work,random_ensemble,50,0.4,S-IoU,1354,235,358,85.21082441787287,79.08878504672897,82.0357467434111
juniperus_seg_heterogeneous_20260905_111758,field_work,random_ensemble,50,0.45,S-IoU,1281,185,400,87.3806275579809,76.20464009518145,81.41086749285034
juniperus_seg_heterogeneous_20260905_111758,field_work,random_ensemble,50,0.5,S-IoU,1201,155,458,88.5693215339233,72.39300783604581,79.66832504145935
juniperus_seg_heterogeneous_20260905_111758,field_work,random_ensemble,50,0.55,S-IoU,1135,129,514,89.79430379746836,68.82959369314736,77.92653621695847
juniperus_seg_heterogeneous_20260905_111758,field_work,random_ensemble,50,0.6,S-IoU,1047,106,596,90.80659150043365,63.72489348752283,74.89270386266095
juniperus_seg_heterogeneous_20260905_111758,field_work,random_ensemble,50,0.65,S-IoU,942,80,690,92.17221135029354,57.720588235294116,70.98718914845516
juniperus_seg_heterogeneous_20260905_111758,field_work,random_ensemble,50,0.7,S-IoU,833,62,803,93.07262569832402,50.91687041564792,65.82378506519161
juniperus_seg_heterogeneous_20260905_111758,field_work,random_ensemble,50,0.75,S-IoU,697,39,962,94.70108695652173,42.013261000602775,58.20459290187892
juniperus_seg_heterogeneous_20260905_111758,field_work,random_ensemble,50,0.8,S-IoU,524,24,1163,95.62043795620438,31.06105512744517,46.89038031319911
juniperus_seg_heterogeneous_20260905_111758,field_work,random_ensemble,50,0.85,S-IoU,338,13,1384,96.29629629629629,19.628339140534262,32.609744331886155
juniperus_seg_heterogeneous_20260905_111758,field_work,random_ensemble,50,0.9,S-IoU,116,4,1639,96.66666666666667,6.6096866096866105,12.373333333333337
juniperus_seg_heterogeneous_20260905_111758,field_work,btm_forest_ensemble_weighted,50,0.1,S-IoU,1425,328,301,81.28921848260126,82.56083429895713,81.92009198045417
juniperus_seg_heterogeneous_20260905_111758,field_work,btm_forest_ensemble_weighted,50,0.12,S-IoU,1336,260,338,83.70927318295739,79.80884109916367,81.71253822629969
juniperus_seg_heterogeneous_20260905_111758,field_work,btm_forest_ensemble_weighted,50,0.15,S-IoU,1225,184,402,86.94109297374024,75.2919483712354,80.69828722002636
juniperus_seg_heterogeneous_20260905_111758,field_work,btm_forest_ensemble_weighted,50,0.18,S-IoU,1110,136,501,89.08507223113965,68.90130353817506,77.70388519425973
juniperus_seg_heterogeneous_20260905_111758,field_work,btm_forest_ensemble_weighted,50,0.2,S-IoU,1012,104,601,90.68100358422939,62.740235585864845,74.16636130450713
juniperus_seg_heterogeneous_20260905_111758,field_work,btm_forest_ensemble_weighted,50,0.22,S-IoU,897,77,724,92.09445585215606,55.33621221468229,69.13294797687861
juniperus_seg_heterogeneous_20260905_111758,field_work,btm_forest_ensemble_weighted,50,0.25,S-IoU,711,45,942,94.04761904761905,43.01270417422868,59.02864259028643
juniperus_seg_heterogeneous_20260905_111758,field_work,btm_forest_ensemble_weighted,50,0.3,S-IoU,167,1,1581,99.40476190476191,9.553775743707094,17.4321503131524
juniperus_seg_heterogeneous_20260905_111758,field_work,btm_forest_ensemble_weighted,50,0.35,S-IoU,0,0,1771,0.0,0.0,0.0
juniperus_seg_heterogeneous_20260905_111758,field_work,btm_forest_ensemble_weighted,50,0.4,S-IoU,0,0,1771,0.0,0.0,0.0
juniperus_seg_heterogeneous_20260905_111758,field_work,btm_forest_ensemble_weighted,50,0.45,S-IoU,0,0,1771,0.0,0.0,0.0
juniperus_seg_heterogeneous_20260905_111758,field_work,btm_forest_ensemble_weighted,50,0.5,S-IoU,0,0,1771,0.0,0.0,0.0
juniperus_seg_heterogeneous_20260905_111758,field_work,btm_forest_ensemble_weighted,50,0.55,S-IoU,0,0,1771,0.0,0.0,0.0
juniperus_seg_heterogeneous_20260905_111758,field_work,btm_forest_ensemble_weighted,50,0.6,S-IoU,0,0,1771,0.0,0.0,0.0
juniperus_seg_heterogeneous_20260905_111758,field_work,btm_forest_ensemble_weighted,50,0.65,S-IoU,0,0,1771,0.0,0.0,0.0
juniperus_seg_heterogeneous_20260905_111758,field_work,btm_forest_ensemble_weighted,50,0.7,S-IoU,0,0,1771,0.0,0.0,0.0
juniperus_seg_heterogeneous_20260905_111758,field_work,btm_forest_ensemble_weighted,50,0.75,S-IoU,0,0,1771,0.0,0.0,0.0
juniperus_seg_heterogeneous_20260905_111758,field_work,btm_forest_ensemble_weighted,50,0.8,S-IoU,0,0,1771,0.0,0.0,0.0
juniperus_seg_heterogeneous_20260905_111758,field_work,btm_forest_ensemble_weighted,50,0.85,S-IoU,0,0,1771,0.0,0.0,0.0
juniperus_seg_heterogeneous_20260905_111758,field_work,btm_forest_ensemble_weighted,50,0.9,S-IoU,0,0,1771,0.0,0.0,0.0
juniperus_seg_by_size_20260830_202803,test,dense_baseline,50,0.25,S-IoU,624,165,23,79.08745247148289,96.44513137557959,86.90807799442896
juniperus_seg_by_size_20260830_202803,test,dense_baseline,50,0.3,S-IoU,615,141,28,81.34920634920636,95.64541213063764,87.91994281629736
juniperus_seg_by_size_20260830_202803,test,dense_baseline,50,0.35,S-IoU,605,117,35,83.79501385041551,94.53125,88.83994126284875
juniperus_seg_by_size_20260830_202803,test,dense_baseline,50,0.4,S-IoU,597,98,43,85.89928057553958,93.28125,89.43820224719101
juniperus_seg_by_size_20260830_202803,test,dense_baseline,50,0.45,S-IoU,585,81,54,87.83783783783784,91.54929577464789,89.65517241379311
juniperus_seg_by_size_20260830_202803,test,dense_baseline,50,0.5,S-IoU,578,68,60,89.47368421052632,90.59561128526646,90.03115264797509
juniperus_seg_by_size_20260830_202803,test,dense_baseline,50,0.55,S-IoU,566,58,72,90.7051282051282,88.71473354231975,89.69889064976229
juniperus_seg_by_size_20260830_202803,test,dense_baseline,50,0.6,S-IoU,553,40,90,93.25463743676222,86.00311041990669,89.4822006472492
juniperus_seg_by_size_20260830_202803,test,dense_baseline,50,0.65,S-IoU,534,30,111,94.68085106382979,82.7906976744186,88.33746898263027
juniperus_seg_by_size_20260830_202803,test,dense_baseline,50,0.7,S-IoU,503,18,150,96.54510556621881,77.0290964777948,85.68994889267462
juniperus_seg_by_size_20260830_202803,test,dense_baseline,50,0.75,S-IoU,454,11,206,97.63440860215053,68.78787878787878,80.71111111111111
juniperus_seg_by_size_20260830_202803,test,dense_baseline,50,0.8,S-IoU,380,7,289,98.19121447028424,56.80119581464873,71.96969696969697
juniperus_seg_by_size_20260830_202803,test,dense_baseline,50,0.85,S-IoU,269,6,409,97.81818181818181,39.67551622418879,56.4533053515215
juniperus_seg_by_size_20260830_202803,test,dense_baseline,50,0.9,S-IoU,99,2,586,98.01980198019803,14.452554744525548,25.190839694656486
juniperus_seg_by_size_20260830_202803,test,btm_forest_ensemble_uniform,50,0.25,S-IoU,618,133,53,82.29027962716378,92.10134128166915,86.91983122362869
juniperus_seg_by_size_20260830_202803,test,btm_forest_ensemble_uniform,50,0.3,S-IoU,599,100,62,85.69384835479255,90.62027231467474,88.08823529411764
juniperus_seg_by_size_20260830_202803,test,btm_forest_ensemble_uniform,50,0.35,S-IoU,578,76,82,88.37920489296636,87.57575757575758,87.97564687975648
juniperus_seg_by_size_20260830_202803,test,btm_forest_ensemble_uniform,50,0.4,S-IoU,555,56,106,90.83469721767594,83.96369137670196,87.26415094339622
juniperus_seg_by_size_20260830_202803,test,btm_forest_ensemble_uniform,50,0.45,S-IoU,523,43,138,92.40282685512368,79.12254160363086,85.24857375713121
juniperus_seg_by_size_20260830_202803,test,btm_forest_ensemble_uniform,50,0.5,S-IoU,498,34,164,93.60902255639097,75.22658610271903,83.41708542713567
juniperus_seg_by_size_20260830_202803,test,btm_forest_ensemble_uniform,50,0.55,S-IoU,465,30,195,93.93939393939394,70.45454545454545,80.51948051948052
juniperus_seg_by_size_20260830_202803,test,btm_forest_ensemble_uniform,50,0.6,S-IoU,431,22,232,95.14348785871964,65.00754147812971,77.24014336917561
juniperus_seg_by_size_20260830_202803,test,btm_forest_ensemble_uniform,50,0.65,S-IoU,399,17,264,95.91346153846155,60.18099547511312,73.95736793327154
juniperus_seg_by_size_20260830_202803,test,btm_forest_ensemble_uniform,50,0.7,S-IoU,348,14,320,96.13259668508287,52.09580838323353,67.57281553398057
juniperus_seg_by_size_20260830_202803,test,btm_forest_ensemble_uniform,50,0.75,S-IoU,295,12,377,96.09120521172639,43.898809523809526,60.26557711950969
juniperus_seg_by_size_20260830_202803,test,btm_forest_ensemble_uniform,50,0.8,S-IoU,244,7,434,97.21115537848605,35.9882005899705,52.529601722282024
juniperus_seg_by_size_20260830_202803,test,btm_forest_ensemble_uniform,50,0.85,S-IoU,173,3,511,98.29545454545455,25.292397660818715,40.23255813953489
juniperus_seg_by_size_20260830_202803,test,btm_forest_ensemble_uniform,50,0.9,S-IoU,74,0,614,100.0,10.755813953488373,19.42257217847769
juniperus_seg_by_size_20260830_202803,test,btm_forest_soup,50,0.25,S-IoU,173,4,514,97.74011299435028,25.181950509461426,40.046296296296305
juniperus_seg_by_size_20260830_202803,test,btm_forest_soup,50,0.3,S-IoU,137,1,552,99.27536231884058,19.88388969521045,33.13180169286578
juniperus_seg_by_size_20260830_202803,test,btm_forest_soup,50,0.35,S-IoU,101,1,588,99.01960784313727,14.658925979680696,25.537294563843233
juniperus_seg_by_size_20260830_202803,test,btm_forest_soup,50,0.4,S-IoU,67,0,623,100.0,9.710144927536232,17.701453104359313
juniperus_seg_by_size_20260830_202803,test,btm_forest_soup,50,0.45,S-IoU,36,0,654,100.0,5.217391304347826,9.917355371900827
juniperus_seg_by_size_20260830_202803,test,btm_forest_soup,50,0.5,S-IoU,23,0,667,100.0,3.3333333333333335,6.451612903225806
juniperus_seg_by_size_20260830_202803,test,btm_forest_soup,50,0.55,S-IoU,14,0,676,100.0,2.0289855072463765,3.977272727272727
juniperus_seg_by_size_20260830_202803,test,btm_forest_soup,50,0.6,S-IoU,5,0,685,100.0,0.7246376811594203,1.4388489208633093
juniperus_seg_by_size_20260830_202803,test,btm_forest_soup,50,0.65,S-IoU,2,0,688,100.0,0.2898550724637681,0.5780346820809248
juniperus_seg_by_size_20260830_202803,test,btm_forest_soup,50,0.7,S-IoU,0,0,690,0.0,0.0,0.0
juniperus_seg_by_size_20260830_202803,test,btm_forest_soup,50,0.75,S-IoU,0,0,690,0.0,0.0,0.0
juniperus_seg_by_size_20260830_202803,test,btm_forest_soup,50,0.8,S-IoU,0,0,690,0.0,0.0,0.0
juniperus_seg_by_size_20260830_202803,test,btm_forest_soup,50,0.85,S-IoU,0,0,690,0.0,0.0,0.0
juniperus_seg_by_size_20260830_202803,test,btm_forest_soup,50,0.9,S-IoU,0,0,690,0.0,0.0,0.0
juniperus_seg_by_size_20260830_202803,test,random_ensemble,50,0.25,S-IoU,544,86,106,86.34920634920636,83.6923076923077,85.00000000000001
juniperus_seg_by_size_20260830_202803,test,random_ensemble,50,0.3,S-IoU,499,53,154,90.39855072463769,76.41653905053599,82.82157676348548
juniperus_seg_by_size_20260830_202803,test,random_ensemble,50,0.35,S-IoU,418,23,254,94.7845804988662,62.202380952380956,75.11230907457322
juniperus_seg_by_size_20260830_202803,test,random_ensemble,50,0.4,S-IoU,321,10,356,96.97885196374622,47.41506646971935,63.6904761904762
juniperus_seg_by_size_20260830_202803,test,random_ensemble,50,0.45,S-IoU,174,7,510,96.13259668508287,25.438596491228072,40.23121387283236
juniperus_seg_by_size_20260830_202803,test,random_ensemble,50,0.5,S-IoU,94,1,595,98.94736842105263,13.642960812772134,23.97959183673469
juniperus_seg_by_size_20260830_202803,test,random_ensemble,50,0.55,S-IoU,50,1,639,98.0392156862745,7.256894049346879,13.513513513513514
juniperus_seg_by_size_20260830_202803,test,random_ensemble,50,0.6,S-IoU,14,0,676,100.0,2.0289855072463765,3.977272727272727
juniperus_seg_by_size_20260830_202803,test,random_ensemble,50,0.65,S-IoU,3,0,687,100.0,0.43478260869565216,0.8658008658008658
juniperus_seg_by_size_20260830_202803,test,random_ensemble,50,0.7,S-IoU,0,0,690,0.0,0.0,0.0
juniperus_seg_by_size_20260830_202803,test,random_ensemble,50,0.75,S-IoU,0,0,690,0.0,0.0,0.0
juniperus_seg_by_size_20260830_202803,test,random_ensemble,50,0.8,S-IoU,0,0,690,0.0,0.0,0.0
juniperus_seg_by_size_20260830_202803,test,random_ensemble,50,0.85,S-IoU,0,0,690,0.0,0.0,0.0
juniperus_seg_by_size_20260830_202803,test,random_ensemble,50,0.9,S-IoU,0,0,690,0.0,0.0,0.0
juniperus_seg_by_size_20260830_202803,test,btm_forest_ensemble_weighted,50,0.05,S-IoU,607,119,61,83.60881542699724,90.86826347305389,87.08751793400286
juniperus_seg_by_size_20260830_202803,test,btm_forest_ensemble_weighted,50,0.08,S-IoU,587,107,80,84.5821325648415,88.00599700149925,86.26010286554005
juniperus_seg_by_size_20260830_202803,test,btm_forest_ensemble_weighted,50,0.1,S-IoU,568,101,96,84.90284005979073,85.54216867469879,85.22130532633157
juniperus_seg_by_size_20260830_202803,test,btm_forest_ensemble_weighted,50,0.12,S-IoU,549,94,110,85.38102643856921,83.30804248861912,84.33179723502305
juniperus_seg_by_size_20260830_202803,test,btm_forest_ensemble_weighted,50,0.15,S-IoU,535,65,128,89.16666666666667,80.69381598793363,84.71892319873318
juniperus_seg_by_size_20260830_202803,test,btm_forest_ensemble_weighted,50,0.18,S-IoU,500,41,158,92.42144177449168,75.98784194528876,83.40283569641367
juniperus_seg_by_size_20260830_202803,test,btm_forest_ensemble_weighted,50,0.2,S-IoU,472,36,186,92.91338582677166,71.73252279635258,80.96054888507719
juniperus_seg_by_size_20260830_202803,test,btm_forest_ensemble_weighted,50,0.22,S-IoU,451,29,211,93.95833333333333,68.12688821752266,78.98423817863397
juniperus_seg_by_size_20260830_202803,test,btm_forest_ensemble_weighted,50,0.25,S-IoU,418,26,247,94.14414414414415,62.857142857142854,75.38322813345357
juniperus_seg_by_size_20260830_202803,test,btm_forest_ensemble_weighted,50,0.3,S-IoU,333,14,341,95.96541786743515,49.40652818991098,65.23016650342801
juniperus_seg_by_size_20260830_202803,test,btm_forest_ensemble_weighted,50,0.35,S-IoU,172,5,512,97.17514124293785,25.146198830409354,39.95354239256678
juniperus_seg_by_size_20260830_202803,test,btm_forest_ensemble_weighted,50,0.4,S-IoU,95,2,595,97.9381443298969,13.768115942028986,24.1423125794155
juniperus_seg_by_size_20260830_202803,test,btm_forest_ensemble_weighted,50,0.45,S-IoU,1,0,689,100.0,0.14492753623188406,0.28943560057887124
juniperus_seg_by_size_20260830_202803,test,btm_forest_ensemble_weighted,50,0.5,S-IoU,0,0,690,0.0,0.0,0.0
juniperus_seg_by_size_20260830_202803,test,btm_forest_ensemble_weighted,50,0.55,S-IoU,0,0,690,0.0,0.0,0.0
juniperus_seg_by_size_20260830_202803,test,btm_forest_ensemble_weighted,50,0.6,S-IoU,0,0,690,0.0,0.0,0.0
juniperus_seg_by_size_20260830_202803,test,btm_forest_ensemble_weighted,50,0.65,S-IoU,0,0,690,0.0,0.0,0.0
juniperus_seg_by_size_20260830_202803,test,btm_forest_ensemble_weighted,50,0.7,S-IoU,0,0,690,0.0,0.0,0.0
juniperus_seg_by_size_20260830_202803,test,btm_forest_ensemble_weighted,50,0.75,S-IoU,0,0,690,0.0,0.0,0.0
juniperus_seg_by_size_20260830_202803,test,btm_forest_ensemble_weighted,50,0.8,S-IoU,0,0,690,0.0,0.0,0.0
juniperus_seg_by_size_20260830_202803,test,btm_forest_ensemble_weighted,50,0.85,S-IoU,0,0,690,0.0,0.0,0.0
juniperus_seg_by_size_20260830_202803,test,btm_forest_ensemble_weighted,50,0.9,S-IoU,0,0,690,0.0,0.0,0.0
juniperus_seg_by_size_20260830_202803,field_work,dense_baseline,50,0.25,S-IoU,1295,287,340,81.85840707964603,79.20489296636084,80.50979173142679
juniperus_seg_by_size_20260830_202803,field_work,dense_baseline,50,0.3,S-IoU,1247,234,385,84.19986495611073,76.4093137254902,80.11564407324124
juniperus_seg_by_size_20260830_202803,field_work,dense_baseline,50,0.35,S-IoU,1197,197,418,85.86800573888091,74.11764705882354,79.56131605184447
juniperus_seg_by_size_20260830_202803,field_work,dense_baseline,50,0.4,S-IoU,1140,167,463,87.22264728385616,71.1166562694947,78.35051546391752
juniperus_seg_by_size_20260830_202803,field_work,dense_baseline,50,0.45,S-IoU,1089,142,519,88.46466287571081,67.72388059701493,76.71715392743923
juniperus_seg_by_size_20260830_202803,field_work,dense_baseline,50,0.5,S-IoU,1047,126,557,89.25831202046037,65.27431421446383,75.40511343176088
juniperus_seg_by_size_20260830_202803,field_work,dense_baseline,50,0.55,S-IoU,999,110,606,90.08115419296664,62.24299065420561,73.61827560795874
juniperus_seg_by_size_20260830_202803,field_work,dense_baseline,50,0.6,S-IoU,932,91,678,91.10459433040077,57.88819875776397,70.79377136346373
juniperus_seg_by_size_20260830_202803,field_work,dense_baseline,50,0.65,S-IoU,857,78,778,91.65775401069519,52.415902140672785,66.69260700389106
juniperus_seg_by_size_20260830_202803,field_work,dense_baseline,50,0.7,S-IoU,754,57,904,92.97163995067818,45.476477683956574,61.07735925475901
juniperus_seg_by_size_20260830_202803,field_work,dense_baseline,50,0.75,S-IoU,634,39,1037,94.20505200594353,37.941352483542786,54.09556313993175
juniperus_seg_by_size_20260830_202803,field_work,dense_baseline,50,0.8,S-IoU,523,21,1171,96.13970588235294,30.873671782762692,46.738159070598755
juniperus_seg_by_size_20260830_202803,field_work,dense_baseline,50,0.85,S-IoU,330,9,1407,97.34513274336283,18.998272884283246,31.791907514450862
juniperus_seg_by_size_20260830_202803,field_work,dense_baseline,50,0.9,S-IoU,91,3,1674,96.80851063829788,5.1558073654390935,9.79020979020979
juniperus_seg_by_size_20260830_202803,field_work,btm_forest_ensemble_uniform,50,0.25,S-IoU,1175,221,487,84.16905444126076,70.69795427196149,76.84761281883586
juniperus_seg_by_size_20260830_202803,field_work,btm_forest_ensemble_uniform,50,0.3,S-IoU,1080,178,563,85.85055643879174,65.7334144856969,74.45708376421925
juniperus_seg_by_size_20260830_202803,field_work,btm_forest_ensemble_uniform,50,0.35,S-IoU,1011,146,623,87.38115816767503,61.87270501835985,72.44715155858115
juniperus_seg_by_size_20260830_202803,field_work,btm_forest_ensemble_uniform,50,0.4,S-IoU,929,118,708,88.72970391595032,56.75015271838729,69.22503725782413
juniperus_seg_by_size_20260830_202803,field_work,btm_forest_ensemble_uniform,50,0.45,S-IoU,850,101,794,89.37960042060989,51.70316301703163,65.5105973025048
juniperus_seg_by_size_20260830_202803,field_work,btm_forest_ensemble_uniform,50,0.5,S-IoU,797,83,854,90.56818181818181,48.273773470623865,62.979059660213366
juniperus_seg_by_size_20260830_202803,field_work,btm_forest_ensemble_uniform,50,0.55,S-IoU,708,66,943,91.47286821705426,42.88310115081769,58.39175257731958
juniperus_seg_by_size_20260830_202803,field_work,btm_forest_ensemble_uniform,50,0.6,S-IoU,629,55,1032,91.95906432748538,37.8687537627935,53.646055437100216
juniperus_seg_by_size_20260830_202803,field_work,btm_forest_ensemble_uniform,50,0.65,S-IoU,566,39,1123,93.55371900826445,33.510953226761394,49.34612031386225
juniperus_seg_by_size_20260830_202803,field_work,btm_forest_ensemble_uniform,50,0.7,S-IoU,471,29,1230,94.19999999999999,27.689594356261022,42.79872785097683
juniperus_seg_by_size_20260830_202803,field_work,btm_forest_ensemble_uniform,50,0.75,S-IoU,393,21,1326,94.92753623188406,22.862129144851657,36.84950773558368
juniperus_seg_by_size_20260830_202803,field_work,btm_forest_ensemble_uniform,50,0.8,S-IoU,308,11,1434,96.55172413793103,17.68082663605052,29.888403687530328
juniperus_seg_by_size_20260830_202803,field_work,btm_forest_ensemble_uniform,50,0.85,S-IoU,180,5,1580,97.2972972972973,10.227272727272728,18.508997429305914
juniperus_seg_by_size_20260830_202803,field_work,btm_forest_ensemble_uniform,50,0.9,S-IoU,57,1,1706,98.27586206896551,3.2331253545093595,6.260296540362438
juniperus_seg_by_size_20260830_202803,field_work,btm_forest_soup,50,0.25,S-IoU,203,11,1562,94.85981308411215,11.501416430594901,20.515411824153613
juniperus_seg_by_size_20260830_202803,field_work,btm_forest_soup,50,0.3,S-IoU,146,7,1620,95.42483660130719,8.267270668176671,15.216258467952063
juniperus_seg_by_size_20260830_202803,field_work,btm_forest_soup,50,0.35,S-IoU,114,4,1654,96.61016949152543,6.4479638009049784,12.089077412513255
juniperus_seg_by_size_20260830_202803,field_work,btm_forest_soup,50,0.4,S-IoU,79,3,1689,96.34146341463415,4.468325791855204,8.54054054054054
juniperus_seg_by_size_20260830_202803,field_work,btm_forest_soup,50,0.45,S-IoU,54,2,1715,96.42857142857143,3.0525720746184284,5.917808219178082
juniperus_seg_by_size_20260830_202803,field_work,btm_forest_soup,50,0.5,S-IoU,32,0,1739,100.0,1.8068887634105024,3.549639489739323
juniperus_seg_by_size_20260830_202803,field_work,btm_forest_soup,50,0.55,S-IoU,13,0,1758,100.0,0.7340485601355167,1.4573991031390132
juniperus_seg_by_size_20260830_202803,field_work,btm_forest_soup,50,0.6,S-IoU,4,0,1767,100.0,0.2258610954263128,0.4507042253521127
juniperus_seg_by_size_20260830_202803,field_work,btm_forest_soup,50,0.65,S-IoU,2,0,1769,100.0,0.1129305477131564,0.22560631697687533
juniperus_seg_by_size_20260830_202803,field_work,btm_forest_soup,50,0.7,S-IoU,0,0,1771,0.0,0.0,0.0
juniperus_seg_by_size_20260830_202803,field_work,btm_forest_soup,50,0.75,S-IoU,0,0,1771,0.0,0.0,0.0
juniperus_seg_by_size_20260830_202803,field_work,btm_forest_soup,50,0.8,S-IoU,0,0,1771,0.0,0.0,0.0
juniperus_seg_by_size_20260830_202803,field_work,btm_forest_soup,50,0.85,S-IoU,0,0,1771,0.0,0.0,0.0
juniperus_seg_by_size_20260830_202803,field_work,btm_forest_soup,50,0.9,S-IoU,0,0,1771,0.0,0.0,0.0
juniperus_seg_by_size_20260830_202803,field_work,random_ensemble,50,0.25,S-IoU,862,129,794,86.98284561049445,52.05314009661836,65.130336229694
juniperus_seg_by_size_20260830_202803,field_work,random_ensemble,50,0.3,S-IoU,694,82,990,89.43298969072166,41.211401425178146,56.422764227642276
juniperus_seg_by_size_20260830_202803,field_work,random_ensemble,50,0.35,S-IoU,512,49,1198,91.26559714795009,29.94152046783626,45.09026860413915
juniperus_seg_by_size_20260830_202803,field_work,random_ensemble,50,0.4,S-IoU,330,24,1404,93.22033898305084,19.031141868512112,31.60919540229885
juniperus_seg_by_size_20260830_202803,field_work,random_ensemble,50,0.45,S-IoU,182,9,1574,95.28795811518324,10.364464692482915,18.69542886492039
juniperus_seg_by_size_20260830_202803,field_work,random_ensemble,50,0.5,S-IoU,85,2,1683,97.70114942528735,4.807692307692308,9.164420485175203
juniperus_seg_by_size_20260830_202803,field_work,random_ensemble,50,0.55,S-IoU,25,0,1745,100.0,1.4124293785310735,2.785515320334262
juniperus_seg_by_size_20260830_202803,field_work,random_ensemble,50,0.6,S-IoU,5,0,1766,100.0,0.282326369282891,0.5630630630630631
juniperus_seg_by_size_20260830_202803,field_work,random_ensemble,50,0.65,S-IoU,2,0,1769,100.0,0.1129305477131564,0.22560631697687533
juniperus_seg_by_size_20260830_202803,field_work,random_ensemble,50,0.7,S-IoU,0,0,1771,0.0,0.0,0.0
juniperus_seg_by_size_20260830_202803,field_work,random_ensemble,50,0.75,S-IoU,0,0,1771,0.0,0.0,0.0
juniperus_seg_by_size_20260830_202803,field_work,random_ensemble,50,0.8,S-IoU,0,0,1771,0.0,0.0,0.0
juniperus_seg_by_size_20260830_202803,field_work,random_ensemble,50,0.85,S-IoU,0,0,1771,0.0,0.0,0.0
juniperus_seg_by_size_20260830_202803,field_work,random_ensemble,50,0.9,S-IoU,0,0,1771,0.0,0.0,0.0
juniperus_seg_by_size_20260830_202803,field_work,btm_forest_ensemble_weighted,50,0.05,S-IoU,1115,196,534,85.04958047292143,67.61673741661613,75.33783783783785
juniperus_seg_by_size_20260830_202803,field_work,btm_forest_ensemble_weighted,50,0.08,S-IoU,1028,175,615,85.453034081463,62.56847230675593,72.24174279690794
juniperus_seg_by_size_20260830_202803,field_work,btm_forest_ensemble_weighted,50,0.1,S-IoU,977,167,666,85.4020979020979,59.46439440048692,70.11123071402943
juniperus_seg_by_size_20260830_202803,field_work,btm_forest_ensemble_weighted,50,0.12,S-IoU,934,159,702,85.45288197621225,57.090464547677264,68.44998167827042
juniperus_seg_by_size_20260830_202803,field_work,btm_forest_ensemble_weighted,50,0.15,S-IoU,846,122,792,87.39669421487604,51.64835164835166,64.9270913277053
juniperus_seg_by_size_20260830_202803,field_work,btm_forest_ensemble_weighted,50,0.18,S-IoU,791,105,859,88.28125,47.93939393939394,62.13668499607227
juniperus_seg_by_size_20260830_202803,field_work,btm_forest_ensemble_weighted,50,0.2,S-IoU,741,83,909,89.92718446601941,44.90909090909091,59.9029911075182
juniperus_seg_by_size_20260830_202803,field_work,btm_forest_ensemble_weighted,50,0.22,S-IoU,689,77,972,89.94778067885117,41.48103552077062,56.77791512154924
juniperus_seg_by_size_20260830_202803,field_work,btm_forest_ensemble_weighted,50,0.25,S-IoU,622,57,1059,91.60530191458027,37.001784651992864,52.711864406779675
juniperus_seg_by_size_20260830_202803,field_work,btm_forest_ensemble_weighted,50,0.3,S-IoU,472,33,1243,93.46534653465348,27.521865889212826,42.52252252252252
juniperus_seg_by_size_20260830_202803,field_work,btm_forest_ensemble_weighted,50,0.35,S-IoU,270,21,1470,92.78350515463917,15.517241379310345,26.587887740029544
juniperus_seg_by_size_20260830_202803,field_work,btm_forest_ensemble_weighted,50,0.4,S-IoU,144,6,1619,96.0,8.167895632444697,15.054887611082071
juniperus_seg_by_size_20260830_202803,field_work,btm_forest_ensemble_weighted,50,0.45,S-IoU,1,0,1770,100.0,0.0564652738565782,0.1128668171557562
juniperus_seg_by_size_20260830_202803,field_work,btm_forest_ensemble_weighted,50,0.5,S-IoU,0,0,1771,0.0,0.0,0.0
juniperus_seg_by_size_20260830_202803,field_work,btm_forest_ensemble_weighted,50,0.55,S-IoU,0,0,1771,0.0,0.0,0.0
juniperus_seg_by_size_20260830_202803,field_work,btm_forest_ensemble_weighted,50,0.6,S-IoU,0,0,1771,0.0,0.0,0.0
juniperus_seg_by_size_20260830_202803,field_work,btm_forest_ensemble_weighted,50,0.65,S-IoU,0,0,1771,0.0,0.0,0.0
juniperus_seg_by_size_20260830_202803,field_work,btm_forest_ensemble_weighted,50,0.7,S-IoU,0,0,1771,0.0,0.0,0.0
juniperus_seg_by_size_20260830_202803,field_work,btm_forest_ensemble_weighted,50,0.75,S-IoU,0,0,1771,0.0,0.0,0.0
juniperus_seg_by_size_20260830_202803,field_work,btm_forest_ensemble_weighted,50,0.8,S-IoU,0,0,1771,0.0,0.0,0.0
juniperus_seg_by_size_20260830_202803,field_work,btm_forest_ensemble_weighted,50,0.85,S-IoU,0,0,1771,0.0,0.0,0.0
juniperus_seg_by_size_20260830_202803,field_work,btm_forest_ensemble_weighted,50,0.9,S-IoU,0,0,1771,0.0,0.0,0.0
juniperus_seg_by_size_20260830_163740,test,dense_baseline,50,0.02,S-IoU,791,1209,4,39.550000000000004,99.49685534591195,56.60107334525939
juniperus_seg_by_size_20260830_163740,test,dense_baseline,50,0.05,S-IoU,740,716,9,50.824175824175825,98.79839786381842,67.12018140589569
juniperus_seg_by_size_20260830_163740,test,dense_baseline,50,0.08,S-IoU,712,526,13,57.51211631663974,98.20689655172414,72.54202750891493
juniperus_seg_by_size_20260830_163740,test,dense_baseline,50,0.1,S-IoU,696,460,13,60.207612456747405,98.16643159379407,74.63806970509383
juniperus_seg_by_size_20260830_163740,test,dense_baseline,50,0.12,S-IoU,687,413,16,62.45454545454545,97.724039829303,76.2063227953411
juniperus_seg_by_size_20260830_163740,test,dense_baseline,50,0.15,S-IoU,673,353,21,65.59454191033139,96.97406340057637,78.25581395348837
juniperus_seg_by_size_20260830_163740,test,dense_baseline,50,0.18,S-IoU,662,303,25,68.60103626943005,96.36098981077147,80.1452784503632
juniperus_seg_by_size_20260830_163740,test,dense_baseline,50,0.2,S-IoU,658,280,26,70.1492537313433,96.19883040935673,81.13440197287301
juniperus_seg_by_size_20260830_163740,test,dense_baseline,50,0.22,S-IoU,654,251,30,72.26519337016575,95.6140350877193,82.31592196349906
juniperus_seg_by_size_20260830_163740,test,dense_baseline,50,0.25,S-IoU,643,230,32,73.6540664375716,95.25925925925925,83.07493540051681
juniperus_seg_by_size_20260830_163740,test,dense_baseline,50,0.3,S-IoU,625,191,40,76.59313725490196,93.98496240601504,84.40243079000675
juniperus_seg_by_size_20260830_163740,test,dense_baseline,50,0.35,S-IoU,607,160,54,79.13950456323337,91.83055975794251,85.0140056022409
juniperus_seg_by_size_20260830_163740,test,dense_baseline,50,0.4,S-IoU,591,134,64,81.51724137931035,90.22900763358778,85.65217391304348
juniperus_seg_by_size_20260830_163740,test,dense_baseline,50,0.45,S-IoU,576,105,80,84.58149779735683,87.8048780487805,86.16305160807778
juniperus_seg_by_size_20260830_163740,test,dense_baseline,50,0.5,S-IoU,558,77,102,87.8740157480315,84.54545454545455,86.1776061776062
juniperus_seg_by_size_20260830_163740,test,dense_baseline,50,0.55,S-IoU,539,56,119,90.58823529411765,81.91489361702128,86.03351955307264
juniperus_seg_by_size_20260830_163740,test,dense_baseline,50,0.6,S-IoU,503,37,154,93.14814814814815,76.56012176560122,84.04344193817877
juniperus_seg_by_size_20260830_163740,test,dense_baseline,50,0.65,S-IoU,466,25,195,94.90835030549898,70.49924357034796,80.90277777777779
juniperus_seg_by_size_20260830_163740,test,dense_baseline,50,0.7,S-IoU,424,19,240,95.71106094808127,63.85542168674698,76.60343270099366
juniperus_seg_by_size_20260830_163740,test,dense_baseline,50,0.75,S-IoU,373,15,294,96.1340206185567,55.92203898050975,70.71090047393365
juniperus_seg_by_size_20260830_163740,test,dense_baseline,50,0.8,S-IoU,307,12,365,96.23824451410658,45.68452380952381,61.957618567103935
juniperus_seg_by_size_20260830_163740,test,dense_baseline,50,0.85,S-IoU,233,8,448,96.6804979253112,34.2143906020558,50.542299349240785
juniperus_seg_by_size_20260830_163740,test,dense_baseline,50,0.9,S-IoU,147,3,540,98.0,21.397379912663755,35.12544802867384
juniperus_seg_by_size_20260830_163740,test,btm_forest_ensemble_uniform,50,0.02,S-IoU,766,768,9,49.934810951760106,98.83870967741936,66.34906886097879
juniperus_seg_by_size_20260830_163740,test,btm_forest_ensemble_uniform,50,0.05,S-IoU,719,476,13,60.1673640167364,98.224043715847,74.6237675142709
juniperus_seg_by_size_20260830_163740,test,btm_forest_ensemble_uniform,50,0.08,S-IoU,695,356,17,66.12749762131304,97.6123595505618,78.84288145207033
juniperus_seg_by_size_20260830_163740,test,btm_forest_ensemble_uniform,50,0.1,S-IoU,679,305,23,69.0040650406504,96.72364672364672,80.54567022538552
juniperus_seg_by_size_20260830_163740,test,btm_forest_ensemble_uniform,50,0.12,S-IoU,665,274,26,70.82002129925452,96.23733719247467,81.59509202453987
juniperus_seg_by_size_20260830_163740,test,btm_forest_ensemble_uniform,50,0.15,S-IoU,648,224,28,74.31192660550458,95.85798816568047,83.72093023255815
juniperus_seg_by_size_20260830_163740,test,btm_forest_ensemble_uniform,50,0.18,S-IoU,640,193,32,76.83073229291718,95.23809523809523,85.04983388704319
juniperus_seg_by_size_20260830_163740,test,btm_forest_ensemble_uniform,50,0.2,S-IoU,630,173,39,78.4557907845579,94.17040358744396,85.59782608695653
juniperus_seg_by_size_20260830_163740,test,btm_forest_ensemble_uniform,50,0.22,S-IoU,627,156,44,80.07662835249042,93.44262295081968,86.24484181568089
juniperus_seg_by_size_20260830_163740,test,btm_forest_ensemble_uniform,50,0.25,S-IoU,614,140,51,81.43236074270557,92.33082706766918,86.5398167723749
juniperus_seg_by_size_20260830_163740,test,btm_forest_ensemble_uniform,50,0.3,S-IoU,594,117,67,83.54430379746836,89.86384266263238,86.58892128279884
juniperus_seg_by_size_20260830_163740,test,btm_forest_ensemble_uniform,50,0.35,S-IoU,585,97,75,85.77712609970675,88.63636363636364,87.1833084947839
juniperus_seg_by_size_20260830_163740,test,btm_forest_ensemble_uniform,50,0.4,S-IoU,570,77,91,88.09891808346212,86.23298033282904,87.1559633027523
juniperus_seg_by_size_20260830_163740,test,btm_forest_ensemble_uniform,50,0.45,S-IoU,549,58,111,90.44481054365733,83.18181818181817,86.66140489344909
juniperus_seg_by_size_20260830_163740,test,btm_forest_ensemble_uniform,50,0.5,S-IoU,526,47,130,91.7975567190227,80.1829268292683,85.59804719283972
juniperus_seg_by_size_20260830_163740,test,btm_forest_ensemble_uniform,50,0.55,S-IoU,503,36,157,93.32096474953617,76.2121212121212,83.90325271059216
juniperus_seg_by_size_20260830_163740,test,btm_forest_ensemble_uniform,50,0.6,S-IoU,457,28,206,94.22680412371133,68.92911010558069,79.61672473867596
juniperus_seg_by_size_20260830_163740,test,btm_forest_ensemble_uniform,50,0.65,S-IoU,413,22,253,94.94252873563218,62.01201201201201,75.02270663033606
juniperus_seg_by_size_20260830_163740,test,btm_forest_ensemble_uniform,50,0.7,S-IoU,372,18,297,95.38461538461539,55.60538116591929,70.25495750708217
juniperus_seg_by_size_20260830_163740,test,btm_forest_ensemble_uniform,50,0.75,S-IoU,320,11,354,96.67673716012085,47.47774480712167,63.681592039801
juniperus_seg_by_size_20260830_163740,test,btm_forest_ensemble_uniform,50,0.8,S-IoU,267,6,409,97.8021978021978,39.49704142011834,56.26975763962066
juniperus_seg_by_size_20260830_163740,test,btm_forest_ensemble_uniform,50,0.85,S-IoU,191,3,489,98.4536082474227,28.08823529411765,43.7070938215103
juniperus_seg_by_size_20260830_163740,test,btm_forest_ensemble_uniform,50,0.9,S-IoU,91,1,594,98.91304347826086,13.284671532846716,23.423423423423426
juniperus_seg_by_size_20260830_163740,test,btm_forest_soup,50,0.05,S-IoU,433,79,235,84.5703125,64.82035928143712,73.38983050847457
juniperus_seg_by_size_20260830_163740,test,btm_forest_soup,50,0.08,S-IoU,390,55,281,87.64044943820225,58.12220566318928,69.89247311827957
juniperus_seg_by_size_20260830_163740,test,btm_forest_soup,50,0.1,S-IoU,360,48,310,88.23529411764706,53.73134328358209,66.79035250463822
juniperus_seg_by_size_20260830_163740,test,btm_forest_soup,50,0.12,S-IoU,346,42,326,89.17525773195877,51.488095238095234,65.28301886792453
juniperus_seg_by_size_20260830_163740,test,btm_forest_soup,50,0.15,S-IoU,330,32,343,91.16022099447514,49.03417533432392,63.76811594202898
juniperus_seg_by_size_20260830_163740,test,btm_forest_soup,50,0.18,S-IoU,304,24,369,92.6829268292683,45.17087667161962,60.739260739260736
juniperus_seg_by_size_20260830_163740,test,btm_forest_soup,50,0.2,S-IoU,293,20,380,93.61022364217251,43.536404160475485,59.43204868154158
juniperus_seg_by_size_20260830_163740,test,btm_forest_soup,50,0.22,S-IoU,283,15,391,94.96644295302013,41.98813056379822,58.230452674897116
juniperus_seg_by_size_20260830_163740,test,btm_forest_soup,50,0.25,S-IoU,257,13,419,95.18518518518519,38.01775147928994,54.33403805496828
juniperus_seg_by_size_20260830_163740,test,btm_forest_soup,50,0.3,S-IoU,211,4,473,98.13953488372093,30.84795321637427,46.941045606229146
juniperus_seg_by_size_20260830_163740,test,btm_forest_soup,50,0.35,S-IoU,173,2,513,98.85714285714286,25.218658892128282,40.185830429732874
juniperus_seg_by_size_20260830_163740,test,btm_forest_soup,50,0.4,S-IoU,142,1,546,99.3006993006993,20.63953488372093,34.17569193742479
juniperus_seg_by_size_20260830_163740,test,btm_forest_soup,50,0.45,S-IoU,98,1,591,98.98989898989899,14.223512336719885,24.87309644670051
juniperus_seg_by_size_20260830_163740,test,btm_forest_soup,50,0.5,S-IoU,77,1,612,98.71794871794873,11.175616835994195,20.078226857887874
juniperus_seg_by_size_20260830_163740,test,btm_forest_soup,50,0.55,S-IoU,47,0,643,100.0,6.811594202898551,12.754409769335142
juniperus_seg_by_size_20260830_163740,test,btm_forest_soup,50,0.6,S-IoU,30,0,660,100.0,4.3478260869565215,8.333333333333332
juniperus_seg_by_size_20260830_163740,test,btm_forest_soup,50,0.65,S-IoU,17,0,673,100.0,2.4637681159420293,4.809052333804809
juniperus_seg_by_size_20260830_163740,test,btm_forest_soup,50,0.7,S-IoU,2,0,688,100.0,0.2898550724637681,0.5780346820809248
juniperus_seg_by_size_20260830_163740,test,btm_forest_soup,50,0.75,S-IoU,0,0,690,0.0,0.0,0.0
juniperus_seg_by_size_20260830_163740,test,btm_forest_soup,50,0.8,S-IoU,0,0,690,0.0,0.0,0.0
juniperus_seg_by_size_20260830_163740,test,btm_forest_soup,50,0.85,S-IoU,0,0,690,0.0,0.0,0.0
juniperus_seg_by_size_20260830_163740,test,btm_forest_soup,50,0.9,S-IoU,0,0,690,0.0,0.0,0.0
juniperus_seg_by_size_20260830_163740,test,random_ensemble,50,0.02,S-IoU,815,804,10,50.33971587399629,98.7878787878788,66.69394435351882
juniperus_seg_by_size_20260830_163740,test,random_ensemble,50,0.05,S-IoU,720,356,20,66.91449814126395,97.2972972972973,79.29515418502203
juniperus_seg_by_size_20260830_163740,test,random_ensemble,50,0.08,S-IoU,660,222,31,74.82993197278913,95.51374819102749,83.91608391608392
juniperus_seg_by_size_20260830_163740,test,random_ensemble,50,0.1,S-IoU,644,180,43,78.15533980582524,93.74090247452693,85.24156187954996
juniperus_seg_by_size_20260830_163740,test,random_ensemble,50,0.12,S-IoU,619,146,55,80.91503267973856,91.83976261127597,86.03196664350243
juniperus_seg_by_size_20260830_163740,test,random_ensemble,50,0.15,S-IoU,595,108,65,84.63726884779517,90.15151515151516,87.30741012472487
juniperus_seg_by_size_20260830_163740,test,random_ensemble,50,0.18,S-IoU,571,81,92,87.57668711656443,86.1236802413273,86.84410646387833
juniperus_seg_by_size_20260830_163740,test,random_ensemble,50,0.2,S-IoU,548,65,110,89.39641109298532,83.28267477203647,86.23131392604247
juniperus_seg_by_size_20260830_163740,test,random_ensemble,50,0.22,S-IoU,535,53,118,90.98639455782312,81.92955589586524,86.22078968573732
juniperus_seg_by_size_20260830_163740,test,random_ensemble,50,0.25,S-IoU,498,46,158,91.54411764705883,75.91463414634147,83.0
juniperus_seg_by_size_20260830_163740,test,random_ensemble,50,0.3,S-IoU,438,31,223,93.39019189765459,66.26323751891074,77.52212389380531
juniperus_seg_by_size_20260830_163740,test,random_ensemble,50,0.35,S-IoU,362,18,306,95.26315789473684,54.191616766467064,69.08396946564885
juniperus_seg_by_size_20260830_163740,test,random_ensemble,50,0.4,S-IoU,258,10,419,96.26865671641791,38.10930576070901,54.60317460317461
juniperus_seg_by_size_20260830_163740,test,random_ensemble,50,0.45,S-IoU,170,5,512,97.14285714285714,24.926686217008797,39.6732788798133
juniperus_seg_by_size_20260830_163740,test,random_ensemble,50,0.5,S-IoU,104,2,584,98.11320754716981,15.11627906976744,26.196473551637272
juniperus_seg_by_size_20260830_163740,test,random_ensemble,50,0.55,S-IoU,50,0,640,100.0,7.246376811594203,13.513513513513512
juniperus_seg_by_size_20260830_163740,test,random_ensemble,50,0.6,S-IoU,30,0,660,100.0,4.3478260869565215,8.333333333333332
juniperus_seg_by_size_20260830_163740,test,random_ensemble,50,0.65,S-IoU,15,0,675,100.0,2.1739130434782608,4.255319148936169
juniperus_seg_by_size_20260830_163740,test,random_ensemble,50,0.7,S-IoU,5,0,685,100.0,0.7246376811594203,1.4388489208633093
juniperus_seg_by_size_20260830_163740,test,random_ensemble,50,0.75,S-IoU,0,0,690,0.0,0.0,0.0
juniperus_seg_by_size_20260830_163740,test,random_ensemble,50,0.8,S-IoU,0,0,690,0.0,0.0,0.0
juniperus_seg_by_size_20260830_163740,test,random_ensemble,50,0.85,S-IoU,0,0,690,0.0,0.0,0.0
juniperus_seg_by_size_20260830_163740,test,random_ensemble,50,0.9,S-IoU,0,0,690,0.0,0.0,0.0
juniperus_seg_by_size_20260830_163740,test,btm_forest_ensemble_weighted,50,0.02,S-IoU,710,418,17,62.943262411347526,97.66162310866575,76.54986522911051
juniperus_seg_by_size_20260830_163740,test,btm_forest_ensemble_weighted,50,0.05,S-IoU,651,235,35,73.47629796839729,94.89795918367348,82.82442748091603
juniperus_seg_by_size_20260830_163740,test,btm_forest_ensemble_weighted,50,0.08,S-IoU,615,155,54,79.87012987012987,91.92825112107623,85.47602501737317
juniperus_seg_by_size_20260830_163740,test,btm_forest_ensemble_weighted,50,0.1,S-IoU,593,131,69,81.9060773480663,89.57703927492447,85.56998556998556
juniperus_seg_by_size_20260830_163740,test,btm_forest_ensemble_weighted,50,0.12,S-IoU,576,108,84,84.21052631578947,87.27272727272727,85.71428571428571
juniperus_seg_by_size_20260830_163740,test,btm_forest_ensemble_weighted,50,0.15,S-IoU,537,85,124,86.33440514469454,81.24054462934947,83.71005455962587
juniperus_seg_by_size_20260830_163740,test,btm_forest_ensemble_weighted,50,0.18,S-IoU,518,67,141,88.54700854700855,78.60394537177542,83.27974276527331
juniperus_seg_by_size_20260830_163740,test,btm_forest_ensemble_weighted,50,0.2,S-IoU,501,50,157,90.92558983666062,76.13981762917933,82.87841191066998
juniperus_seg_by_size_20260830_163740,test,btm_forest_ensemble_weighted,50,0.22,S-IoU,471,42,189,91.81286549707602,71.36363636363636,80.30690537084398
juniperus_seg_by_size_20260830_163740,test,btm_forest_ensemble_weighted,50,0.25,S-IoU,434,30,230,93.53448275862068,65.36144578313254,76.95035460992908
juniperus_seg_by_size_20260830_163740,test,btm_forest_ensemble_weighted,50,0.3,S-IoU,343,16,330,95.54317548746518,50.965824665676074,66.47286821705426
juniperus_seg_by_size_20260830_163740,test,btm_forest_ensemble_weighted,50,0.35,S-IoU,170,7,515,96.045197740113,24.817518248175183,39.4431554524362
juniperus_seg_by_size_20260830_163740,test,btm_forest_ensemble_weighted,50,0.4,S-IoU,106,0,584,100.0,15.36231884057971,26.63316582914573
juniperus_seg_by_size_20260830_163740,test,btm_forest_ensemble_weighted,50,0.45,S-IoU,1,0,689,100.0,0.14492753623188406,0.28943560057887124
juniperus_seg_by_size_20260830_163740,test,btm_forest_ensemble_weighted,50,0.5,S-IoU,0,0,690,0.0,0.0,0.0
juniperus_seg_by_size_20260830_163740,test,btm_forest_ensemble_weighted,50,0.55,S-IoU,0,0,690,0.0,0.0,0.0
juniperus_seg_by_size_20260830_163740,test,btm_forest_ensemble_weighted,50,0.6,S-IoU,0,0,690,0.0,0.0,0.0
juniperus_seg_by_size_20260830_163740,test,btm_forest_ensemble_weighted,50,0.65,S-IoU,0,0,690,0.0,0.0,0.0
juniperus_seg_by_size_20260830_163740,test,btm_forest_ensemble_weighted,50,0.7,S-IoU,0,0,690,0.0,0.0,0.0
juniperus_seg_by_size_20260830_163740,test,btm_forest_ensemble_weighted,50,0.75,S-IoU,0,0,690,0.0,0.0,0.0
juniperus_seg_by_size_20260830_163740,test,btm_forest_ensemble_weighted,50,0.8,S-IoU,0,0,690,0.0,0.0,0.0
juniperus_seg_by_size_20260830_163740,test,btm_forest_ensemble_weighted,50,0.85,S-IoU,0,0,690,0.0,0.0,0.0
juniperus_seg_by_size_20260830_163740,test,btm_forest_ensemble_weighted,50,0.9,S-IoU,0,0,690,0.0,0.0,0.0
juniperus_seg_by_size_20260830_163740,field_work,dense_baseline,50,0.25,S-IoU,1311,356,375,78.64427114577084,77.75800711743773,78.19862809424396
juniperus_seg_by_size_20260830_163740,field_work,dense_baseline,50,0.3,S-IoU,1226,289,437,80.92409240924093,73.72218881539386,77.15544367526745
juniperus_seg_by_size_20260830_163740,field_work,dense_baseline,50,0.35,S-IoU,1148,251,502,82.05861329521088,69.57575757575758,75.30337815677271
juniperus_seg_by_size_20260830_163740,field_work,dense_baseline,50,0.4,S-IoU,1086,196,549,84.71138845553821,66.42201834862385,74.46006170723348
juniperus_seg_by_size_20260830_163740,field_work,dense_baseline,50,0.45,S-IoU,1001,168,632,85.62874251497006,61.29822412737293,71.44896502498216
juniperus_seg_by_size_20260830_163740,field_work,dense_baseline,50,0.5,S-IoU,931,140,708,86.9281045751634,56.80292861500915,68.70848708487085
juniperus_seg_by_size_20260830_163740,field_work,dense_baseline,50,0.55,S-IoU,852,106,799,88.93528183716074,51.60508782556027,65.3123802223074
juniperus_seg_by_size_20260830_163740,field_work,dense_baseline,50,0.6,S-IoU,765,76,899,90.96313912009512,45.97355769230769,61.07784431137725
juniperus_seg_by_size_20260830_163740,field_work,dense_baseline,50,0.65,S-IoU,668,58,1022,92.01101928374655,39.52662721893491,55.298013245033104
juniperus_seg_by_size_20260830_163740,field_work,dense_baseline,50,0.7,S-IoU,579,45,1131,92.78846153846155,33.85964912280702,49.61439588688946
juniperus_seg_by_size_20260830_163740,field_work,dense_baseline,50,0.75,S-IoU,488,33,1240,93.66602687140116,28.240740740740737,43.39706536238327
juniperus_seg_by_size_20260830_163740,field_work,dense_baseline,50,0.8,S-IoU,371,22,1376,94.40203562340967,21.23640526617058,34.67289719626168
juniperus_seg_by_size_20260830_163740,field_work,dense_baseline,50,0.85,S-IoU,244,5,1517,97.99196787148594,13.855763770584895,24.27860696517413
juniperus_seg_by_size_20260830_163740,field_work,dense_baseline,50,0.9,S-IoU,115,2,1652,98.29059829059828,6.508205998868139,12.208067940552018
juniperus_seg_by_size_20260830_163740,field_work,btm_forest_ensemble_uniform,50,0.25,S-IoU,1182,234,490,83.47457627118644,70.69377990430623,76.55440414507773
juniperus_seg_by_size_20260830_163740,field_work,btm_forest_ensemble_uniform,50,0.3,S-IoU,1134,196,526,85.26315789473684,68.3132530120482,75.85284280936455
juniperus_seg_by_size_20260830_163740,field_work,btm_forest_ensemble_uniform,50,0.35,S-IoU,1069,158,586,87.12306438467807,64.59214501510574,74.18459403192227
juniperus_seg_by_size_20260830_163740,field_work,btm_forest_ensemble_uniform,50,0.4,S-IoU,1009,134,645,88.27646544181977,61.00362756952842,72.14873078298177
juniperus_seg_by_size_20260830_163740,field_work,btm_forest_ensemble_uniform,50,0.45,S-IoU,957,114,702,89.35574229691878,57.68535262206148,70.10989010989012
juniperus_seg_by_size_20260830_163740,field_work,btm_forest_ensemble_uniform,50,0.5,S-IoU,876,93,786,90.40247678018576,52.707581227436826,66.59064994298745
juniperus_seg_by_size_20260830_163740,field_work,btm_forest_ensemble_uniform,50,0.55,S-IoU,814,78,852,91.25560538116592,48.85954381752701,63.64347146207976
juniperus_seg_by_size_20260830_163740,field_work,btm_forest_ensemble_uniform,50,0.6,S-IoU,721,67,955,91.49746192893402,43.01909307875895,58.52272727272728
juniperus_seg_by_size_20260830_163740,field_work,btm_forest_ensemble_uniform,50,0.65,S-IoU,647,42,1048,93.90420899854863,38.17109144542773,54.27852348993289
juniperus_seg_by_size_20260830_163740,field_work,btm_forest_ensemble_uniform,50,0.7,S-IoU,565,29,1153,95.1178451178451,32.88707799767171,48.87543252595155
juniperus_seg_by_size_20260830_163740,field_work,btm_forest_ensemble_uniform,50,0.75,S-IoU,455,22,1270,95.38784067085953,26.3768115942029,41.3260672116258
juniperus_seg_by_size_20260830_163740,field_work,btm_forest_ensemble_uniform,50,0.8,S-IoU,337,12,1398,96.56160458452722,19.423631123919307,32.341650671785025
juniperus_seg_by_size_20260830_163740,field_work,btm_forest_ensemble_uniform,50,0.85,S-IoU,197,2,1559,98.99497487437185,11.21867881548975,20.153452685421996
juniperus_seg_by_size_20260830_163740,field_work,btm_forest_ensemble_uniform,50,0.9,S-IoU,76,0,1690,100.0,4.303510758776897,8.251900108577633
juniperus_seg_by_size_20260830_163740,field_work,btm_forest_soup,50,0.05,S-IoU,653,97,1070,87.06666666666666,37.899013348810215,52.81035179943389
juniperus_seg_by_size_20260830_163740,field_work,btm_forest_soup,50,0.08,S-IoU,562,68,1163,89.20634920634922,32.57971014492754,47.72823779193205
juniperus_seg_by_size_20260830_163740,field_work,btm_forest_soup,50,0.1,S-IoU,519,51,1212,91.05263157894737,29.98266897746967,45.11082138200782
juniperus_seg_by_size_20260830_163740,field_work,btm_forest_soup,50,0.12,S-IoU,473,43,1264,91.66666666666666,27.230857800805985,41.988459831336
juniperus_seg_by_size_20260830_163740,field_work,btm_forest_soup,50,0.15,S-IoU,424,37,1311,91.97396963123644,24.438040345821328,38.61566484517305
juniperus_seg_by_size_20260830_163740,field_work,btm_forest_soup,50,0.18,S-IoU,371,29,1365,92.75,21.370967741935484,34.737827715355806
juniperus_seg_by_size_20260830_163740,field_work,btm_forest_soup,50,0.2,S-IoU,339,26,1402,92.87671232876711,19.471568064330842,32.193732193732195
juniperus_seg_by_size_20260830_163740,field_work,btm_forest_soup,50,0.22,S-IoU,322,24,1422,93.0635838150289,18.46330275229358,30.813397129186605
juniperus_seg_by_size_20260830_163740,field_work,btm_forest_soup,50,0.25,S-IoU,288,18,1460,94.11764705882352,16.475972540045767,28.042843232716653
juniperus_seg_by_size_20260830_163740,field_work,btm_forest_soup,50,0.3,S-IoU,235,11,1522,95.52845528455285,13.375071143995445,23.464802795806285
juniperus_seg_by_size_20260830_163740,field_work,btm_forest_soup,50,0.35,S-IoU,187,11,1571,94.44444444444444,10.637087599544937,19.120654396728018
juniperus_seg_by_size_20260830_163740,field_work,btm_forest_soup,50,0.4,S-IoU,138,8,1624,94.52054794520548,7.832009080590238,14.465408805031446
juniperus_seg_by_size_20260830_163740,field_work,btm_forest_soup,50,0.45,S-IoU,108,3,1658,97.2972972972973,6.115515288788222,11.507725093233883
juniperus_seg_by_size_20260830_163740,field_work,btm_forest_soup,50,0.5,S-IoU,68,2,1698,97.14285714285714,3.8505096262740657,7.407407407407408
juniperus_seg_by_size_20260830_163740,field_work,btm_forest_soup,50,0.55,S-IoU,42,2,1726,95.45454545454545,2.3755656108597285,4.635761589403973
juniperus_seg_by_size_20260830_163740,field_work,btm_forest_soup,50,0.6,S-IoU,20,1,1749,95.23809523809523,1.1305822498586773,2.2346368715083798
juniperus_seg_by_size_20260830_163740,field_work,btm_forest_soup,50,0.65,S-IoU,10,1,1760,90.9090909090909,0.5649717514124294,1.1229646266142619
juniperus_seg_by_size_20260830_163740,field_work,btm_forest_soup,50,0.7,S-IoU,5,0,1766,100.0,0.282326369282891,0.5630630630630631
juniperus_seg_by_size_20260830_163740,field_work,btm_forest_soup,50,0.75,S-IoU,0,0,1771,0.0,0.0,0.0
juniperus_seg_by_size_20260830_163740,field_work,btm_forest_soup,50,0.8,S-IoU,0,0,1771,0.0,0.0,0.0
juniperus_seg_by_size_20260830_163740,field_work,btm_forest_soup,50,0.85,S-IoU,0,0,1771,0.0,0.0,0.0
juniperus_seg_by_size_20260830_163740,field_work,btm_forest_soup,50,0.9,S-IoU,0,0,1771,0.0,0.0,0.0
juniperus_seg_by_size_20260830_163740,field_work,random_ensemble,50,0.25,S-IoU,775,83,889,90.32634032634033,46.574519230769226,61.45915939730373
juniperus_seg_by_size_20260830_163740,field_work,random_ensemble,50,0.3,S-IoU,644,54,1047,92.26361031518626,38.08397397989356,53.913771452490586
juniperus_seg_by_size_20260830_163740,field_work,random_ensemble,50,0.35,S-IoU,480,36,1234,93.02325581395348,28.004667444574093,43.049327354260086
juniperus_seg_by_size_20260830_163740,field_work,random_ensemble,50,0.4,S-IoU,321,18,1422,94.69026548672566,18.416523235800344,30.835734870317
juniperus_seg_by_size_20260830_163740,field_work,random_ensemble,50,0.45,S-IoU,186,12,1567,93.93939393939394,10.610382201939531,19.067145053818553
juniperus_seg_by_size_20260830_163740,field_work,random_ensemble,50,0.5,S-IoU,106,5,1659,95.4954954954955,6.005665722379604,11.300639658848615
juniperus_seg_by_size_20260830_163740,field_work,random_ensemble,50,0.55,S-IoU,50,5,1717,90.9090909090909,2.829654782116582,5.488474204171241
juniperus_seg_by_size_20260830_163740,field_work,random_ensemble,50,0.6,S-IoU,23,3,1746,88.46153846153845,1.3001695873374788,2.562674094707521
juniperus_seg_by_size_20260830_163740,field_work,random_ensemble,50,0.65,S-IoU,10,1,1761,90.9090909090909,0.564652738565782,1.122334455667789
juniperus_seg_by_size_20260830_163740,field_work,random_ensemble,50,0.7,S-IoU,2,1,1769,66.66666666666666,0.1129305477131564,0.2254791431792559
juniperus_seg_by_size_20260830_163740,field_work,random_ensemble,50,0.75,S-IoU,1,0,1770,100.0,0.0564652738565782,0.1128668171557562
juniperus_seg_by_size_20260830_163740,field_work,random_ensemble,50,0.8,S-IoU,0,0,1771,0.0,0.0,0.0
juniperus_seg_by_size_20260830_163740,field_work,random_ensemble,50,0.85,S-IoU,0,0,1771,0.0,0.0,0.0
juniperus_seg_by_size_20260830_163740,field_work,random_ensemble,50,0.9,S-IoU,0,0,1771,0.0,0.0,0.0
juniperus_seg_by_size_20260830_163740,field_work,btm_forest_ensemble_weighted,50,0.05,S-IoU,1155,214,505,84.36815193571951,69.57831325301204,76.26279300099043
juniperus_seg_by_size_20260830_163740,field_work,btm_forest_ensemble_weighted,50,0.08,S-IoU,1107,193,548,85.15384615384616,66.8882175226586,74.92385786802032
juniperus_seg_by_size_20260830_163740,field_work,btm_forest_ensemble_weighted,50,0.1,S-IoU,1068,183,584,85.37170263788968,64.64891041162227,73.57905614881157
juniperus_seg_by_size_20260830_163740,field_work,btm_forest_ensemble_weighted,50,0.12,S-IoU,1022,172,636,85.59463986599664,61.64053075995175,71.66900420757364
juniperus_seg_by_size_20260830_163740,field_work,btm_forest_ensemble_weighted,50,0.15,S-IoU,935,142,720,86.81522748375116,56.49546827794561,68.44802342606148
juniperus_seg_by_size_20260830_163740,field_work,btm_forest_ensemble_weighted,50,0.18,S-IoU,857,117,807,87.98767967145791,51.50240384615385,64.97346474601972
juniperus_seg_by_size_20260830_163740,field_work,btm_forest_ensemble_weighted,50,0.2,S-IoU,803,102,861,88.7292817679558,48.25721153846153,62.514597119501744
juniperus_seg_by_size_20260830_163740,field_work,btm_forest_ensemble_weighted,50,0.22,S-IoU,751,92,916,89.08659549228945,45.050989802039595,59.84063745019921
juniperus_seg_by_size_20260830_163740,field_work,btm_forest_ensemble_weighted,50,0.25,S-IoU,663,71,1026,90.32697547683924,39.25399644760213,54.72554684275691
juniperus_seg_by_size_20260830_163740,field_work,btm_forest_ensemble_weighted,50,0.3,S-IoU,474,42,1247,91.86046511627907,27.542126670540384,42.37818506928923
juniperus_seg_by_size_20260830_163740,field_work,btm_forest_ensemble_weighted,50,0.35,S-IoU,259,20,1497,92.831541218638,14.749430523917994,25.454545454545453
juniperus_seg_by_size_20260830_163740,field_work,btm_forest_ensemble_weighted,50,0.4,S-IoU,122,5,1645,96.06299212598425,6.90435766836446,12.882787750791975
juniperus_seg_by_size_20260830_163740,field_work,btm_forest_ensemble_weighted,50,0.45,S-IoU,4,0,1767,100.0,0.2258610954263128,0.4507042253521127
juniperus_seg_by_size_20260830_163740,field_work,btm_forest_ensemble_weighted,50,0.5,S-IoU,0,0,1771,0.0,0.0,0.0
juniperus_seg_by_size_20260830_163740,field_work,btm_forest_ensemble_weighted,50,0.55,S-IoU,0,0,1771,0.0,0.0,0.0
juniperus_seg_by_size_20260830_163740,field_work,btm_forest_ensemble_weighted,50,0.6,S-IoU,0,0,1771,0.0,0.0,0.0
juniperus_seg_by_size_20260830_163740,field_work,btm_forest_ensemble_weighted,50,0.65,S-IoU,0,0,1771,0.0,0.0,0.0
juniperus_seg_by_size_20260830_163740,field_work,btm_forest_ensemble_weighted,50,0.7,S-IoU,0,0,1771,0.0,0.0,0.0
juniperus_seg_by_size_20260830_163740,field_work,btm_forest_ensemble_weighted,50,0.75,S-IoU,0,0,1771,0.0,0.0,0.0
juniperus_seg_by_size_20260830_163740,field_work,btm_forest_ensemble_weighted,50,0.8,S-IoU,0,0,1771,0.0,0.0,0.0
juniperus_seg_by_size_20260830_163740,field_work,btm_forest_ensemble_weighted,50,0.85,S-IoU,0,0,1771,0.0,0.0,0.0
juniperus_seg_by_size_20260830_163740,field_work,btm_forest_ensemble_weighted,50,0.9,S-IoU,0,0,1771,0.0,0.0,0.0
juniperus_seg_by_size_20260830_164608,test,dense_baseline,50,0.25,S-IoU,643,230,32,73.6540664375716,95.25925925925925,83.07493540051681
juniperus_seg_by_size_20260830_164608,test,dense_baseline,50,0.3,S-IoU,625,191,40,76.59313725490196,93.98496240601504,84.40243079000675
juniperus_seg_by_size_20260830_164608,test,dense_baseline,50,0.35,S-IoU,607,160,54,79.13950456323337,91.83055975794251,85.0140056022409
juniperus_seg_by_size_20260830_164608,test,dense_baseline,50,0.4,S-IoU,591,134,64,81.51724137931035,90.22900763358778,85.65217391304348
juniperus_seg_by_size_20260830_164608,test,dense_baseline,50,0.45,S-IoU,576,105,80,84.58149779735683,87.8048780487805,86.16305160807778
juniperus_seg_by_size_20260830_164608,test,dense_baseline,50,0.5,S-IoU,558,77,102,87.8740157480315,84.54545454545455,86.1776061776062
juniperus_seg_by_size_20260830_164608,test,dense_baseline,50,0.55,S-IoU,539,56,119,90.58823529411765,81.91489361702128,86.03351955307264
juniperus_seg_by_size_20260830_164608,test,dense_baseline,50,0.6,S-IoU,503,37,154,93.14814814814815,76.56012176560122,84.04344193817877
juniperus_seg_by_size_20260830_164608,test,dense_baseline,50,0.65,S-IoU,466,25,195,94.90835030549898,70.49924357034796,80.90277777777779
juniperus_seg_by_size_20260830_164608,test,dense_baseline,50,0.7,S-IoU,424,19,240,95.71106094808127,63.85542168674698,76.60343270099366
juniperus_seg_by_size_20260830_164608,test,dense_baseline,50,0.75,S-IoU,373,15,294,96.1340206185567,55.92203898050975,70.71090047393365
juniperus_seg_by_size_20260830_164608,test,dense_baseline,50,0.8,S-IoU,307,12,365,96.23824451410658,45.68452380952381,61.957618567103935
juniperus_seg_by_size_20260830_164608,test,dense_baseline,50,0.85,S-IoU,233,8,448,96.6804979253112,34.2143906020558,50.542299349240785
juniperus_seg_by_size_20260830_164608,test,dense_baseline,50,0.9,S-IoU,147,3,540,98.0,21.397379912663755,35.12544802867384
juniperus_seg_by_size_20260830_164608,test,btm_forest_ensemble_uniform,50,0.25,S-IoU,597,116,55,83.73071528751753,91.56441717791411,87.47252747252749
juniperus_seg_by_size_20260830_164608,test,btm_forest_ensemble_uniform,50,0.3,S-IoU,572,96,76,85.62874251497006,88.27160493827161,86.93009118541033
juniperus_seg_by_size_20260830_164608,test,btm_forest_ensemble_uniform,50,0.35,S-IoU,548,73,100,88.24476650563608,84.5679012345679,86.3672182821119
juniperus_seg_by_size_20260830_164608,test,btm_forest_ensemble_uniform,50,0.4,S-IoU,525,55,124,90.51724137931035,80.89368258859785,85.4353132628153
juniperus_seg_by_size_20260830_164608,test,btm_forest_ensemble_uniform,50,0.45,S-IoU,501,44,154,91.92660550458716,76.4885496183206,83.50000000000001
juniperus_seg_by_size_20260830_164608,test,btm_forest_ensemble_uniform,50,0.5,S-IoU,463,32,194,93.53535353535354,70.47184170471841,80.38194444444446
juniperus_seg_by_size_20260830_164608,test,btm_forest_ensemble_uniform,50,0.55,S-IoU,421,23,239,94.81981981981981,63.787878787878796,76.26811594202898
juniperus_seg_by_size_20260830_164608,test,btm_forest_ensemble_uniform,50,0.6,S-IoU,370,20,297,94.87179487179486,55.472263868065966,70.00946073793756
juniperus_seg_by_size_20260830_164608,test,btm_forest_ensemble_uniform,50,0.65,S-IoU,337,14,331,96.01139601139602,50.44910179640718,66.14327772325808
juniperus_seg_by_size_20260830_164608,test,btm_forest_ensemble_uniform,50,0.7,S-IoU,295,12,375,96.09120521172639,44.02985074626866,60.38894575230296
juniperus_seg_by_size_20260830_164608,test,btm_forest_ensemble_uniform,50,0.75,S-IoU,245,7,430,97.22222222222221,36.2962962962963,52.85868392664509
juniperus_seg_by_size_20260830_164608,test,btm_forest_ensemble_uniform,50,0.8,S-IoU,193,4,484,97.96954314720813,28.508124076809455,44.16475972540045
juniperus_seg_by_size_20260830_164608,test,btm_forest_ensemble_uniform,50,0.85,S-IoU,126,2,557,98.4375,18.448023426061493,31.072749691738593
juniperus_seg_by_size_20260830_164608,test,btm_forest_ensemble_uniform,50,0.9,S-IoU,47,0,643,100.0,6.811594202898551,12.754409769335142
juniperus_seg_by_size_20260830_164608,test,btm_forest_soup,50,0.25,S-IoU,102,2,585,98.07692307692307,14.847161572052403,25.790139064475348
juniperus_seg_by_size_20260830_164608,test,btm_forest_soup,50,0.3,S-IoU,76,2,613,97.43589743589743,11.030478955007258,19.817470664928294
juniperus_seg_by_size_20260830_164608,test,btm_forest_soup,50,0.35,S-IoU,53,1,637,98.14814814814815,7.681159420289855,14.24731182795699
juniperus_seg_by_size_20260830_164608,test,btm_forest_soup,50,0.4,S-IoU,40,0,650,100.0,5.797101449275362,10.95890410958904
juniperus_seg_by_size_20260830_164608,test,btm_forest_soup,50,0.45,S-IoU,22,0,668,100.0,3.1884057971014492,6.179775280898876
juniperus_seg_by_size_20260830_164608,test,btm_forest_soup,50,0.5,S-IoU,9,0,681,100.0,1.3043478260869565,2.575107296137339
juniperus_seg_by_size_20260830_164608,test,btm_forest_soup,50,0.55,S-IoU,4,0,686,100.0,0.5797101449275363,1.1527377521613833
juniperus_seg_by_size_20260830_164608,test,btm_forest_soup,50,0.6,S-IoU,0,0,690,0.0,0.0,0.0
juniperus_seg_by_size_20260830_164608,test,btm_forest_soup,50,0.65,S-IoU,0,0,690,0.0,0.0,0.0
juniperus_seg_by_size_20260830_164608,test,btm_forest_soup,50,0.7,S-IoU,0,0,690,0.0,0.0,0.0
juniperus_seg_by_size_20260830_164608,test,btm_forest_soup,50,0.75,S-IoU,0,0,690,0.0,0.0,0.0
juniperus_seg_by_size_20260830_164608,test,btm_forest_soup,50,0.8,S-IoU,0,0,690,0.0,0.0,0.0
juniperus_seg_by_size_20260830_164608,test,btm_forest_soup,50,0.85,S-IoU,0,0,690,0.0,0.0,0.0
juniperus_seg_by_size_20260830_164608,test,btm_forest_soup,50,0.9,S-IoU,0,0,690,0.0,0.0,0.0
juniperus_seg_by_size_20260830_164608,test,random_ensemble,50,0.25,S-IoU,487,43,171,91.88679245283019,74.01215805471124,81.98653198653197
juniperus_seg_by_size_20260830_164608,test,random_ensemble,50,0.3,S-IoU,415,30,244,93.25842696629213,62.9742033383915,75.18115942028984
juniperus_seg_by_size_20260830_164608,test,random_ensemble,50,0.35,S-IoU,331,20,335,94.30199430199431,49.6996996996997,65.09341199606688
juniperus_seg_by_size_20260830_164608,test,random_ensemble,50,0.4,S-IoU,256,13,412,95.16728624535315,38.32335329341318,54.64247598719317
juniperus_seg_by_size_20260830_164608,test,random_ensemble,50,0.45,S-IoU,193,11,477,94.6078431372549,28.805970149253728,44.16475972540045
juniperus_seg_by_size_20260830_164608,test,random_ensemble,50,0.5,S-IoU,135,9,537,93.75,20.089285714285715,33.088235294117645
juniperus_seg_by_size_20260830_164608,test,random_ensemble,50,0.55,S-IoU,95,7,579,93.13725490196079,14.094955489614245,24.48453608247423
juniperus_seg_by_size_20260830_164608,test,random_ensemble,50,0.6,S-IoU,77,6,601,92.7710843373494,11.35693215339233,20.236530880420503
juniperus_seg_by_size_20260830_164608,test,random_ensemble,50,0.65,S-IoU,54,5,628,91.52542372881356,7.9178885630498534,14.574898785425102
juniperus_seg_by_size_20260830_164608,test,random_ensemble,50,0.7,S-IoU,42,2,645,95.45454545454545,6.11353711790393,11.49110807113543
juniperus_seg_by_size_20260830_164608,test,random_ensemble,50,0.75,S-IoU,28,0,661,100.0,4.063860667634253,7.810320781032079
juniperus_seg_by_size_20260830_164608,test,random_ensemble,50,0.8,S-IoU,15,0,675,100.0,2.1739130434782608,4.255319148936169
juniperus_seg_by_size_20260830_164608,test,random_ensemble,50,0.85,S-IoU,6,0,684,100.0,0.8695652173913043,1.7241379310344827
juniperus_seg_by_size_20260830_164608,test,random_ensemble,50,0.9,S-IoU,1,0,689,100.0,0.14492753623188406,0.28943560057887124
juniperus_seg_by_size_20260830_164608,test,btm_forest_ensemble_weighted,50,0.05,S-IoU,597,113,56,84.08450704225352,91.42419601837672,87.6008804108584
juniperus_seg_by_size_20260830_164608,test,btm_forest_ensemble_weighted,50,0.08,S-IoU,579,85,73,87.19879518072288,88.8036809815951,87.99392097264437
juniperus_seg_by_size_20260830_164608,test,btm_forest_ensemble_weighted,50,0.1,S-IoU,562,78,88,87.8125,86.46153846153845,87.13178294573642
juniperus_seg_by_size_20260830_164608,test,btm_forest_ensemble_weighted,50,0.12,S-IoU,525,66,126,88.83248730964468,80.64516129032258,84.54106280193236
juniperus_seg_by_size_20260830_164608,test,btm_forest_ensemble_weighted,50,0.15,S-IoU,458,44,192,91.23505976095618,70.46153846153847,79.5138888888889
juniperus_seg_by_size_20260830_164608,test,btm_forest_ensemble_weighted,50,0.18,S-IoU,418,31,236,93.0957683741648,63.91437308868502,75.79329102447869
juniperus_seg_by_size_20260830_164608,test,btm_forest_ensemble_weighted,50,0.2,S-IoU,394,25,262,94.03341288782816,60.0609756097561,73.30232558139535
juniperus_seg_by_size_20260830_164608,test,btm_forest_ensemble_weighted,50,0.22,S-IoU,358,20,301,94.70899470899471,54.3247344461305,69.04532304725169
juniperus_seg_by_size_20260830_164608,test,btm_forest_ensemble_weighted,50,0.25,S-IoU,313,14,354,95.71865443425077,46.92653673163419,62.97786720321932
juniperus_seg_by_size_20260830_164608,test,btm_forest_ensemble_weighted,50,0.3,S-IoU,232,7,443,97.07112970711297,34.37037037037037,50.76586433260394
juniperus_seg_by_size_20260830_164608,test,btm_forest_ensemble_weighted,50,0.35,S-IoU,91,0,598,100.0,13.20754716981132,23.333333333333332
juniperus_seg_by_size_20260830_164608,test,btm_forest_ensemble_weighted,50,0.4,S-IoU,0,0,690,0.0,0.0,0.0
juniperus_seg_by_size_20260830_164608,test,btm_forest_ensemble_weighted,50,0.45,S-IoU,0,0,690,0.0,0.0,0.0
juniperus_seg_by_size_20260830_164608,test,btm_forest_ensemble_weighted,50,0.5,S-IoU,0,0,690,0.0,0.0,0.0
juniperus_seg_by_size_20260830_164608,test,btm_forest_ensemble_weighted,50,0.55,S-IoU,0,0,690,0.0,0.0,0.0
juniperus_seg_by_size_20260830_164608,test,btm_forest_ensemble_weighted,50,0.6,S-IoU,0,0,690,0.0,0.0,0.0
juniperus_seg_by_size_20260830_164608,test,btm_forest_ensemble_weighted,50,0.65,S-IoU,0,0,690,0.0,0.0,0.0
juniperus_seg_by_size_20260830_164608,test,btm_forest_ensemble_weighted,50,0.7,S-IoU,0,0,690,0.0,0.0,0.0
juniperus_seg_by_size_20260830_164608,test,btm_forest_ensemble_weighted,50,0.75,S-IoU,0,0,690,0.0,0.0,0.0
juniperus_seg_by_size_20260830_164608,test,btm_forest_ensemble_weighted,50,0.8,S-IoU,0,0,690,0.0,0.0,0.0
juniperus_seg_by_size_20260830_164608,test,btm_forest_ensemble_weighted,50,0.85,S-IoU,0,0,690,0.0,0.0,0.0
juniperus_seg_by_size_20260830_164608,test,btm_forest_ensemble_weighted,50,0.9,S-IoU,0,0,690,0.0,0.0,0.0
juniperus_seg_by_size_20260830_164608,field_work,dense_baseline,50,0.25,S-IoU,1311,356,375,78.64427114577084,77.75800711743773,78.19862809424396
juniperus_seg_by_size_20260830_164608,field_work,dense_baseline,50,0.3,S-IoU,1226,289,437,80.92409240924093,73.72218881539386,77.15544367526745
juniperus_seg_by_size_20260830_164608,field_work,dense_baseline,50,0.35,S-IoU,1148,251,502,82.05861329521088,69.57575757575758,75.30337815677271
juniperus_seg_by_size_20260830_164608,field_work,dense_baseline,50,0.4,S-IoU,1086,196,549,84.71138845553821,66.42201834862385,74.46006170723348
juniperus_seg_by_size_20260830_164608,field_work,dense_baseline,50,0.45,S-IoU,1001,168,632,85.62874251497006,61.29822412737293,71.44896502498216
juniperus_seg_by_size_20260830_164608,field_work,dense_baseline,50,0.5,S-IoU,931,140,708,86.9281045751634,56.80292861500915,68.70848708487085
juniperus_seg_by_size_20260830_164608,field_work,dense_baseline,50,0.55,S-IoU,852,106,799,88.93528183716074,51.60508782556027,65.3123802223074
juniperus_seg_by_size_20260830_164608,field_work,dense_baseline,50,0.6,S-IoU,765,76,899,90.96313912009512,45.97355769230769,61.07784431137725
juniperus_seg_by_size_20260830_164608,field_work,dense_baseline,50,0.65,S-IoU,668,58,1022,92.01101928374655,39.52662721893491,55.298013245033104
juniperus_seg_by_size_20260830_164608,field_work,dense_baseline,50,0.7,S-IoU,579,45,1131,92.78846153846155,33.85964912280702,49.61439588688946
juniperus_seg_by_size_20260830_164608,field_work,dense_baseline,50,0.75,S-IoU,488,33,1240,93.66602687140116,28.240740740740737,43.39706536238327
juniperus_seg_by_size_20260830_164608,field_work,dense_baseline,50,0.8,S-IoU,371,22,1376,94.40203562340967,21.23640526617058,34.67289719626168
juniperus_seg_by_size_20260830_164608,field_work,dense_baseline,50,0.85,S-IoU,244,5,1517,97.99196787148594,13.855763770584895,24.27860696517413
juniperus_seg_by_size_20260830_164608,field_work,dense_baseline,50,0.9,S-IoU,115,2,1652,98.29059829059828,6.508205998868139,12.208067940552018
juniperus_seg_by_size_20260830_164608,field_work,btm_forest_ensemble_uniform,50,0.25,S-IoU,1087,178,555,85.92885375494072,66.19975639464069,74.78500171998625
juniperus_seg_by_size_20260830_164608,field_work,btm_forest_ensemble_uniform,50,0.3,S-IoU,1007,143,625,87.56521739130434,61.70343137254902,72.39396117900792
juniperus_seg_by_size_20260830_164608,field_work,btm_forest_ensemble_uniform,50,0.35,S-IoU,948,118,679,88.93058161350844,58.26674861708666,70.40475306349795
juniperus_seg_by_size_20260830_164608,field_work,btm_forest_ensemble_uniform,50,0.4,S-IoU,871,92,770,90.44652128764278,53.077391834247415,66.89708141321044
juniperus_seg_by_size_20260830_164608,field_work,btm_forest_ensemble_uniform,50,0.45,S-IoU,803,75,840,91.45785876993166,48.874010955569084,63.704879016263384
juniperus_seg_by_size_20260830_164608,field_work,btm_forest_ensemble_uniform,50,0.5,S-IoU,749,62,897,92.35511713933415,45.504252733900366,60.968660968660956
juniperus_seg_by_size_20260830_164608,field_work,btm_forest_ensemble_uniform,50,0.55,S-IoU,662,41,1007,94.1678520625889,39.664469742360694,55.81787521079258
juniperus_seg_by_size_20260830_164608,field_work,btm_forest_ensemble_uniform,50,0.6,S-IoU,566,30,1120,94.96644295302013,33.570581257414,49.605609114811564
juniperus_seg_by_size_20260830_164608,field_work,btm_forest_ensemble_uniform,50,0.65,S-IoU,482,19,1219,96.20758483033931,28.336272780717227,43.77838328792007
juniperus_seg_by_size_20260830_164608,field_work,btm_forest_ensemble_uniform,50,0.7,S-IoU,382,11,1337,97.20101781170484,22.22222222222222,36.17424242424242
juniperus_seg_by_size_20260830_164608,field_work,btm_forest_ensemble_uniform,50,0.75,S-IoU,291,8,1441,97.32441471571906,16.8013856812933,28.65583456425406
juniperus_seg_by_size_20260830_164608,field_work,btm_forest_ensemble_uniform,50,0.8,S-IoU,190,3,1554,98.44559585492227,10.894495412844037,19.617965926690754
juniperus_seg_by_size_20260830_164608,field_work,btm_forest_ensemble_uniform,50,0.85,S-IoU,105,1,1655,99.05660377358491,5.965909090909091,11.254019292604502
juniperus_seg_by_size_20260830_164608,field_work,btm_forest_ensemble_uniform,50,0.9,S-IoU,26,0,1745,100.0,1.4680971202710333,2.8937117417918756
juniperus_seg_by_size_20260830_164608,field_work,btm_forest_soup,50,0.25,S-IoU,126,8,1641,94.02985074626866,7.130730050933787,13.256180957390848
juniperus_seg_by_size_20260830_164608,field_work,btm_forest_soup,50,0.3,S-IoU,97,4,1671,96.03960396039604,5.486425339366516,10.379882289994649
juniperus_seg_by_size_20260830_164608,field_work,btm_forest_soup,50,0.35,S-IoU,71,2,1699,97.26027397260275,4.011299435028248,7.704829083016819
juniperus_seg_by_size_20260830_164608,field_work,btm_forest_soup,50,0.4,S-IoU,50,0,1721,100.0,2.8232636928289105,5.491488193300385
juniperus_seg_by_size_20260830_164608,field_work,btm_forest_soup,50,0.45,S-IoU,27,0,1744,100.0,1.5245623941276116,3.0033370411568407
juniperus_seg_by_size_20260830_164608,field_work,btm_forest_soup,50,0.5,S-IoU,16,0,1755,100.0,0.9034443817052512,1.790710688304421
juniperus_seg_by_size_20260830_164608,field_work,btm_forest_soup,50,0.55,S-IoU,7,0,1764,100.0,0.3952569169960474,0.7874015748031495
juniperus_seg_by_size_20260830_164608,field_work,btm_forest_soup,50,0.6,S-IoU,2,0,1769,100.0,0.1129305477131564,0.22560631697687533
juniperus_seg_by_size_20260830_164608,field_work,btm_forest_soup,50,0.65,S-IoU,1,0,1770,100.0,0.0564652738565782,0.1128668171557562
juniperus_seg_by_size_20260830_164608,field_work,btm_forest_soup,50,0.7,S-IoU,0,0,1771,0.0,0.0,0.0
juniperus_seg_by_size_20260830_164608,field_work,btm_forest_soup,50,0.75,S-IoU,0,0,1771,0.0,0.0,0.0
juniperus_seg_by_size_20260830_164608,field_work,btm_forest_soup,50,0.8,S-IoU,0,0,1771,0.0,0.0,0.0
juniperus_seg_by_size_20260830_164608,field_work,btm_forest_soup,50,0.85,S-IoU,0,0,1771,0.0,0.0,0.0
juniperus_seg_by_size_20260830_164608,field_work,btm_forest_soup,50,0.9,S-IoU,0,0,1771,0.0,0.0,0.0
juniperus_seg_by_size_20260830_164608,field_work,random_ensemble,50,0.25,S-IoU,732,69,939,91.38576779026218,43.806104129263915,59.22330097087378
juniperus_seg_by_size_20260830_164608,field_work,random_ensemble,50,0.3,S-IoU,558,34,1144,94.25675675675676,32.78495887191539,48.648648648648646
juniperus_seg_by_size_20260830_164608,field_work,random_ensemble,50,0.35,S-IoU,422,23,1288,94.83146067415731,24.678362573099417,39.1647331786543
juniperus_seg_by_size_20260830_164608,field_work,random_ensemble,50,0.4,S-IoU,320,19,1405,94.3952802359882,18.55072463768116,31.00775193798449
juniperus_seg_by_size_20260830_164608,field_work,random_ensemble,50,0.45,S-IoU,232,10,1509,95.86776859504133,13.325674899483056,23.39889056984367
juniperus_seg_by_size_20260830_164608,field_work,random_ensemble,50,0.5,S-IoU,163,8,1588,95.32163742690058,9.308966304968589,16.961498439125915
juniperus_seg_by_size_20260830_164608,field_work,random_ensemble,50,0.55,S-IoU,125,6,1629,95.41984732824427,7.126567844925884,13.26259946949602
juniperus_seg_by_size_20260830_164608,field_work,random_ensemble,50,0.6,S-IoU,95,4,1663,95.95959595959596,5.40386803185438,10.231556273559505
juniperus_seg_by_size_20260830_164608,field_work,random_ensemble,50,0.65,S-IoU,63,2,1698,96.92307692307692,3.577512776831346,6.900328587075576
juniperus_seg_by_size_20260830_164608,field_work,random_ensemble,50,0.7,S-IoU,41,2,1721,95.34883720930233,2.3269012485811578,4.542936288088643
juniperus_seg_by_size_20260830_164608,field_work,random_ensemble,50,0.75,S-IoU,19,0,1750,100.0,1.0740531373657434,2.1252796420581657
juniperus_seg_by_size_20260830_164608,field_work,random_ensemble,50,0.8,S-IoU,3,0,1768,100.0,0.16939582156973462,0.3382187147688839
juniperus_seg_by_size_20260830_164608,field_work,random_ensemble,50,0.85,S-IoU,1,0,1770,100.0,0.0564652738565782,0.1128668171557562
juniperus_seg_by_size_20260830_164608,field_work,random_ensemble,50,0.9,S-IoU,0,0,1771,0.0,0.0,0.0
juniperus_seg_by_size_20260830_164608,field_work,btm_forest_ensemble_weighted,50,0.05,S-IoU,1083,170,559,86.43256185155627,65.95615103532278,74.81865284974093
juniperus_seg_by_size_20260830_164608,field_work,btm_forest_ensemble_weighted,50,0.08,S-IoU,993,132,639,88.26666666666667,60.845588235294116,72.0348204570185
juniperus_seg_by_size_20260830_164608,field_work,btm_forest_ensemble_weighted,50,0.1,S-IoU,953,115,676,89.23220973782772,58.50214855739717,70.67111605487578
juniperus_seg_by_size_20260830_164608,field_work,btm_forest_ensemble_weighted,50,0.12,S-IoU,848,92,766,90.2127659574468,52.540272614622054,66.40563821456537
juniperus_seg_by_size_20260830_164608,field_work,btm_forest_ensemble_weighted,50,0.15,S-IoU,706,67,921,91.33247089262613,43.39274738783036,58.83333333333333
juniperus_seg_by_size_20260830_164608,field_work,btm_forest_ensemble_weighted,50,0.18,S-IoU,608,52,1033,92.12121212121212,37.05057891529555,52.84658843980877
juniperus_seg_by_size_20260830_164608,field_work,btm_forest_ensemble_weighted,50,0.2,S-IoU,576,46,1070,92.60450160771704,34.993924665856625,50.793650793650805
juniperus_seg_by_size_20260830_164608,field_work,btm_forest_ensemble_weighted,50,0.22,S-IoU,525,35,1139,93.75,31.55048076923077,47.21223021582735
juniperus_seg_by_size_20260830_164608,field_work,btm_forest_ensemble_weighted,50,0.25,S-IoU,440,22,1250,95.23809523809523,26.035502958579883,40.89219330855018
juniperus_seg_by_size_20260830_164608,field_work,btm_forest_ensemble_weighted,50,0.3,S-IoU,262,7,1470,97.39776951672863,15.1270207852194,26.18690654672664
juniperus_seg_by_size_20260830_164608,field_work,btm_forest_ensemble_weighted,50,0.35,S-IoU,69,0,1700,100.0,3.900508762012436,7.5081610446137095
juniperus_seg_by_size_20260830_164608,field_work,btm_forest_ensemble_weighted,50,0.4,S-IoU,0,0,1771,0.0,0.0,0.0
juniperus_seg_by_size_20260830_164608,field_work,btm_forest_ensemble_weighted,50,0.45,S-IoU,0,0,1771,0.0,0.0,0.0
juniperus_seg_by_size_20260830_164608,field_work,btm_forest_ensemble_weighted,50,0.5,S-IoU,0,0,1771,0.0,0.0,0.0
juniperus_seg_by_size_20260830_164608,field_work,btm_forest_ensemble_weighted,50,0.55,S-IoU,0,0,1771,0.0,0.0,0.0
juniperus_seg_by_size_20260830_164608,field_work,btm_forest_ensemble_weighted,50,0.6,S-IoU,0,0,1771,0.0,0.0,0.0
juniperus_seg_by_size_20260830_164608,field_work,btm_forest_ensemble_weighted,50,0.65,S-IoU,0,0,1771,0.0,0.0,0.0
juniperus_seg_by_size_20260830_164608,field_work,btm_forest_ensemble_weighted,50,0.7,S-IoU,0,0,1771,0.0,0.0,0.0
juniperus_seg_by_size_20260830_164608,field_work,btm_forest_ensemble_weighted,50,0.75,S-IoU,0,0,1771,0.0,0.0,0.0
juniperus_seg_by_size_20260830_164608,field_work,btm_forest_ensemble_weighted,50,0.8,S-IoU,0,0,1771,0.0,0.0,0.0
juniperus_seg_by_size_20260830_164608,field_work,btm_forest_ensemble_weighted,50,0.85,S-IoU,0,0,1771,0.0,0.0,0.0
juniperus_seg_by_size_20260830_164608,field_work,btm_forest_ensemble_weighted,50,0.9,S-IoU,0,0,1771,0.0,0.0,0.0
juniperus_seg_by_size_20260830_221329,test,dense_baseline,50,0.25,S-IoU,636,208,24,75.35545023696683,96.36363636363636,84.57446808510637
juniperus_seg_by_size_20260830_221329,test,dense_baseline,50,0.3,S-IoU,630,175,29,78.26086956521739,95.59939301972686,86.06557377049181
juniperus_seg_by_size_20260830_221329,test,dense_baseline,50,0.35,S-IoU,619,153,32,80.18134715025906,95.08448540706605,86.9992972593113
juniperus_seg_by_size_20260830_221329,test,dense_baseline,50,0.4,S-IoU,609,133,41,82.0754716981132,93.6923076923077,87.5
juniperus_seg_by_size_20260830_221329,test,dense_baseline,50,0.45,S-IoU,594,109,50,84.4950213371266,92.2360248447205,88.19599109131403
juniperus_seg_by_size_20260830_221329,test,dense_baseline,50,0.5,S-IoU,586,91,59,86.55834564254063,90.85271317829458,88.6535552193646
juniperus_seg_by_size_20260830_221329,test,dense_baseline,50,0.55,S-IoU,566,67,76,89.41548183254343,88.1619937694704,88.7843137254902
juniperus_seg_by_size_20260830_221329,test,dense_baseline,50,0.6,S-IoU,547,53,99,91.16666666666666,84.6749226006192,87.80096308186195
juniperus_seg_by_size_20260830_221329,test,dense_baseline,50,0.65,S-IoU,519,38,136,93.17773788150808,79.23664122137404,85.64356435643565
juniperus_seg_by_size_20260830_221329,test,dense_baseline,50,0.7,S-IoU,485,31,174,93.9922480620155,73.59635811836115,82.55319148936171
juniperus_seg_by_size_20260830_221329,test,dense_baseline,50,0.75,S-IoU,437,19,224,95.83333333333334,66.11195158850227,78.2452999104745
juniperus_seg_by_size_20260830_221329,test,dense_baseline,50,0.8,S-IoU,369,9,300,97.61904761904762,55.15695067264574,70.48710601719196
juniperus_seg_by_size_20260830_221329,test,dense_baseline,50,0.85,S-IoU,284,5,390,98.26989619377161,42.13649851632047,58.982346832814116
juniperus_seg_by_size_20260830_221329,test,dense_baseline,50,0.9,S-IoU,175,4,507,97.76536312849163,25.65982404692082,40.65040650406504
juniperus_seg_by_size_20260830_221329,test,btm_forest_ensemble_uniform,50,0.25,S-IoU,624,192,32,76.47058823529412,95.1219512195122,84.78260869565216
juniperus_seg_by_size_20260830_221329,test,btm_forest_ensemble_uniform,50,0.3,S-IoU,612,155,45,79.79139504563233,93.15068493150685,85.95505617977528
juniperus_seg_by_size_20260830_221329,test,btm_forest_ensemble_uniform,50,0.35,S-IoU,599,129,54,82.28021978021978,91.73047473200613,86.74873280231715
juniperus_seg_by_size_20260830_221329,test,btm_forest_ensemble_uniform,50,0.4,S-IoU,583,108,68,84.37047756874095,89.55453149001536,86.88524590163934
juniperus_seg_by_size_20260830_221329,test,btm_forest_ensemble_uniform,50,0.45,S-IoU,560,83,90,87.09175738724728,86.15384615384616,86.6202629543697
juniperus_seg_by_size_20260830_221329,test,btm_forest_ensemble_uniform,50,0.5,S-IoU,529,64,119,89.20741989881957,81.6358024691358,85.25382755842061
juniperus_seg_by_size_20260830_221329,test,btm_forest_ensemble_uniform,50,0.55,S-IoU,502,50,150,90.94202898550725,76.99386503067484,83.38870431893689
juniperus_seg_by_size_20260830_221329,test,btm_forest_ensemble_uniform,50,0.6,S-IoU,471,40,178,92.17221135029354,72.57318952234206,81.20689655172413
juniperus_seg_by_size_20260830_221329,test,btm_forest_ensemble_uniform,50,0.65,S-IoU,440,30,211,93.61702127659575,67.58832565284179,78.50133809099019
juniperus_seg_by_size_20260830_221329,test,btm_forest_ensemble_uniform,50,0.7,S-IoU,400,21,255,95.01187648456056,61.06870229007634,74.34944237918216
juniperus_seg_by_size_20260830_221329,test,btm_forest_ensemble_uniform,50,0.75,S-IoU,343,18,317,95.01385041551247,51.96969696969697,67.18903036238983
juniperus_seg_by_size_20260830_221329,test,btm_forest_ensemble_uniform,50,0.8,S-IoU,304,15,359,95.29780564263322,45.85218702865762,61.91446028513238
juniperus_seg_by_size_20260830_221329,test,btm_forest_ensemble_uniform,50,0.85,S-IoU,228,8,443,96.61016949152543,33.97913561847988,50.27563395810364
juniperus_seg_by_size_20260830_221329,test,btm_forest_ensemble_uniform,50,0.9,S-IoU,125,4,556,96.89922480620154,18.355359765051396,30.864197530864196
juniperus_seg_by_size_20260830_221329,test,btm_forest_soup,50,0.25,S-IoU,272,21,410,92.83276450511946,39.882697947214076,55.794871794871796
juniperus_seg_by_size_20260830_221329,test,btm_forest_soup,50,0.3,S-IoU,253,15,430,94.40298507462687,37.042459736456806,53.20715036803365
juniperus_seg_by_size_20260830_221329,test,btm_forest_soup,50,0.35,S-IoU,229,13,455,94.62809917355372,33.47953216374269,49.46004319654428
juniperus_seg_by_size_20260830_221329,test,btm_forest_soup,50,0.4,S-IoU,207,12,477,94.52054794520548,30.263157894736842,45.84717607973422
juniperus_seg_by_size_20260830_221329,test,btm_forest_soup,50,0.45,S-IoU,182,10,502,94.79166666666666,26.608187134502927,41.55251141552512
juniperus_seg_by_size_20260830_221329,test,btm_forest_soup,50,0.5,S-IoU,168,8,517,95.45454545454545,24.525547445255473,39.02439024390244
juniperus_seg_by_size_20260830_221329,test,btm_forest_soup,50,0.55,S-IoU,139,5,548,96.52777777777779,20.232896652110625,33.45367027677497
juniperus_seg_by_size_20260830_221329,test,btm_forest_soup,50,0.6,S-IoU,105,3,583,97.22222222222221,15.261627906976743,26.38190954773869
juniperus_seg_by_size_20260830_221329,test,btm_forest_soup,50,0.65,S-IoU,79,2,610,97.53086419753086,11.46589259796807,20.519480519480517
juniperus_seg_by_size_20260830_221329,test,btm_forest_soup,50,0.7,S-IoU,45,0,645,100.0,6.521739130434782,12.244897959183671
juniperus_seg_by_size_20260830_221329,test,btm_forest_soup,50,0.75,S-IoU,16,0,674,100.0,2.318840579710145,4.53257790368272
juniperus_seg_by_size_20260830_221329,test,btm_forest_soup,50,0.8,S-IoU,0,0,690,0.0,0.0,0.0
juniperus_seg_by_size_20260830_221329,test,btm_forest_soup,50,0.85,S-IoU,0,0,690,0.0,0.0,0.0
juniperus_seg_by_size_20260830_221329,test,btm_forest_soup,50,0.9,S-IoU,0,0,690,0.0,0.0,0.0
juniperus_seg_by_size_20260830_221329,test,random_ensemble,50,0.25,S-IoU,518,67,138,88.54700854700855,78.96341463414635,83.48106365834005
juniperus_seg_by_size_20260830_221329,test,random_ensemble,50,0.3,S-IoU,436,39,228,91.78947368421052,65.66265060240963,76.55838454784897
juniperus_seg_by_size_20260830_221329,test,random_ensemble,50,0.35,S-IoU,328,31,337,91.36490250696379,49.32330827067669,64.0625
juniperus_seg_by_size_20260830_221329,test,random_ensemble,50,0.4,S-IoU,244,19,426,92.77566539923954,36.417910447761194,52.30439442658093
juniperus_seg_by_size_20260830_221329,test,random_ensemble,50,0.45,S-IoU,171,11,509,93.95604395604396,25.147058823529413,39.67517401392111
juniperus_seg_by_size_20260830_221329,test,random_ensemble,50,0.5,S-IoU,119,6,567,95.19999999999999,17.346938775510203,29.34648581997534
juniperus_seg_by_size_20260830_221329,test,random_ensemble,50,0.55,S-IoU,74,2,616,97.36842105263158,10.72463768115942,19.321148825065272
juniperus_seg_by_size_20260830_221329,test,random_ensemble,50,0.6,S-IoU,18,1,672,94.73684210526315,2.608695652173913,5.077574047954866
juniperus_seg_by_size_20260830_221329,test,random_ensemble,50,0.65,S-IoU,6,1,684,85.71428571428571,0.8695652173913043,1.7216642754662843
juniperus_seg_by_size_20260830_221329,test,random_ensemble,50,0.7,S-IoU,2,1,688,66.66666666666666,0.2898550724637681,0.5772005772005773
juniperus_seg_by_size_20260830_221329,test,random_ensemble,50,0.75,S-IoU,1,0,689,100.0,0.14492753623188406,0.28943560057887124
juniperus_seg_by_size_20260830_221329,test,random_ensemble,50,0.8,S-IoU,1,0,689,100.0,0.14492753623188406,0.28943560057887124
juniperus_seg_by_size_20260830_221329,test,random_ensemble,50,0.85,S-IoU,1,0,689,100.0,0.14492753623188406,0.28943560057887124
juniperus_seg_by_size_20260830_221329,test,random_ensemble,50,0.9,S-IoU,0,0,690,0.0,0.0,0.0
juniperus_seg_by_size_20260830_221329,test,btm_forest_ensemble_weighted,50,0.08,S-IoU,608,160,47,79.16666666666666,92.82442748091603,85.45326774420238
juniperus_seg_by_size_20260830_221329,test,btm_forest_ensemble_weighted,50,0.1,S-IoU,591,144,62,80.40816326530611,90.50535987748852,85.15850144092218
juniperus_seg_by_size_20260830_221329,test,btm_forest_ensemble_weighted,50,0.12,S-IoU,568,114,82,83.28445747800586,87.38461538461539,85.28528528528528
juniperus_seg_by_size_20260830_221329,test,btm_forest_ensemble_weighted,50,0.15,S-IoU,524,85,127,86.04269293924466,80.4915514592934,83.17460317460318
juniperus_seg_by_size_20260830_221329,test,btm_forest_ensemble_weighted,50,0.18,S-IoU,478,67,173,87.70642201834863,73.42549923195084,79.93311036789298
juniperus_seg_by_size_20260830_221329,test,btm_forest_ensemble_weighted,50,0.2,S-IoU,462,52,189,89.88326848249028,70.96774193548387,79.31330472103004
juniperus_seg_by_size_20260830_221329,test,btm_forest_ensemble_weighted,50,0.22,S-IoU,438,42,212,91.25,67.38461538461539,77.5221238938053
juniperus_seg_by_size_20260830_221329,test,btm_forest_ensemble_weighted,50,0.25,S-IoU,415,33,237,92.63392857142857,63.65030674846626,75.45454545454545
juniperus_seg_by_size_20260830_221329,test,btm_forest_ensemble_weighted,50,0.3,S-IoU,327,15,336,95.6140350877193,49.321266968325794,65.07462686567163
juniperus_seg_by_size_20260830_221329,test,btm_forest_ensemble_weighted,50,0.35,S-IoU,65,0,625,100.0,9.420289855072465,17.218543046357617
juniperus_seg_by_size_20260830_221329,test,btm_forest_ensemble_weighted,50,0.4,S-IoU,0,0,690,0.0,0.0,0.0
juniperus_seg_by_size_20260830_221329,test,btm_forest_ensemble_weighted,50,0.45,S-IoU,0,0,690,0.0,0.0,0.0
juniperus_seg_by_size_20260830_221329,test,btm_forest_ensemble_weighted,50,0.5,S-IoU,0,0,690,0.0,0.0,0.0
juniperus_seg_by_size_20260830_221329,test,btm_forest_ensemble_weighted,50,0.55,S-IoU,0,0,690,0.0,0.0,0.0
juniperus_seg_by_size_20260830_221329,test,btm_forest_ensemble_weighted,50,0.6,S-IoU,0,0,690,0.0,0.0,0.0
juniperus_seg_by_size_20260830_221329,test,btm_forest_ensemble_weighted,50,0.65,S-IoU,0,0,690,0.0,0.0,0.0
juniperus_seg_by_size_20260830_221329,test,btm_forest_ensemble_weighted,50,0.7,S-IoU,0,0,690,0.0,0.0,0.0
juniperus_seg_by_size_20260830_221329,test,btm_forest_ensemble_weighted,50,0.75,S-IoU,0,0,690,0.0,0.0,0.0
juniperus_seg_by_size_20260830_221329,test,btm_forest_ensemble_weighted,50,0.8,S-IoU,0,0,690,0.0,0.0,0.0
juniperus_seg_by_size_20260830_221329,test,btm_forest_ensemble_weighted,50,0.85,S-IoU,0,0,690,0.0,0.0,0.0
juniperus_seg_by_size_20260830_221329,test,btm_forest_ensemble_weighted,50,0.9,S-IoU,0,0,690,0.0,0.0,0.0
juniperus_seg_by_size_20260830_221329,field_work,dense_baseline,50,0.25,S-IoU,1347,382,318,77.9063042220937,80.9009009009009,79.37536829699468
juniperus_seg_by_size_20260830_221329,field_work,dense_baseline,50,0.3,S-IoU,1305,314,354,80.60531192093885,78.6618444846293,79.62172056131787
juniperus_seg_by_size_20260830_221329,field_work,dense_baseline,50,0.35,S-IoU,1250,254,393,83.11170212765957,76.08034083992696,79.4407372100413
juniperus_seg_by_size_20260830_221329,field_work,dense_baseline,50,0.4,S-IoU,1192,210,448,85.02139800285306,72.6829268292683,78.36949375410913
juniperus_seg_by_size_20260830_221329,field_work,dense_baseline,50,0.45,S-IoU,1138,173,496,86.80396643783371,69.64504283965728,77.28353140916808
juniperus_seg_by_size_20260830_221329,field_work,dense_baseline,50,0.5,S-IoU,1068,139,567,88.48384424192211,65.3211009174312,75.15833919774806
juniperus_seg_by_size_20260830_221329,field_work,dense_baseline,50,0.55,S-IoU,999,116,638,89.59641255605382,61.026267562614535,72.6017441860465
juniperus_seg_by_size_20260830_221329,field_work,dense_baseline,50,0.6,S-IoU,915,96,729,90.50445103857567,55.65693430656934,68.92655367231637
juniperus_seg_by_size_20260830_221329,field_work,dense_baseline,50,0.65,S-IoU,817,75,839,91.59192825112108,49.335748792270536,64.1287284144427
juniperus_seg_by_size_20260830_221329,field_work,dense_baseline,50,0.7,S-IoU,729,64,937,91.92938209331652,43.75750300120048,59.292395282635226
juniperus_seg_by_size_20260830_221329,field_work,dense_baseline,50,0.75,S-IoU,615,50,1070,92.4812030075188,36.49851632047478,52.34042553191489
juniperus_seg_by_size_20260830_221329,field_work,dense_baseline,50,0.8,S-IoU,483,30,1226,94.15204678362574,28.26214160327677,43.47434743474347
juniperus_seg_by_size_20260830_221329,field_work,dense_baseline,50,0.85,S-IoU,352,13,1382,96.43835616438356,20.29988465974625,33.539780848022865
juniperus_seg_by_size_20260830_221329,field_work,dense_baseline,50,0.9,S-IoU,198,1,1565,99.49748743718592,11.230856494611457,20.18348623853211
juniperus_seg_by_size_20260830_221329,field_work,btm_forest_ensemble_uniform,50,0.25,S-IoU,1198,282,448,80.94594594594594,72.78250303766707,76.64747280870122
juniperus_seg_by_size_20260830_221329,field_work,btm_forest_ensemble_uniform,50,0.3,S-IoU,1139,245,492,82.29768786127167,69.83445738810545,75.55555555555556
juniperus_seg_by_size_20260830_221329,field_work,btm_forest_ensemble_uniform,50,0.35,S-IoU,1086,205,542,84.12083656080557,66.70761670761671,74.40904419321686
juniperus_seg_by_size_20260830_221329,field_work,btm_forest_ensemble_uniform,50,0.4,S-IoU,1021,166,605,86.0151642796967,62.79212792127922,72.59153928190545
juniperus_seg_by_size_20260830_221329,field_work,btm_forest_ensemble_uniform,50,0.45,S-IoU,978,144,651,87.16577540106952,60.036832412523026,71.10141766630318
juniperus_seg_by_size_20260830_221329,field_work,btm_forest_ensemble_uniform,50,0.5,S-IoU,906,121,738,88.21811100292113,55.1094890510949,67.83976038936729
juniperus_seg_by_size_20260830_221329,field_work,btm_forest_ensemble_uniform,50,0.55,S-IoU,848,99,798,89.54593453009504,51.518833535844465,65.40686463555727
juniperus_seg_by_size_20260830_221329,field_work,btm_forest_ensemble_uniform,50,0.6,S-IoU,778,81,873,90.57043073341094,47.122955784373104,61.992031872509955
juniperus_seg_by_size_20260830_221329,field_work,btm_forest_ensemble_uniform,50,0.65,S-IoU,682,71,973,90.57104913678619,41.20845921450151,56.644518272425245
juniperus_seg_by_size_20260830_221329,field_work,btm_forest_ensemble_uniform,50,0.7,S-IoU,585,59,1083,90.83850931677019,35.07194244604317,50.60553633217994
juniperus_seg_by_size_20260830_221329,field_work,btm_forest_ensemble_uniform,50,0.75,S-IoU,492,43,1192,91.96261682242991,29.216152019002372,44.34429923388914
juniperus_seg_by_size_20260830_221329,field_work,btm_forest_ensemble_uniform,50,0.8,S-IoU,378,26,1323,93.56435643564357,22.22222222222222,35.91448931116389
juniperus_seg_by_size_20260830_221329,field_work,btm_forest_ensemble_uniform,50,0.85,S-IoU,269,16,1451,94.38596491228071,15.639534883720929,26.83291770573566
juniperus_seg_by_size_20260830_221329,field_work,btm_forest_ensemble_uniform,50,0.9,S-IoU,134,7,1624,95.0354609929078,7.622298065984073,14.112690889942076
juniperus_seg_by_size_20260830_221329,field_work,btm_forest_soup,50,0.25,S-IoU,383,34,1353,91.84652278177458,22.062211981566822,35.5782628889921
juniperus_seg_by_size_20260830_221329,field_work,btm_forest_soup,50,0.3,S-IoU,342,31,1400,91.68900804289544,19.63260619977038,32.34042553191489
juniperus_seg_by_size_20260830_221329,field_work,btm_forest_soup,50,0.35,S-IoU,301,26,1446,92.04892966360856,17.22953634802519,29.02603664416586
juniperus_seg_by_size_20260830_221329,field_work,btm_forest_soup,50,0.4,S-IoU,261,20,1490,92.88256227758008,14.905768132495718,25.68897637795276
juniperus_seg_by_size_20260830_221329,field_work,btm_forest_soup,50,0.45,S-IoU,227,15,1529,93.80165289256198,12.927107061503417,22.722722722722725
juniperus_seg_by_size_20260830_221329,field_work,btm_forest_soup,50,0.5,S-IoU,190,11,1571,94.5273631840796,10.789324247586599,19.367991845056068
juniperus_seg_by_size_20260830_221329,field_work,btm_forest_soup,50,0.55,S-IoU,154,10,1607,93.90243902439023,8.745031232254401,15.999999999999998
juniperus_seg_by_size_20260830_221329,field_work,btm_forest_soup,50,0.6,S-IoU,122,6,1642,95.3125,6.91609977324263,12.896405919661733
juniperus_seg_by_size_20260830_221329,field_work,btm_forest_soup,50,0.65,S-IoU,88,4,1677,95.65217391304348,4.985835694050992,9.477652127086698
juniperus_seg_by_size_20260830_221329,field_work,btm_forest_soup,50,0.7,S-IoU,50,0,1720,100.0,2.824858757062147,5.4945054945054945
juniperus_seg_by_size_20260830_221329,field_work,btm_forest_soup,50,0.75,S-IoU,12,0,1759,100.0,0.6775832862789385,1.346045989904655
juniperus_seg_by_size_20260830_221329,field_work,btm_forest_soup,50,0.8,S-IoU,0,0,1771,0.0,0.0,0.0
juniperus_seg_by_size_20260830_221329,field_work,btm_forest_soup,50,0.85,S-IoU,0,0,1771,0.0,0.0,0.0
juniperus_seg_by_size_20260830_221329,field_work,btm_forest_soup,50,0.9,S-IoU,0,0,1771,0.0,0.0,0.0
juniperus_seg_by_size_20260830_221329,field_work,random_ensemble,50,0.25,S-IoU,853,138,809,86.07467204843591,51.323706377858,64.30456087448172
juniperus_seg_by_size_20260830_221329,field_work,random_ensemble,50,0.3,S-IoU,629,96,1049,86.75862068965517,37.48510131108462,52.351227632126516
juniperus_seg_by_size_20260830_221329,field_work,random_ensemble,50,0.35,S-IoU,441,52,1266,89.4523326572008,25.83479789103691,40.09090909090909
juniperus_seg_by_size_20260830_221329,field_work,random_ensemble,50,0.4,S-IoU,284,27,1448,91.31832797427653,16.397228637413395,27.802251590797844
juniperus_seg_by_size_20260830_221329,field_work,random_ensemble,50,0.45,S-IoU,195,16,1552,92.41706161137441,11.161991986262164,19.918283963227783
juniperus_seg_by_size_20260830_221329,field_work,random_ensemble,50,0.5,S-IoU,123,9,1635,93.18181818181817,6.996587030716723,13.015873015873018
juniperus_seg_by_size_20260830_221329,field_work,random_ensemble,50,0.55,S-IoU,62,4,1702,93.93939393939394,3.5147392290249435,6.775956284153006
juniperus_seg_by_size_20260830_221329,field_work,random_ensemble,50,0.6,S-IoU,13,0,1757,100.0,0.7344632768361582,1.4582164890633764
juniperus_seg_by_size_20260830_221329,field_work,random_ensemble,50,0.65,S-IoU,1,0,1770,100.0,0.0564652738565782,0.1128668171557562
juniperus_seg_by_size_20260830_221329,field_work,random_ensemble,50,0.7,S-IoU,1,0,1770,100.0,0.0564652738565782,0.1128668171557562
juniperus_seg_by_size_20260830_221329,field_work,random_ensemble,50,0.75,S-IoU,0,0,1771,0.0,0.0,0.0
juniperus_seg_by_size_20260830_221329,field_work,random_ensemble,50,0.8,S-IoU,0,0,1771,0.0,0.0,0.0
juniperus_seg_by_size_20260830_221329,field_work,random_ensemble,50,0.85,S-IoU,0,0,1771,0.0,0.0,0.0
juniperus_seg_by_size_20260830_221329,field_work,random_ensemble,50,0.9,S-IoU,0,0,1771,0.0,0.0,0.0
juniperus_seg_by_size_20260830_221329,field_work,btm_forest_ensemble_weighted,50,0.08,S-IoU,1135,239,499,82.60553129548762,69.46144430844554,75.4654255319149
juniperus_seg_by_size_20260830_221329,field_work,btm_forest_ensemble_weighted,50,0.1,S-IoU,1092,218,533,83.3587786259542,67.2,74.41226575809199
juniperus_seg_by_size_20260830_221329,field_work,btm_forest_ensemble_weighted,50,0.12,S-IoU,1019,191,600,84.21487603305785,62.940086473131565,72.039589961117
juniperus_seg_by_size_20260830_221329,field_work,btm_forest_ensemble_weighted,50,0.15,S-IoU,872,145,754,85.74237954768928,53.62853628536285,65.98562239878925
juniperus_seg_by_size_20260830_221329,field_work,btm_forest_ensemble_weighted,50,0.18,S-IoU,771,120,861,86.53198653198653,47.24264705882353,61.117717003567186
juniperus_seg_by_size_20260830_221329,field_work,btm_forest_ensemble_weighted,50,0.2,S-IoU,733,106,908,87.36591179976162,44.667885435709934,59.11290322580645
juniperus_seg_by_size_20260830_221329,field_work,btm_forest_ensemble_weighted,50,0.22,S-IoU,694,90,956,88.5204081632653,42.06060606060606,57.02547247329499
juniperus_seg_by_size_20260830_221329,field_work,btm_forest_ensemble_weighted,50,0.25,S-IoU,641,73,1018,89.77591036414566,38.637733574442436,54.0244416350611
juniperus_seg_by_size_20260830_221329,field_work,btm_forest_ensemble_weighted,50,0.3,S-IoU,456,36,1242,92.6829268292683,26.855123674911663,41.64383561643836
juniperus_seg_by_size_20260830_221329,field_work,btm_forest_ensemble_weighted,50,0.35,S-IoU,68,2,1699,97.14285714285714,3.8483305036785516,7.403375068045727
juniperus_seg_by_size_20260830_221329,field_work,btm_forest_ensemble_weighted,50,0.4,S-IoU,0,0,1771,0.0,0.0,0.0
juniperus_seg_by_size_20260830_221329,field_work,btm_forest_ensemble_weighted,50,0.45,S-IoU,0,0,1771,0.0,0.0,0.0
juniperus_seg_by_size_20260830_221329,field_work,btm_forest_ensemble_weighted,50,0.5,S-IoU,0,0,1771,0.0,0.0,0.0
juniperus_seg_by_size_20260830_221329,field_work,btm_forest_ensemble_weighted,50,0.55,S-IoU,0,0,1771,0.0,0.0,0.0
juniperus_seg_by_size_20260830_221329,field_work,btm_forest_ensemble_weighted,50,0.6,S-IoU,0,0,1771,0.0,0.0,0.0
juniperus_seg_by_size_20260830_221329,field_work,btm_forest_ensemble_weighted,50,0.65,S-IoU,0,0,1771,0.0,0.0,0.0
juniperus_seg_by_size_20260830_221329,field_work,btm_forest_ensemble_weighted,50,0.7,S-IoU,0,0,1771,0.0,0.0,0.0
juniperus_seg_by_size_20260830_221329,field_work,btm_forest_ensemble_weighted,50,0.75,S-IoU,0,0,1771,0.0,0.0,0.0
juniperus_seg_by_size_20260830_221329,field_work,btm_forest_ensemble_weighted,50,0.8,S-IoU,0,0,1771,0.0,0.0,0.0
juniperus_seg_by_size_20260830_221329,field_work,btm_forest_ensemble_weighted,50,0.85,S-IoU,0,0,1771,0.0,0.0,0.0
juniperus_seg_by_size_20260830_221329,field_work,btm_forest_ensemble_weighted,50,0.9,S-IoU,0,0,1771,0.0,0.0,0.0
juniperus_seg_by_region_20260831_073029,test,dense_baseline,50,0.25,S-IoU,624,165,23,79.08745247148289,96.44513137557959,86.90807799442896
juniperus_seg_by_region_20260831_073029,test,dense_baseline,50,0.3,S-IoU,615,141,28,81.34920634920636,95.64541213063764,87.91994281629736
juniperus_seg_by_region_20260831_073029,test,dense_baseline,50,0.35,S-IoU,605,117,35,83.79501385041551,94.53125,88.83994126284875
juniperus_seg_by_region_20260831_073029,test,dense_baseline,50,0.4,S-IoU,597,98,43,85.89928057553958,93.28125,89.43820224719101
juniperus_seg_by_region_20260831_073029,test,dense_baseline,50,0.45,S-IoU,585,81,54,87.83783783783784,91.54929577464789,89.65517241379311
juniperus_seg_by_region_20260831_073029,test,dense_baseline,50,0.5,S-IoU,578,68,60,89.47368421052632,90.59561128526646,90.03115264797509
juniperus_seg_by_region_20260831_073029,test,dense_baseline,50,0.55,S-IoU,566,58,72,90.7051282051282,88.71473354231975,89.69889064976229
juniperus_seg_by_region_20260831_073029,test,dense_baseline,50,0.6,S-IoU,553,40,90,93.25463743676222,86.00311041990669,89.4822006472492
juniperus_seg_by_region_20260831_073029,test,dense_baseline,50,0.65,S-IoU,534,30,111,94.68085106382979,82.7906976744186,88.33746898263027
juniperus_seg_by_region_20260831_073029,test,dense_baseline,50,0.7,S-IoU,503,18,150,96.54510556621881,77.0290964777948,85.68994889267462
juniperus_seg_by_region_20260831_073029,test,dense_baseline,50,0.75,S-IoU,454,11,206,97.63440860215053,68.78787878787878,80.71111111111111
juniperus_seg_by_region_20260831_073029,test,dense_baseline,50,0.8,S-IoU,380,7,289,98.19121447028424,56.80119581464873,71.96969696969697
juniperus_seg_by_region_20260831_073029,test,dense_baseline,50,0.85,S-IoU,269,6,409,97.81818181818181,39.67551622418879,56.4533053515215
juniperus_seg_by_region_20260831_073029,test,dense_baseline,50,0.9,S-IoU,99,2,586,98.01980198019803,14.452554744525548,25.190839694656486
juniperus_seg_by_region_20260831_073029,test,btm_forest_ensemble_uniform,50,0.25,S-IoU,678,243,19,73.61563517915309,97.27403156384506,83.80716934487022
juniperus_seg_by_region_20260831_073029,test,btm_forest_ensemble_uniform,50,0.3,S-IoU,656,212,26,75.57603686635944,96.18768328445748,84.64516129032258
juniperus_seg_by_region_20260831_073029,test,btm_forest_ensemble_uniform,50,0.35,S-IoU,644,180,32,78.15533980582524,95.26627218934911,85.86666666666666
juniperus_seg_by_region_20260831_073029,test,btm_forest_ensemble_uniform,50,0.4,S-IoU,631,152,39,80.5874840357599,94.17910447761194,86.8547832071576
juniperus_seg_by_region_20260831_073029,test,btm_forest_ensemble_uniform,50,0.45,S-IoU,622,129,42,82.82290279627163,93.67469879518072,87.91519434628977
juniperus_seg_by_region_20260831_073029,test,btm_forest_ensemble_uniform,50,0.5,S-IoU,608,112,49,84.44444444444444,92.54185692541856,88.30791575889614
juniperus_seg_by_region_20260831_073029,test,btm_forest_ensemble_uniform,50,0.55,S-IoU,598,85,59,87.55490483162518,91.01978691019787,89.25373134328358
juniperus_seg_by_region_20260831_073029,test,btm_forest_ensemble_uniform,50,0.6,S-IoU,573,63,88,90.09433962264151,86.68683812405446,88.35774865073246
juniperus_seg_by_region_20260831_073029,test,btm_forest_ensemble_uniform,50,0.65,S-IoU,556,47,107,92.2056384742952,83.86123680241327,87.83570300157977
juniperus_seg_by_region_20260831_073029,test,btm_forest_ensemble_uniform,50,0.7,S-IoU,517,30,142,94.51553930530164,78.45220030349014,85.73797678275291
juniperus_seg_by_region_20260831_073029,test,btm_forest_ensemble_uniform,50,0.75,S-IoU,465,20,197,95.87628865979381,70.2416918429003,81.08108108108108
juniperus_seg_by_region_20260831_073029,test,btm_forest_ensemble_uniform,50,0.8,S-IoU,393,13,271,96.79802955665025,59.18674698795181,73.45794392523365
juniperus_seg_by_region_20260831_073029,test,btm_forest_ensemble_uniform,50,0.85,S-IoU,293,6,381,97.9933110367893,43.47181008902077,60.22610483042138
juniperus_seg_by_region_20260831_073029,test,btm_forest_ensemble_uniform,50,0.9,S-IoU,135,2,551,98.54014598540147,19.67930029154519,32.806804374240585
juniperus_seg_by_region_20260831_073029,test,btm_forest_soup,50,0.25,S-IoU,618,131,44,82.51001335113484,93.35347432024169,87.59744861800142
juniperus_seg_by_region_20260831_073029,test,btm_forest_soup,50,0.3,S-IoU,609,118,48,83.76891334250344,92.69406392694064,88.00578034682081
juniperus_seg_by_region_20260831_073029,test,btm_forest_soup,50,0.35,S-IoU,600,105,55,85.1063829787234,91.6030534351145,88.23529411764706
juniperus_seg_by_region_20260831_073029,test,btm_forest_soup,50,0.4,S-IoU,593,83,60,87.72189349112426,90.81163859111791,89.2400300978179
juniperus_seg_by_region_20260831_073029,test,btm_forest_soup,50,0.45,S-IoU,582,72,70,88.9908256880734,89.2638036809816,89.1271056661562
juniperus_seg_by_region_20260831_073029,test,btm_forest_soup,50,0.5,S-IoU,571,58,79,90.77901430842607,87.84615384615385,89.28850664581705
juniperus_seg_by_region_20260831_073029,test,btm_forest_soup,50,0.55,S-IoU,555,44,94,92.65442404006677,85.51617873651772,88.9423076923077
juniperus_seg_by_region_20260831_073029,test,btm_forest_soup,50,0.6,S-IoU,540,33,110,94.24083769633508,83.07692307692308,88.30744071954211
juniperus_seg_by_region_20260831_073029,test,btm_forest_soup,50,0.65,S-IoU,522,24,129,95.6043956043956,80.18433179723502,87.21804511278197
juniperus_seg_by_region_20260831_073029,test,btm_forest_soup,50,0.7,S-IoU,484,19,170,96.22266401590457,74.00611620795107,83.66464995678479
juniperus_seg_by_region_20260831_073029,test,btm_forest_soup,50,0.75,S-IoU,432,17,225,96.21380846325167,65.75342465753424,78.11934900542495
juniperus_seg_by_region_20260831_073029,test,btm_forest_soup,50,0.8,S-IoU,372,10,293,97.38219895287958,55.939849624060145,71.06017191977077
juniperus_seg_by_region_20260831_073029,test,btm_forest_soup,50,0.85,S-IoU,283,9,390,96.91780821917808,42.050520059435364,58.652849740932645
juniperus_seg_by_region_20260831_073029,test,btm_forest_soup,50,0.9,S-IoU,144,3,542,97.95918367346938,20.99125364431487,34.57382953181273
juniperus_seg_by_region_20260831_073029,test,random_ensemble,50,0.25,S-IoU,653,230,21,73.9524348810872,96.88427299703264,83.87925497752087
juniperus_seg_by_region_20260831_073029,test,random_ensemble,50,0.3,S-IoU,635,193,31,76.69082125603865,95.34534534534535,85.00669344042836
juniperus_seg_by_region_20260831_073029,test,random_ensemble,50,0.35,S-IoU,625,159,36,79.71938775510205,94.55370650529501,86.50519031141869
juniperus_seg_by_region_20260831_073029,test,random_ensemble,50,0.4,S-IoU,611,129,47,82.56756756756756,92.85714285714286,87.41058655221747
juniperus_seg_by_region_20260831_073029,test,random_ensemble,50,0.45,S-IoU,591,104,61,85.03597122302158,90.6441717791411,87.75055679287304
juniperus_seg_by_region_20260831_073029,test,random_ensemble,50,0.5,S-IoU,575,79,78,87.92048929663608,88.05513016845329,87.98775822494261
juniperus_seg_by_region_20260831_073029,test,random_ensemble,50,0.55,S-IoU,546,61,105,89.9505766062603,83.87096774193549,86.80445151033386
juniperus_seg_by_region_20260831_073029,test,random_ensemble,50,0.6,S-IoU,518,51,137,91.03690685413005,79.08396946564885,84.64052287581698
juniperus_seg_by_region_20260831_073029,test,random_ensemble,50,0.65,S-IoU,491,36,169,93.16888045540796,74.39393939393939,82.72957034540859
juniperus_seg_by_region_20260831_073029,test,random_ensemble,50,0.7,S-IoU,457,26,203,94.61697722567288,69.24242424242424,79.9650043744532
juniperus_seg_by_region_20260831_073029,test,random_ensemble,50,0.75,S-IoU,405,15,264,96.42857142857143,60.53811659192825,74.3801652892562
juniperus_seg_by_region_20260831_073029,test,random_ensemble,50,0.8,S-IoU,343,9,333,97.44318181818183,50.7396449704142,66.73151750972764
juniperus_seg_by_region_20260831_073029,test,random_ensemble,50,0.85,S-IoU,223,4,457,98.23788546255507,32.794117647058826,49.17309812568909
juniperus_seg_by_region_20260831_073029,test,random_ensemble,50,0.9,S-IoU,99,3,586,97.05882352941177,14.452554744525548,25.158831003811944
juniperus_seg_by_region_20260831_073029,test,btm_forest_ensemble_weighted,50,0.15,S-IoU,658,215,26,75.37227949599084,96.19883040935673,84.52151573538856
juniperus_seg_by_region_20260831_073029,test,btm_forest_ensemble_weighted,50,0.18,S-IoU,642,178,33,78.29268292682927,95.11111111111111,85.88628762541805
juniperus_seg_by_region_20260831_073029,test,btm_forest_ensemble_weighted,50,0.2,S-IoU,634,156,38,80.25316455696202,94.34523809523809,86.73050615595076
juniperus_seg_by_region_20260831_073029,test,btm_forest_ensemble_weighted,50,0.22,S-IoU,625,136,40,82.1287779237845,93.98496240601504,87.6577840112202
juniperus_seg_by_region_20260831_073029,test,btm_forest_ensemble_weighted,50,0.25,S-IoU,611,111,49,84.62603878116343,92.57575757575758,88.42257597684515
juniperus_seg_by_region_20260831_073029,test,btm_forest_ensemble_weighted,50,0.3,S-IoU,576,65,87,89.85959438377536,86.87782805429865,88.34355828220859
juniperus_seg_by_region_20260831_073029,test,btm_forest_ensemble_weighted,50,0.35,S-IoU,519,32,140,94.1923774954628,78.7556904400607,85.78512396694215
juniperus_seg_by_region_20260831_073029,test,btm_forest_ensemble_weighted,50,0.4,S-IoU,396,15,271,96.35036496350365,59.37031484257871,73.46938775510205
juniperus_seg_by_region_20260831_073029,test,btm_forest_ensemble_weighted,50,0.45,S-IoU,159,3,527,98.14814814814815,23.17784256559767,37.5
juniperus_seg_by_region_20260831_073029,test,btm_forest_ensemble_weighted,50,0.5,S-IoU,0,0,690,0.0,0.0,0.0
juniperus_seg_by_region_20260831_073029,test,btm_forest_ensemble_weighted,50,0.55,S-IoU,0,0,690,0.0,0.0,0.0
juniperus_seg_by_region_20260831_073029,test,btm_forest_ensemble_weighted,50,0.6,S-IoU,0,0,690,0.0,0.0,0.0
juniperus_seg_by_region_20260831_073029,test,btm_forest_ensemble_weighted,50,0.65,S-IoU,0,0,690,0.0,0.0,0.0
juniperus_seg_by_region_20260831_073029,test,btm_forest_ensemble_weighted,50,0.7,S-IoU,0,0,690,0.0,0.0,0.0
juniperus_seg_by_region_20260831_073029,test,btm_forest_ensemble_weighted,50,0.75,S-IoU,0,0,690,0.0,0.0,0.0
juniperus_seg_by_region_20260831_073029,test,btm_forest_ensemble_weighted,50,0.8,S-IoU,0,0,690,0.0,0.0,0.0
juniperus_seg_by_region_20260831_073029,test,btm_forest_ensemble_weighted,50,0.85,S-IoU,0,0,690,0.0,0.0,0.0
juniperus_seg_by_region_20260831_073029,test,btm_forest_ensemble_weighted,50,0.9,S-IoU,0,0,690,0.0,0.0,0.0
juniperus_seg_by_region_20260831_073029,field_work,dense_baseline,50,0.25,S-IoU,1295,287,340,81.85840707964603,79.20489296636084,80.50979173142679
juniperus_seg_by_region_20260831_073029,field_work,dense_baseline,50,0.3,S-IoU,1247,234,385,84.19986495611073,76.4093137254902,80.11564407324124
juniperus_seg_by_region_20260831_073029,field_work,dense_baseline,50,0.35,S-IoU,1197,197,418,85.86800573888091,74.11764705882354,79.56131605184447
juniperus_seg_by_region_20260831_073029,field_work,dense_baseline,50,0.4,S-IoU,1140,167,463,87.22264728385616,71.1166562694947,78.35051546391752
juniperus_seg_by_region_20260831_073029,field_work,dense_baseline,50,0.45,S-IoU,1089,142,519,88.46466287571081,67.72388059701493,76.71715392743923
juniperus_seg_by_region_20260831_073029,field_work,dense_baseline,50,0.5,S-IoU,1047,126,557,89.25831202046037,65.27431421446383,75.40511343176088
juniperus_seg_by_region_20260831_073029,field_work,dense_baseline,50,0.55,S-IoU,999,110,606,90.08115419296664,62.24299065420561,73.61827560795874
juniperus_seg_by_region_20260831_073029,field_work,dense_baseline,50,0.6,S-IoU,932,91,678,91.10459433040077,57.88819875776397,70.79377136346373
juniperus_seg_by_region_20260831_073029,field_work,dense_baseline,50,0.65,S-IoU,857,78,778,91.65775401069519,52.415902140672785,66.69260700389106
juniperus_seg_by_region_20260831_073029,field_work,dense_baseline,50,0.7,S-IoU,754,57,904,92.97163995067818,45.476477683956574,61.07735925475901
juniperus_seg_by_region_20260831_073029,field_work,dense_baseline,50,0.75,S-IoU,634,39,1037,94.20505200594353,37.941352483542786,54.09556313993175
juniperus_seg_by_region_20260831_073029,field_work,dense_baseline,50,0.8,S-IoU,523,21,1171,96.13970588235294,30.873671782762692,46.738159070598755
juniperus_seg_by_region_20260831_073029,field_work,dense_baseline,50,0.85,S-IoU,330,9,1407,97.34513274336283,18.998272884283246,31.791907514450862
juniperus_seg_by_region_20260831_073029,field_work,dense_baseline,50,0.9,S-IoU,91,3,1674,96.80851063829788,5.1558073654390935,9.79020979020979
juniperus_seg_by_region_20260831_073029,field_work,btm_forest_ensemble_uniform,50,0.25,S-IoU,1424,366,323,79.55307262569833,81.51116199198626,80.52021487135991
juniperus_seg_by_region_20260831_073029,field_work,btm_forest_ensemble_uniform,50,0.3,S-IoU,1367,317,351,81.17577197149643,79.56926658905704,80.36449147560259
juniperus_seg_by_region_20260831_073029,field_work,btm_forest_ensemble_uniform,50,0.35,S-IoU,1300,251,390,83.81689232753062,76.92307692307693,80.22215365627892
juniperus_seg_by_region_20260831_073029,field_work,btm_forest_ensemble_uniform,50,0.4,S-IoU,1236,221,429,84.8318462594372,74.23423423423424,79.18001281229982
juniperus_seg_by_region_20260831_073029,field_work,btm_forest_ensemble_uniform,50,0.45,S-IoU,1181,190,473,86.14150255288111,71.40266021765417,78.08264462809917
juniperus_seg_by_region_20260831_073029,field_work,btm_forest_ensemble_uniform,50,0.5,S-IoU,1117,160,520,87.47063429913861,68.23457544288333,76.66437886067261
juniperus_seg_by_region_20260831_073029,field_work,btm_forest_ensemble_uniform,50,0.55,S-IoU,1035,133,609,88.61301369863014,62.95620437956204,73.6130867709815
juniperus_seg_by_region_20260831_073029,field_work,btm_forest_ensemble_uniform,50,0.6,S-IoU,955,106,685,90.00942507068802,58.231707317073166,70.71455016660495
juniperus_seg_by_region_20260831_073029,field_work,btm_forest_ensemble_uniform,50,0.65,S-IoU,860,84,784,91.10169491525424,52.311435523114355,66.46058732612056
juniperus_seg_by_region_20260831_073029,field_work,btm_forest_ensemble_uniform,50,0.7,S-IoU,774,65,863,92.25268176400476,47.281612706169824,62.52019386106623
juniperus_seg_by_region_20260831_073029,field_work,btm_forest_ensemble_uniform,50,0.75,S-IoU,659,41,988,94.14285714285714,40.012143290831816,56.15679590967192
juniperus_seg_by_region_20260831_073029,field_work,btm_forest_ensemble_uniform,50,0.8,S-IoU,517,24,1147,95.56377079482439,31.069711538461537,46.893424036281175
juniperus_seg_by_region_20260831_073029,field_work,btm_forest_ensemble_uniform,50,0.85,S-IoU,363,17,1344,95.52631578947368,21.26537785588752,34.7867752755151
juniperus_seg_by_region_20260831_073029,field_work,btm_forest_ensemble_uniform,50,0.9,S-IoU,127,7,1621,94.77611940298507,7.265446224256293,13.496280552603615
juniperus_seg_by_region_20260831_073029,field_work,btm_forest_soup,50,0.25,S-IoU,1168,174,488,87.03427719821163,70.53140096618358,77.91861240827217
juniperus_seg_by_region_20260831_073029,field_work,btm_forest_soup,50,0.3,S-IoU,1119,153,531,87.97169811320755,67.81818181818183,76.59137577002055
juniperus_seg_by_region_20260831_073029,field_work,btm_forest_soup,50,0.35,S-IoU,1071,133,571,88.95348837209302,65.22533495736906,75.26352775825721
juniperus_seg_by_region_20260831_073029,field_work,btm_forest_soup,50,0.4,S-IoU,1032,118,604,89.73913043478261,63.08068459657702,74.08470926058865
juniperus_seg_by_region_20260831_073029,field_work,btm_forest_soup,50,0.45,S-IoU,981,108,649,90.08264462809917,60.1840490797546,72.1588819418904
juniperus_seg_by_region_20260831_073029,field_work,btm_forest_soup,50,0.5,S-IoU,934,92,700,91.03313840155946,57.16034271725826,70.22556390977444
juniperus_seg_by_region_20260831_073029,field_work,btm_forest_soup,50,0.55,S-IoU,879,79,760,91.7536534446764,53.63026235509457,67.69349249133614
juniperus_seg_by_region_20260831_073029,field_work,btm_forest_soup,50,0.6,S-IoU,829,60,823,93.25084364454443,50.181598062953995,65.24990161353797
juniperus_seg_by_region_20260831_073029,field_work,btm_forest_soup,50,0.65,S-IoU,766,47,893,94.2189421894219,46.17239300783604,61.97411003236246
juniperus_seg_by_region_20260831_073029,field_work,btm_forest_soup,50,0.7,S-IoU,691,43,979,94.141689373297,41.377245508982035,57.48752079866888
juniperus_seg_by_region_20260831_073029,field_work,btm_forest_soup,50,0.75,S-IoU,593,29,1095,95.33762057877814,35.1303317535545,51.341991341991346
juniperus_seg_by_region_20260831_073029,field_work,btm_forest_soup,50,0.8,S-IoU,478,15,1234,96.95740365111561,27.920560747663554,43.35600907029478
juniperus_seg_by_region_20260831_073029,field_work,btm_forest_soup,50,0.85,S-IoU,334,8,1406,97.6608187134503,19.195402298850574,32.08453410182517
juniperus_seg_by_region_20260831_073029,field_work,btm_forest_soup,50,0.9,S-IoU,123,1,1640,99.19354838709677,6.976744186046512,13.03656597774245
juniperus_seg_by_region_20260831_073029,field_work,random_ensemble,50,0.25,S-IoU,1345,398,377,77.16580608146873,78.1068524970964,77.63347763347764
juniperus_seg_by_region_20260831_073029,field_work,random_ensemble,50,0.3,S-IoU,1266,321,424,79.77315689981096,74.91124260355029,77.26579188281966
juniperus_seg_by_region_20260831_073029,field_work,random_ensemble,50,0.35,S-IoU,1197,252,471,82.6086956521739,71.76258992805755,76.8046198267565
juniperus_seg_by_region_20260831_073029,field_work,random_ensemble,50,0.4,S-IoU,1135,198,519,85.14628657164292,68.62152357920193,75.99598259122867
juniperus_seg_by_region_20260831_073029,field_work,random_ensemble,50,0.45,S-IoU,1067,161,587,86.88925081433226,64.51027811366384,74.04580152671757
juniperus_seg_by_region_20260831_073029,field_work,random_ensemble,50,0.5,S-IoU,1000,129,658,88.57395925597874,60.313630880579005,71.76175098672405
juniperus_seg_by_region_20260831_073029,field_work,random_ensemble,50,0.55,S-IoU,921,103,747,89.94140625,55.2158273381295,68.42496285289748
juniperus_seg_by_region_20260831_073029,field_work,random_ensemble,50,0.6,S-IoU,840,77,836,91.6030534351145,50.11933174224343,64.78981874276899
juniperus_seg_by_region_20260831_073029,field_work,random_ensemble,50,0.65,S-IoU,746,57,943,92.9016189290162,44.16814683244523,59.871589085072245
juniperus_seg_by_region_20260831_073029,field_work,random_ensemble,50,0.7,S-IoU,639,40,1073,94.10898379970544,37.324766355140184,53.4504391468005
juniperus_seg_by_region_20260831_073029,field_work,random_ensemble,50,0.75,S-IoU,519,22,1209,95.93345656192237,30.03472222222222,45.74702512119877
juniperus_seg_by_region_20260831_073029,field_work,random_ensemble,50,0.8,S-IoU,397,11,1346,97.30392156862744,22.776821572002294,36.91306369130637
juniperus_seg_by_region_20260831_073029,field_work,random_ensemble,50,0.85,S-IoU,237,2,1524,99.16317991631799,13.458262350936966,23.700000000000003
juniperus_seg_by_region_20260831_073029,field_work,random_ensemble,50,0.9,S-IoU,88,0,1682,100.0,4.971751412429379,9.472551130247577
juniperus_seg_by_region_20260831_073029,field_work,btm_forest_ensemble_weighted,50,0.15,S-IoU,1369,321,346,81.00591715976331,79.82507288629738,80.41116005873717
juniperus_seg_by_region_20260831_073029,field_work,btm_forest_ensemble_weighted,50,0.18,S-IoU,1291,247,392,83.94018205461639,76.70825906120024,80.16144054641416
juniperus_seg_by_region_20260831_073029,field_work,btm_forest_ensemble_weighted,50,0.2,S-IoU,1238,224,424,84.67852257181943,74.48856799037304,79.25736235595392
juniperus_seg_by_region_20260831_073029,field_work,btm_forest_ensemble_weighted,50,0.22,S-IoU,1198,198,458,85.81661891117479,72.34299516908213,78.50589777195283
juniperus_seg_by_region_20260831_073029,field_work,btm_forest_ensemble_weighted,50,0.25,S-IoU,1116,166,529,87.05148205928236,67.8419452887538,76.2555517594807
juniperus_seg_by_region_20260831_073029,field_work,btm_forest_ensemble_weighted,50,0.3,S-IoU,967,113,664,89.53703703703704,59.288779889638256,71.33898930284028
juniperus_seg_by_region_20260831_073029,field_work,btm_forest_ensemble_weighted,50,0.35,S-IoU,783,67,853,92.11764705882352,47.86063569682152,62.99275945293644
juniperus_seg_by_region_20260831_073029,field_work,btm_forest_ensemble_weighted,50,0.4,S-IoU,543,31,1128,94.5993031358885,32.49551166965889,48.37416481069043
juniperus_seg_by_region_20260831_073029,field_work,btm_forest_ensemble_weighted,50,0.45,S-IoU,154,6,1602,96.25,8.769931662870158,16.07515657620042
juniperus_seg_by_region_20260831_073029,field_work,btm_forest_ensemble_weighted,50,0.5,S-IoU,0,0,1771,0.0,0.0,0.0
juniperus_seg_by_region_20260831_073029,field_work,btm_forest_ensemble_weighted,50,0.55,S-IoU,0,0,1771,0.0,0.0,0.0
juniperus_seg_by_region_20260831_073029,field_work,btm_forest_ensemble_weighted,50,0.6,S-IoU,0,0,1771,0.0,0.0,0.0
juniperus_seg_by_region_20260831_073029,field_work,btm_forest_ensemble_weighted,50,0.65,S-IoU,0,0,1771,0.0,0.0,0.0
juniperus_seg_by_region_20260831_073029,field_work,btm_forest_ensemble_weighted,50,0.7,S-IoU,0,0,1771,0.0,0.0,0.0
juniperus_seg_by_region_20260831_073029,field_work,btm_forest_ensemble_weighted,50,0.75,S-IoU,0,0,1771,0.0,0.0,0.0
juniperus_seg_by_region_20260831_073029,field_work,btm_forest_ensemble_weighted,50,0.8,S-IoU,0,0,1771,0.0,0.0,0.0
juniperus_seg_by_region_20260831_073029,field_work,btm_forest_ensemble_weighted,50,0.85,S-IoU,0,0,1771,0.0,0.0,0.0
juniperus_seg_by_region_20260831_073029,field_work,btm_forest_ensemble_weighted,50,0.9,S-IoU,0,0,1771,0.0,0.0,0.0
juniperus_seg_by_region_20260828_114011,test,dense_baseline,50,0.25,S-IoU,612,181,41,77.17528373266079,93.72128637059724,84.64730290456431
juniperus_seg_by_region_20260828_114011,test,dense_baseline,50,0.3,S-IoU,602,151,48,79.9468791500664,92.61538461538461,85.81610833927297
juniperus_seg_by_region_20260828_114011,test,dense_baseline,50,0.35,S-IoU,590,128,55,82.17270194986072,91.47286821705426,86.57373440939105
juniperus_seg_by_region_20260828_114011,test,dense_baseline,50,0.4,S-IoU,575,107,70,84.3108504398827,89.14728682170544,86.66164280331576
juniperus_seg_by_region_20260828_114011,test,dense_baseline,50,0.45,S-IoU,562,92,86,85.93272171253822,86.72839506172839,86.32872503840247
juniperus_seg_by_region_20260828_114011,test,dense_baseline,50,0.5,S-IoU,546,77,100,87.64044943820225,84.52012383900929,86.05200945626478
juniperus_seg_by_region_20260828_114011,test,dense_baseline,50,0.55,S-IoU,530,60,120,89.83050847457628,81.53846153846153,85.48387096774194
juniperus_seg_by_region_20260828_114011,test,dense_baseline,50,0.6,S-IoU,504,44,148,91.97080291970804,77.30061349693251,84.0
juniperus_seg_by_region_20260828_114011,test,dense_baseline,50,0.65,S-IoU,469,37,184,92.68774703557312,71.82235834609494,80.9318377911993
juniperus_seg_by_region_20260828_114011,test,dense_baseline,50,0.7,S-IoU,430,29,227,93.68191721132898,65.44901065449011,77.06093189964157
juniperus_seg_by_region_20260828_114011,test,dense_baseline,50,0.75,S-IoU,384,21,280,94.81481481481482,57.831325301204814,71.84284377923292
juniperus_seg_by_region_20260828_114011,test,dense_baseline,50,0.8,S-IoU,316,10,359,96.93251533742331,46.81481481481482,63.13686313686313
juniperus_seg_by_region_20260828_114011,test,dense_baseline,50,0.85,S-IoU,220,4,464,98.21428571428571,32.16374269005848,48.458149779735685
juniperus_seg_by_region_20260828_114011,test,dense_baseline,50,0.9,S-IoU,92,0,597,100.0,13.352685050798257,23.5595390524968
juniperus_seg_by_region_20260828_114011,test,btm_forest_ensemble_uniform,50,0.25,S-IoU,670,239,21,73.7073707370737,96.96092619392185,83.75
juniperus_seg_by_region_20260828_114011,test,btm_forest_ensemble_uniform,50,0.3,S-IoU,658,203,23,76.42276422764228,96.62261380323054,85.3437094682231
juniperus_seg_by_region_20260828_114011,test,btm_forest_ensemble_uniform,50,0.35,S-IoU,646,169,27,79.2638036809816,95.98811292719168,86.82795698924731
juniperus_seg_by_region_20260828_114011,test,btm_forest_ensemble_uniform,50,0.4,S-IoU,636,142,35,81.74807197943444,94.7839046199702,87.78467908902692
juniperus_seg_by_region_20260828_114011,test,btm_forest_ensemble_uniform,50,0.45,S-IoU,625,113,46,84.68834688346884,93.1445603576751,88.71540099361249
juniperus_seg_by_region_20260828_114011,test,btm_forest_ensemble_uniform,50,0.5,S-IoU,602,87,65,87.37300435413643,90.25487256371814,88.79056047197639
juniperus_seg_by_region_20260828_114011,test,btm_forest_ensemble_uniform,50,0.55,S-IoU,587,64,76,90.1689708141321,88.5369532428356,89.3455098934551
juniperus_seg_by_region_20260828_114011,test,btm_forest_ensemble_uniform,50,0.6,S-IoU,566,49,95,92.03252032520325,85.62783661119516,88.71473354231975
juniperus_seg_by_region_20260828_114011,test,btm_forest_ensemble_uniform,50,0.65,S-IoU,538,42,121,92.75862068965517,81.63884673748103,86.84422921711057
juniperus_seg_by_region_20260828_114011,test,btm_forest_ensemble_uniform,50,0.7,S-IoU,488,30,171,94.20849420849422,74.05159332321699,82.92268479184366
juniperus_seg_by_region_20260828_114011,test,btm_forest_ensemble_uniform,50,0.75,S-IoU,438,19,225,95.84245076586433,66.06334841628959,78.21428571428571
juniperus_seg_by_region_20260828_114011,test,btm_forest_ensemble_uniform,50,0.8,S-IoU,367,11,306,97.08994708994709,54.53194650817236,69.83824928639389
juniperus_seg_by_region_20260828_114011,test,btm_forest_ensemble_uniform,50,0.85,S-IoU,280,8,396,97.22222222222221,41.42011834319527,58.09128630705395
juniperus_seg_by_region_20260828_114011,test,btm_forest_ensemble_uniform,50,0.9,S-IoU,138,1,547,99.28057553956835,20.145985401459853,33.49514563106796
juniperus_seg_by_region_20260828_114011,test,btm_forest_soup,50,0.25,S-IoU,598,108,54,84.70254957507082,91.71779141104295,88.07069219440353
juniperus_seg_by_region_20260828_114011,test,btm_forest_soup,50,0.3,S-IoU,590,95,64,86.13138686131386,90.21406727828746,88.12546676624345
juniperus_seg_by_region_20260828_114011,test,btm_forest_soup,50,0.35,S-IoU,581,78,70,88.1638846737481,89.24731182795699,88.70229007633587
juniperus_seg_by_region_20260828_114011,test,btm_forest_soup,50,0.4,S-IoU,573,72,76,88.83720930232558,88.28967642526965,88.56259659969088
juniperus_seg_by_region_20260828_114011,test,btm_forest_soup,50,0.45,S-IoU,558,55,95,91.02773246329528,85.45176110260337,88.15165876777252
juniperus_seg_by_region_20260828_114011,test,btm_forest_soup,50,0.5,S-IoU,543,46,107,92.19015280135824,83.53846153846153,87.65133171912834
juniperus_seg_by_region_20260828_114011,test,btm_forest_soup,50,0.55,S-IoU,534,35,119,93.84885764499121,81.77641653905053,87.39770867430443
juniperus_seg_by_region_20260828_114011,test,btm_forest_soup,50,0.6,S-IoU,514,29,138,94.65930018416206,78.83435582822086,86.02510460251045
juniperus_seg_by_region_20260828_114011,test,btm_forest_soup,50,0.65,S-IoU,489,24,166,95.32163742690058,74.65648854961832,83.73287671232876
juniperus_seg_by_region_20260828_114011,test,btm_forest_soup,50,0.7,S-IoU,466,19,192,96.08247422680412,70.82066869300911,81.5398075240595
juniperus_seg_by_region_20260828_114011,test,btm_forest_soup,50,0.75,S-IoU,417,11,250,97.42990654205607,62.518740629685155,76.16438356164383
juniperus_seg_by_region_20260828_114011,test,btm_forest_soup,50,0.8,S-IoU,360,7,313,98.09264305177112,53.49182763744428,69.23076923076923
juniperus_seg_by_region_20260828_114011,test,btm_forest_soup,50,0.85,S-IoU,286,7,390,97.61092150170649,42.30769230769231,59.02992776057792
juniperus_seg_by_region_20260828_114011,test,btm_forest_soup,50,0.9,S-IoU,157,2,529,98.74213836477988,22.886297376093296,37.15976331360947
juniperus_seg_by_region_20260828_114011,test,random_ensemble,50,0.25,S-IoU,640,193,22,76.83073229291718,96.67673716012085,85.61872909698997
juniperus_seg_by_region_20260828_114011,test,random_ensemble,50,0.3,S-IoU,628,159,32,79.79669631512071,95.15151515151516,86.80027643400138
juniperus_seg_by_region_20260828_114011,test,random_ensemble,50,0.35,S-IoU,616,136,42,81.91489361702128,93.61702127659575,87.3758865248227
juniperus_seg_by_region_20260828_114011,test,random_ensemble,50,0.4,S-IoU,609,114,47,84.23236514522821,92.83536585365853,88.3248730964467
juniperus_seg_by_region_20260828_114011,test,random_ensemble,50,0.45,S-IoU,592,92,60,86.54970760233918,90.79754601226993,88.62275449101796
juniperus_seg_by_region_20260828_114011,test,random_ensemble,50,0.5,S-IoU,569,72,83,88.76755070202809,87.26993865030674,88.0123743232792
juniperus_seg_by_region_20260828_114011,test,random_ensemble,50,0.55,S-IoU,548,53,102,91.18136439267886,84.3076923076923,87.60991207034373
juniperus_seg_by_region_20260828_114011,test,random_ensemble,50,0.6,S-IoU,523,34,129,93.89587073608617,80.21472392638037,86.51778329197684
juniperus_seg_by_region_20260828_114011,test,random_ensemble,50,0.65,S-IoU,499,23,154,95.59386973180077,76.41653905053599,84.93617021276596
juniperus_seg_by_region_20260828_114011,test,random_ensemble,50,0.7,S-IoU,448,19,208,95.93147751605996,68.29268292682927,79.78628673196793
juniperus_seg_by_region_20260828_114011,test,random_ensemble,50,0.75,S-IoU,396,12,265,97.05882352941177,59.90922844175491,74.08793264733396
juniperus_seg_by_region_20260828_114011,test,random_ensemble,50,0.8,S-IoU,325,8,343,97.5975975975976,48.65269461077844,64.93506493506493
juniperus_seg_by_region_20260828_114011,test,random_ensemble,50,0.85,S-IoU,213,5,463,97.70642201834863,31.50887573964497,47.6510067114094
juniperus_seg_by_region_20260828_114011,test,random_ensemble,50,0.9,S-IoU,79,1,606,98.75,11.532846715328466,20.65359477124183
juniperus_seg_by_region_20260828_114011,test,btm_forest_ensemble_weighted,50,0.15,S-IoU,658,203,23,76.42276422764228,96.62261380323054,85.3437094682231
juniperus_seg_by_region_20260828_114011,test,btm_forest_ensemble_weighted,50,0.18,S-IoU,646,164,28,79.75308641975309,95.84569732937686,87.06199460916442
juniperus_seg_by_region_20260828_114011,test,btm_forest_ensemble_weighted,50,0.2,S-IoU,637,140,34,81.98198198198197,94.93293591654248,87.98342541436463
juniperus_seg_by_region_20260828_114011,test,btm_forest_ensemble_weighted,50,0.22,S-IoU,629,119,43,84.0909090909091,93.60119047619048,88.59154929577464
juniperus_seg_by_region_20260828_114011,test,btm_forest_ensemble_weighted,50,0.25,S-IoU,604,91,62,86.90647482014388,90.69069069069069,88.7582659808964
juniperus_seg_by_region_20260828_114011,test,btm_forest_ensemble_weighted,50,0.3,S-IoU,574,51,89,91.84,86.57616892911011,89.13043478260869
juniperus_seg_by_region_20260828_114011,test,btm_forest_ensemble_weighted,50,0.35,S-IoU,497,34,161,93.5969868173258,75.53191489361703,83.59966358284272
juniperus_seg_by_region_20260828_114011,test,btm_forest_ensemble_weighted,50,0.4,S-IoU,397,12,275,97.06601466992664,59.077380952380956,73.45050878815911
juniperus_seg_by_region_20260828_114011,test,btm_forest_ensemble_weighted,50,0.45,S-IoU,194,3,489,98.47715736040608,28.40409956076135,44.0909090909091
juniperus_seg_by_region_20260828_114011,test,btm_forest_ensemble_weighted,50,0.5,S-IoU,0,0,690,0.0,0.0,0.0
juniperus_seg_by_region_20260828_114011,test,btm_forest_ensemble_weighted,50,0.55,S-IoU,0,0,690,0.0,0.0,0.0
juniperus_seg_by_region_20260828_114011,test,btm_forest_ensemble_weighted,50,0.6,S-IoU,0,0,690,0.0,0.0,0.0
juniperus_seg_by_region_20260828_114011,test,btm_forest_ensemble_weighted,50,0.65,S-IoU,0,0,690,0.0,0.0,0.0
juniperus_seg_by_region_20260828_114011,test,btm_forest_ensemble_weighted,50,0.7,S-IoU,0,0,690,0.0,0.0,0.0
juniperus_seg_by_region_20260828_114011,test,btm_forest_ensemble_weighted,50,0.75,S-IoU,0,0,690,0.0,0.0,0.0
juniperus_seg_by_region_20260828_114011,test,btm_forest_ensemble_weighted,50,0.8,S-IoU,0,0,690,0.0,0.0,0.0
juniperus_seg_by_region_20260828_114011,test,btm_forest_ensemble_weighted,50,0.85,S-IoU,0,0,690,0.0,0.0,0.0
juniperus_seg_by_region_20260828_114011,test,btm_forest_ensemble_weighted,50,0.9,S-IoU,0,0,690,0.0,0.0,0.0
juniperus_seg_by_region_20260828_114011,field_work,dense_baseline,50,0.25,S-IoU,1216,327,426,78.80751782242385,74.05602923264311,76.35792778649922
juniperus_seg_by_region_20260828_114011,field_work,dense_baseline,50,0.3,S-IoU,1149,274,484,80.74490513000703,70.36129822412738,75.19633507853402
juniperus_seg_by_region_20260828_114011,field_work,dense_baseline,50,0.35,S-IoU,1101,239,521,82.16417910447761,67.87916152897657,74.34166103983794
juniperus_seg_by_region_20260828_114011,field_work,dense_baseline,50,0.4,S-IoU,1058,191,564,84.70776621297038,65.22811344019729,73.7025426680599
juniperus_seg_by_region_20260828_114011,field_work,dense_baseline,50,0.45,S-IoU,995,173,621,85.18835616438356,61.57178217821782,71.47988505747128
juniperus_seg_by_region_20260828_114011,field_work,dense_baseline,50,0.5,S-IoU,932,154,678,85.8195211786372,57.88819875776397,69.13946587537092
juniperus_seg_by_region_20260828_114011,field_work,dense_baseline,50,0.55,S-IoU,868,132,752,86.8,53.58024691358024,66.25954198473282
juniperus_seg_by_region_20260828_114011,field_work,dense_baseline,50,0.6,S-IoU,799,100,849,88.87652947719688,48.48300970873786,62.74047899489595
juniperus_seg_by_region_20260828_114011,field_work,dense_baseline,50,0.65,S-IoU,719,72,956,90.89759797724399,42.92537313432836,58.31305758313058
juniperus_seg_by_region_20260828_114011,field_work,dense_baseline,50,0.7,S-IoU,626,52,1071,92.33038348082596,36.88862698880377,52.715789473684204
juniperus_seg_by_region_20260828_114011,field_work,dense_baseline,50,0.75,S-IoU,527,31,1186,94.44444444444444,30.764740221833044,46.41127256715104
juniperus_seg_by_region_20260828_114011,field_work,dense_baseline,50,0.8,S-IoU,396,20,1335,95.1923076923077,22.876949740034664,36.88868188169539
juniperus_seg_by_region_20260828_114011,field_work,dense_baseline,50,0.85,S-IoU,244,10,1506,96.06299212598425,13.942857142857143,24.351297405189623
juniperus_seg_by_region_20260828_114011,field_work,dense_baseline,50,0.9,S-IoU,69,1,1700,98.57142857142858,3.900508762012436,7.504078303425775
juniperus_seg_by_region_20260828_114011,field_work,btm_forest_ensemble_uniform,50,0.25,S-IoU,1382,327,358,80.86600351082505,79.42528735632183,80.13917077413744
juniperus_seg_by_region_20260828_114011,field_work,btm_forest_ensemble_uniform,50,0.3,S-IoU,1320,273,389,82.86252354048965,77.23815096547688,79.95154451847365
juniperus_seg_by_region_20260828_114011,field_work,btm_forest_ensemble_uniform,50,0.35,S-IoU,1271,240,421,84.11647915287888,75.11820330969266,79.36309709647206
juniperus_seg_by_region_20260828_114011,field_work,btm_forest_ensemble_uniform,50,0.4,S-IoU,1214,205,469,85.55320648343904,72.13309566250743,78.27208252740166
juniperus_seg_by_region_20260828_114011,field_work,btm_forest_ensemble_uniform,50,0.45,S-IoU,1152,168,511,87.27272727272727,69.27239927841251,77.23768018773049
juniperus_seg_by_region_20260828_114011,field_work,btm_forest_ensemble_uniform,50,0.5,S-IoU,1092,141,568,88.56447688564477,65.78313253012048,75.49256826823367
juniperus_seg_by_region_20260828_114011,field_work,btm_forest_ensemble_uniform,50,0.55,S-IoU,1024,109,638,90.37952338923213,61.612515042117934,73.27370304114491
juniperus_seg_by_region_20260828_114011,field_work,btm_forest_ensemble_uniform,50,0.6,S-IoU,929,85,742,91.6173570019724,55.59545182525434,69.19925512104284
juniperus_seg_by_region_20260828_114011,field_work,btm_forest_ensemble_uniform,50,0.65,S-IoU,846,73,827,92.05658324265505,50.56784219964137,65.27777777777779
juniperus_seg_by_region_20260828_114011,field_work,btm_forest_ensemble_uniform,50,0.7,S-IoU,739,56,949,92.95597484276729,43.77962085308057,59.52476842529199
juniperus_seg_by_region_20260828_114011,field_work,btm_forest_ensemble_uniform,50,0.75,S-IoU,630,34,1071,94.87951807228916,37.03703703703704,53.276955602536994
juniperus_seg_by_region_20260828_114011,field_work,btm_forest_ensemble_uniform,50,0.8,S-IoU,507,22,1214,95.84120982986768,29.459616502033704,45.06666666666666
juniperus_seg_by_region_20260828_114011,field_work,btm_forest_ensemble_uniform,50,0.85,S-IoU,332,10,1417,97.07602339181285,18.982275586049173,31.75514108082257
juniperus_seg_by_region_20260828_114011,field_work,btm_forest_ensemble_uniform,50,0.9,S-IoU,142,2,1620,98.61111111111111,8.059023836549375,14.900314795383002
juniperus_seg_by_region_20260828_114011,field_work,btm_forest_soup,50,0.25,S-IoU,1082,158,575,87.25806451612902,65.29873264936631,74.69796341042458
juniperus_seg_by_region_20260828_114011,field_work,btm_forest_soup,50,0.3,S-IoU,1047,131,611,88.87945670628183,63.14837153196623,73.83638928067701
juniperus_seg_by_region_20260828_114011,field_work,btm_forest_soup,50,0.35,S-IoU,1001,116,663,89.61504028648164,60.15625,71.98849334771664
juniperus_seg_by_region_20260828_114011,field_work,btm_forest_soup,50,0.4,S-IoU,952,102,711,90.32258064516128,57.245941070354775,70.07729112992271
juniperus_seg_by_region_20260828_114011,field_work,btm_forest_soup,50,0.45,S-IoU,907,92,748,90.7907907907908,54.803625377643506,68.34966088922381
juniperus_seg_by_region_20260828_114011,field_work,btm_forest_soup,50,0.5,S-IoU,850,86,808,90.8119658119658,51.26658624849216,65.53585196607555
juniperus_seg_by_region_20260828_114011,field_work,btm_forest_soup,50,0.55,S-IoU,798,73,865,91.61882893226176,47.98556825015033,62.983425414364646
juniperus_seg_by_region_20260828_114011,field_work,btm_forest_soup,50,0.6,S-IoU,743,65,930,91.95544554455446,44.411237298266585,59.895203546956864
juniperus_seg_by_region_20260828_114011,field_work,btm_forest_soup,50,0.65,S-IoU,686,60,992,91.95710455764075,40.88200238379023,56.600660066006604
juniperus_seg_by_region_20260828_114011,field_work,btm_forest_soup,50,0.7,S-IoU,626,43,1067,93.57249626307922,36.97578263437685,53.00592718035564
juniperus_seg_by_region_20260828_114011,field_work,btm_forest_soup,50,0.75,S-IoU,535,33,1168,94.19014084507043,31.415149735760423,47.1158080140907
juniperus_seg_by_region_20260828_114011,field_work,btm_forest_soup,50,0.8,S-IoU,449,28,1262,94.12997903563941,26.241963763880772,41.04204753199269
juniperus_seg_by_region_20260828_114011,field_work,btm_forest_soup,50,0.85,S-IoU,311,18,1423,94.52887537993921,17.935409457900807,30.150266602035874
juniperus_seg_by_region_20260828_114011,field_work,btm_forest_soup,50,0.9,S-IoU,165,7,1590,95.93023255813954,9.401709401709402,17.125064867669952
juniperus_seg_by_region_20260828_114011,field_work,random_ensemble,50,0.25,S-IoU,1350,373,305,78.35171213000581,81.57099697885197,79.92895204262878
juniperus_seg_by_region_20260828_114011,field_work,random_ensemble,50,0.3,S-IoU,1289,290,348,81.63394553514884,78.74160048869884,80.16169154228855
juniperus_seg_by_region_20260828_114011,field_work,random_ensemble,50,0.35,S-IoU,1205,223,413,84.38375350140056,74.47466007416563,79.12015758371635
juniperus_seg_by_region_20260828_114011,field_work,random_ensemble,50,0.4,S-IoU,1136,175,477,86.65141113653699,70.42777433353999,77.7017783857729
juniperus_seg_by_region_20260828_114011,field_work,random_ensemble,50,0.45,S-IoU,1062,147,551,87.84119106699751,65.84004959702418,75.26576895818569
juniperus_seg_by_region_20260828_114011,field_work,random_ensemble,50,0.5,S-IoU,993,120,620,89.21832884097036,61.5623062616243,72.85399853264856
juniperus_seg_by_region_20260828_114011,field_work,random_ensemble,50,0.55,S-IoU,918,96,709,90.53254437869822,56.42286416717886,69.51912154486935
juniperus_seg_by_region_20260828_114011,field_work,random_ensemble,50,0.6,S-IoU,834,75,804,91.74917491749174,50.91575091575091,65.48881036513545
juniperus_seg_by_region_20260828_114011,field_work,random_ensemble,50,0.65,S-IoU,740,56,910,92.96482412060301,44.84848484848485,60.506950122649215
juniperus_seg_by_region_20260828_114011,field_work,random_ensemble,50,0.7,S-IoU,641,39,1034,94.26470588235294,38.26865671641791,54.43736730360934
juniperus_seg_by_region_20260828_114011,field_work,random_ensemble,50,0.75,S-IoU,517,28,1183,94.86238532110092,30.411764705882355,46.05790645879732
juniperus_seg_by_region_20260828_114011,field_work,random_ensemble,50,0.8,S-IoU,373,16,1347,95.88688946015425,21.686046511627907,35.37221431958274
juniperus_seg_by_region_20260828_114011,field_work,random_ensemble,50,0.85,S-IoU,225,7,1517,96.98275862068965,12.916188289322616,22.796352583586625
juniperus_seg_by_region_20260828_114011,field_work,random_ensemble,50,0.9,S-IoU,60,2,1705,96.7741935483871,3.39943342776204,6.568144499178984
juniperus_seg_by_region_20260828_114011,field_work,btm_forest_ensemble_weighted,50,0.15,S-IoU,1319,276,387,82.69592476489028,77.31535756154749,79.91517721902453
juniperus_seg_by_region_20260828_114011,field_work,btm_forest_ensemble_weighted,50,0.18,S-IoU,1264,238,424,84.15446071904128,74.88151658767772,79.24764890282131
juniperus_seg_by_region_20260828_114011,field_work,btm_forest_ensemble_weighted,50,0.2,S-IoU,1218,207,461,85.47368421052632,72.54318046456224,78.47938144329896
juniperus_seg_by_region_20260828_114011,field_work,btm_forest_ensemble_weighted,50,0.22,S-IoU,1169,172,497,87.1737509321402,70.16806722689076,77.75191220485532
juniperus_seg_by_region_20260828_114011,field_work,btm_forest_ensemble_weighted,50,0.25,S-IoU,1102,144,560,88.4430176565008,66.30565583634176,75.79092159559835
juniperus_seg_by_region_20260828_114011,field_work,btm_forest_ensemble_weighted,50,0.3,S-IoU,943,91,723,91.19922630560929,56.60264105642256,69.85185185185185
juniperus_seg_by_region_20260828_114011,field_work,btm_forest_ensemble_weighted,50,0.35,S-IoU,763,60,923,92.70959902794654,45.25504151838671,60.82104424073336
juniperus_seg_by_region_20260828_114011,field_work,btm_forest_ensemble_weighted,50,0.4,S-IoU,546,24,1165,95.78947368421052,31.91116306253653,47.87373958790005
juniperus_seg_by_region_20260828_114011,field_work,btm_forest_ensemble_weighted,50,0.45,S-IoU,216,4,1542,98.18181818181819,12.286689419795222,21.84024266936299
juniperus_seg_by_region_20260828_114011,field_work,btm_forest_ensemble_weighted,50,0.5,S-IoU,0,0,1771,0.0,0.0,0.0
juniperus_seg_by_region_20260828_114011,field_work,btm_forest_ensemble_weighted,50,0.55,S-IoU,0,0,1771,0.0,0.0,0.0
juniperus_seg_by_region_20260828_114011,field_work,btm_forest_ensemble_weighted,50,0.6,S-IoU,0,0,1771,0.0,0.0,0.0
juniperus_seg_by_region_20260828_114011,field_work,btm_forest_ensemble_weighted,50,0.65,S-IoU,0,0,1771,0.0,0.0,0.0
juniperus_seg_by_region_20260828_114011,field_work,btm_forest_ensemble_weighted,50,0.7,S-IoU,0,0,1771,0.0,0.0,0.0
juniperus_seg_by_region_20260828_114011,field_work,btm_forest_ensemble_weighted,50,0.75,S-IoU,0,0,1771,0.0,0.0,0.0
juniperus_seg_by_region_20260828_114011,field_work,btm_forest_ensemble_weighted,50,0.8,S-IoU,0,0,1771,0.0,0.0,0.0
juniperus_seg_by_region_20260828_114011,field_work,btm_forest_ensemble_weighted,50,0.85,S-IoU,0,0,1771,0.0,0.0,0.0
juniperus_seg_by_region_20260828_114011,field_work,btm_forest_ensemble_weighted,50,0.9,S-IoU,0,0,1771,0.0,0.0,0.0
juniperus_seg_by_size_20260828_072323,test,dense_baseline,50,0.25,S-IoU,612,181,41,77.17528373266079,93.72128637059724,84.64730290456431
juniperus_seg_by_size_20260828_072323,test,dense_baseline,50,0.3,S-IoU,602,151,48,79.9468791500664,92.61538461538461,85.81610833927297
juniperus_seg_by_size_20260828_072323,test,dense_baseline,50,0.35,S-IoU,590,128,55,82.17270194986072,91.47286821705426,86.57373440939105
juniperus_seg_by_size_20260828_072323,test,dense_baseline,50,0.4,S-IoU,575,107,70,84.3108504398827,89.14728682170544,86.66164280331576
juniperus_seg_by_size_20260828_072323,test,dense_baseline,50,0.45,S-IoU,562,92,86,85.93272171253822,86.72839506172839,86.32872503840247
juniperus_seg_by_size_20260828_072323,test,dense_baseline,50,0.5,S-IoU,546,77,100,87.64044943820225,84.52012383900929,86.05200945626478
juniperus_seg_by_size_20260828_072323,test,dense_baseline,50,0.55,S-IoU,530,60,120,89.83050847457628,81.53846153846153,85.48387096774194
juniperus_seg_by_size_20260828_072323,test,dense_baseline,50,0.6,S-IoU,504,44,148,91.97080291970804,77.30061349693251,84.0
juniperus_seg_by_size_20260828_072323,test,dense_baseline,50,0.65,S-IoU,469,37,184,92.68774703557312,71.82235834609494,80.9318377911993
juniperus_seg_by_size_20260828_072323,test,dense_baseline,50,0.7,S-IoU,430,29,227,93.68191721132898,65.44901065449011,77.06093189964157
juniperus_seg_by_size_20260828_072323,test,dense_baseline,50,0.75,S-IoU,384,21,280,94.81481481481482,57.831325301204814,71.84284377923292
juniperus_seg_by_size_20260828_072323,test,dense_baseline,50,0.8,S-IoU,316,10,359,96.93251533742331,46.81481481481482,63.13686313686313
juniperus_seg_by_size_20260828_072323,test,dense_baseline,50,0.85,S-IoU,220,4,464,98.21428571428571,32.16374269005848,48.458149779735685
juniperus_seg_by_size_20260828_072323,test,dense_baseline,50,0.9,S-IoU,92,0,597,100.0,13.352685050798257,23.5595390524968
juniperus_seg_by_size_20260828_072323,test,btm_forest_ensemble_uniform,50,0.25,S-IoU,671,243,22,73.41356673960613,96.82539682539682,83.5096453018046
juniperus_seg_by_size_20260828_072323,test,btm_forest_ensemble_uniform,50,0.3,S-IoU,655,199,27,76.69789227166277,96.04105571847508,85.28645833333334
juniperus_seg_by_size_20260828_072323,test,btm_forest_ensemble_uniform,50,0.35,S-IoU,639,171,35,78.88888888888889,94.80712166172107,86.11859838274931
juniperus_seg_by_size_20260828_072323,test,btm_forest_ensemble_uniform,50,0.4,S-IoU,623,141,38,81.54450261780106,94.25113464447806,87.43859649122807
juniperus_seg_by_size_20260828_072323,test,btm_forest_ensemble_uniform,50,0.45,S-IoU,612,114,49,84.29752066115702,92.58698940998488,88.2480173035328
juniperus_seg_by_size_20260828_072323,test,btm_forest_ensemble_uniform,50,0.5,S-IoU,597,94,60,86.39652677279305,90.8675799086758,88.57566765578636
juniperus_seg_by_size_20260828_072323,test,btm_forest_ensemble_uniform,50,0.55,S-IoU,585,67,73,89.7239263803681,88.90577507598785,89.31297709923665
juniperus_seg_by_size_20260828_072323,test,btm_forest_ensemble_uniform,50,0.6,S-IoU,557,44,103,92.67886855241264,84.3939393939394,88.34258524980176
juniperus_seg_by_size_20260828_072323,test,btm_forest_ensemble_uniform,50,0.65,S-IoU,537,35,121,93.88111888111888,81.61094224924013,87.3170731707317
juniperus_seg_by_size_20260828_072323,test,btm_forest_ensemble_uniform,50,0.7,S-IoU,494,28,166,94.6360153256705,74.84848484848486,83.58714043993233
juniperus_seg_by_size_20260828_072323,test,btm_forest_ensemble_uniform,50,0.75,S-IoU,447,20,218,95.71734475374733,67.21804511278195,78.97526501766784
juniperus_seg_by_size_20260828_072323,test,btm_forest_ensemble_uniform,50,0.8,S-IoU,368,14,300,96.33507853403141,55.08982035928144,70.09523809523809
juniperus_seg_by_size_20260828_072323,test,btm_forest_ensemble_uniform,50,0.85,S-IoU,270,6,407,97.82608695652173,39.88183161004431,56.66316894018887
juniperus_seg_by_size_20260828_072323,test,btm_forest_ensemble_uniform,50,0.9,S-IoU,143,2,544,98.62068965517241,20.815138282387192,34.375
juniperus_seg_by_size_20260828_072323,test,btm_forest_soup,50,0.25,S-IoU,622,139,32,81.73455978975032,95.10703363914374,87.91519434628977
juniperus_seg_by_size_20260828_072323,test,btm_forest_soup,50,0.3,S-IoU,614,117,36,83.99452804377565,94.46153846153847,88.9210716871832
juniperus_seg_by_size_20260828_072323,test,btm_forest_soup,50,0.35,S-IoU,605,103,43,85.45197740112994,93.3641975308642,89.23303834808259
juniperus_seg_by_size_20260828_072323,test,btm_forest_soup,50,0.4,S-IoU,593,82,49,87.85185185185185,92.36760124610592,90.05315110098708
juniperus_seg_by_size_20260828_072323,test,btm_forest_soup,50,0.45,S-IoU,584,74,58,88.75379939209726,90.96573208722741,89.84615384615384
juniperus_seg_by_size_20260828_072323,test,btm_forest_soup,50,0.5,S-IoU,573,63,71,90.09433962264151,88.9751552795031,89.53125
juniperus_seg_by_size_20260828_072323,test,btm_forest_soup,50,0.55,S-IoU,564,47,84,92.3076923076923,87.03703703703704,89.59491660047657
juniperus_seg_by_size_20260828_072323,test,btm_forest_soup,50,0.6,S-IoU,547,36,102,93.82504288164665,84.28351309707242,88.79870129870129
juniperus_seg_by_size_20260828_072323,test,btm_forest_soup,50,0.65,S-IoU,519,26,133,95.22935779816514,79.60122699386503,86.71679197994987
juniperus_seg_by_size_20260828_072323,test,btm_forest_soup,50,0.7,S-IoU,491,20,167,96.08610567514677,74.62006079027356,84.00342172797262
juniperus_seg_by_size_20260828_072323,test,btm_forest_soup,50,0.75,S-IoU,454,13,209,97.21627408993577,68.47662141779789,80.35398230088495
juniperus_seg_by_size_20260828_072323,test,btm_forest_soup,50,0.8,S-IoU,387,11,278,97.23618090452261,58.19548872180451,72.81279397930388
juniperus_seg_by_size_20260828_072323,test,btm_forest_soup,50,0.85,S-IoU,306,9,365,97.14285714285714,45.603576751117735,62.06896551724138
juniperus_seg_by_size_20260828_072323,test,btm_forest_soup,50,0.9,S-IoU,173,3,508,98.29545454545455,25.40381791483113,40.37339556592765
juniperus_seg_by_size_20260828_072323,test,random_ensemble,50,0.25,S-IoU,692,343,14,66.85990338164251,98.01699716713881,79.49454336588168
juniperus_seg_by_size_20260828_072323,test,random_ensemble,50,0.3,S-IoU,673,290,20,69.88577362409139,97.11399711399712,81.280193236715
juniperus_seg_by_size_20260828_072323,test,random_ensemble,50,0.35,S-IoU,654,246,25,72.66666666666667,96.3181148748159,82.83723875870804
juniperus_seg_by_size_20260828_072323,test,random_ensemble,50,0.4,S-IoU,640,201,32,76.09988109393579,95.23809523809523,84.60013218770655
juniperus_seg_by_size_20260828_072323,test,random_ensemble,50,0.45,S-IoU,622,165,43,79.03430749682337,93.53383458646617,85.67493112947659
juniperus_seg_by_size_20260828_072323,test,random_ensemble,50,0.5,S-IoU,610,128,50,82.65582655826557,92.42424242424242,87.26752503576537
juniperus_seg_by_size_20260828_072323,test,random_ensemble,50,0.55,S-IoU,598,91,61,86.79245283018868,90.74355083459787,88.72403560830861
juniperus_seg_by_size_20260828_072323,test,random_ensemble,50,0.6,S-IoU,575,72,81,88.87171561051005,87.65243902439023,88.25786646201074
juniperus_seg_by_size_20260828_072323,test,random_ensemble,50,0.65,S-IoU,551,54,103,91.07438016528926,84.25076452599389,87.52978554408261
juniperus_seg_by_size_20260828_072323,test,random_ensemble,50,0.7,S-IoU,509,42,147,92.37749546279493,77.59146341463415,84.34134217067108
juniperus_seg_by_size_20260828_072323,test,random_ensemble,50,0.75,S-IoU,462,31,197,93.71196754563894,70.10622154779969,80.20833333333334
juniperus_seg_by_size_20260828_072323,test,random_ensemble,50,0.8,S-IoU,391,13,271,96.78217821782178,59.06344410876133,73.35834896810506
juniperus_seg_by_size_20260828_072323,test,random_ensemble,50,0.85,S-IoU,282,9,391,96.90721649484536,41.90193164933135,58.50622406639005
juniperus_seg_by_size_20260828_072323,test,random_ensemble,50,0.9,S-IoU,161,5,519,96.98795180722891,23.676470588235293,38.061465721040186
juniperus_seg_by_size_20260828_072323,test,btm_forest_ensemble_weighted,50,0.1,S-IoU,658,198,27,76.86915887850468,96.05839416058394,85.3990914990266
juniperus_seg_by_size_20260828_072323,test,btm_forest_ensemble_weighted,50,0.12,S-IoU,636,166,35,79.30174563591022,94.7839046199702,86.35437881873726
juniperus_seg_by_size_20260828_072323,test,btm_forest_ensemble_weighted,50,0.15,S-IoU,614,113,48,84.4566712517194,92.74924471299094,88.40892728581713
juniperus_seg_by_size_20260828_072323,test,btm_forest_ensemble_weighted,50,0.18,S-IoU,588,71,72,89.22610015174507,89.0909090909091,89.158453373768
juniperus_seg_by_size_20260828_072323,test,btm_forest_ensemble_weighted,50,0.2,S-IoU,558,43,103,92.84525790349417,84.41754916792739,88.4310618066561
juniperus_seg_by_size_20260828_072323,test,btm_forest_ensemble_weighted,50,0.22,S-IoU,532,34,126,93.99293286219081,80.85106382978722,86.92810457516339
juniperus_seg_by_size_20260828_072323,test,btm_forest_ensemble_weighted,50,0.25,S-IoU,448,19,218,95.93147751605996,67.26726726726727,79.08208296557812
juniperus_seg_by_size_20260828_072323,test,btm_forest_ensemble_weighted,50,0.3,S-IoU,135,1,553,99.26470588235294,19.62209302325581,32.76699029126213
juniperus_seg_by_size_20260828_072323,test,btm_forest_ensemble_weighted,50,0.35,S-IoU,0,0,690,0.0,0.0,0.0
juniperus_seg_by_size_20260828_072323,test,btm_forest_ensemble_weighted,50,0.4,S-IoU,0,0,690,0.0,0.0,0.0
juniperus_seg_by_size_20260828_072323,test,btm_forest_ensemble_weighted,50,0.45,S-IoU,0,0,690,0.0,0.0,0.0
juniperus_seg_by_size_20260828_072323,test,btm_forest_ensemble_weighted,50,0.5,S-IoU,0,0,690,0.0,0.0,0.0
juniperus_seg_by_size_20260828_072323,test,btm_forest_ensemble_weighted,50,0.55,S-IoU,0,0,690,0.0,0.0,0.0
juniperus_seg_by_size_20260828_072323,test,btm_forest_ensemble_weighted,50,0.6,S-IoU,0,0,690,0.0,0.0,0.0
juniperus_seg_by_size_20260828_072323,test,btm_forest_ensemble_weighted,50,0.65,S-IoU,0,0,690,0.0,0.0,0.0
juniperus_seg_by_size_20260828_072323,test,btm_forest_ensemble_weighted,50,0.7,S-IoU,0,0,690,0.0,0.0,0.0
juniperus_seg_by_size_20260828_072323,test,btm_forest_ensemble_weighted,50,0.75,S-IoU,0,0,690,0.0,0.0,0.0
juniperus_seg_by_size_20260828_072323,test,btm_forest_ensemble_weighted,50,0.8,S-IoU,0,0,690,0.0,0.0,0.0
juniperus_seg_by_size_20260828_072323,test,btm_forest_ensemble_weighted,50,0.85,S-IoU,0,0,690,0.0,0.0,0.0
juniperus_seg_by_size_20260828_072323,test,btm_forest_ensemble_weighted,50,0.9,S-IoU,0,0,690,0.0,0.0,0.0
juniperus_seg_by_size_20260828_072323,field_work,dense_baseline,50,0.25,S-IoU,1216,327,426,78.80751782242385,74.05602923264311,76.35792778649922
juniperus_seg_by_size_20260828_072323,field_work,dense_baseline,50,0.3,S-IoU,1149,274,484,80.74490513000703,70.36129822412738,75.19633507853402
juniperus_seg_by_size_20260828_072323,field_work,dense_baseline,50,0.35,S-IoU,1101,239,521,82.16417910447761,67.87916152897657,74.34166103983794
juniperus_seg_by_size_20260828_072323,field_work,dense_baseline,50,0.4,S-IoU,1058,191,564,84.70776621297038,65.22811344019729,73.7025426680599
juniperus_seg_by_size_20260828_072323,field_work,dense_baseline,50,0.45,S-IoU,995,173,621,85.18835616438356,61.57178217821782,71.47988505747128
juniperus_seg_by_size_20260828_072323,field_work,dense_baseline,50,0.5,S-IoU,932,154,678,85.8195211786372,57.88819875776397,69.13946587537092
juniperus_seg_by_size_20260828_072323,field_work,dense_baseline,50,0.55,S-IoU,868,132,752,86.8,53.58024691358024,66.25954198473282
juniperus_seg_by_size_20260828_072323,field_work,dense_baseline,50,0.6,S-IoU,799,100,849,88.87652947719688,48.48300970873786,62.74047899489595
juniperus_seg_by_size_20260828_072323,field_work,dense_baseline,50,0.65,S-IoU,719,72,956,90.89759797724399,42.92537313432836,58.31305758313058
juniperus_seg_by_size_20260828_072323,field_work,dense_baseline,50,0.7,S-IoU,626,52,1071,92.33038348082596,36.88862698880377,52.715789473684204
juniperus_seg_by_size_20260828_072323,field_work,dense_baseline,50,0.75,S-IoU,527,31,1186,94.44444444444444,30.764740221833044,46.41127256715104
juniperus_seg_by_size_20260828_072323,field_work,dense_baseline,50,0.8,S-IoU,396,20,1335,95.1923076923077,22.876949740034664,36.88868188169539
juniperus_seg_by_size_20260828_072323,field_work,dense_baseline,50,0.85,S-IoU,244,10,1506,96.06299212598425,13.942857142857143,24.351297405189623
juniperus_seg_by_size_20260828_072323,field_work,dense_baseline,50,0.9,S-IoU,69,1,1700,98.57142857142858,3.900508762012436,7.504078303425775
juniperus_seg_by_size_20260828_072323,field_work,btm_forest_ensemble_uniform,50,0.25,S-IoU,1460,400,304,78.49462365591397,82.76643990929705,80.5739514348786
juniperus_seg_by_size_20260828_072323,field_work,btm_forest_ensemble_uniform,50,0.3,S-IoU,1396,328,344,80.97447795823666,80.22988505747126,80.60046189376442
juniperus_seg_by_size_20260828_072323,field_work,btm_forest_ensemble_uniform,50,0.35,S-IoU,1331,264,388,83.44827586206897,77.42873763816172,80.32589016294509
juniperus_seg_by_size_20260828_072323,field_work,btm_forest_ensemble_uniform,50,0.4,S-IoU,1277,219,419,85.36096256684492,75.29481132075472,80.0125313283208
juniperus_seg_by_size_20260828_072323,field_work,btm_forest_ensemble_uniform,50,0.45,S-IoU,1203,178,479,87.11078928312817,71.52199762187873,78.55044074436827
juniperus_seg_by_size_20260828_072323,field_work,btm_forest_ensemble_uniform,50,0.5,S-IoU,1125,141,532,88.86255924170617,67.89378394689197,76.97570988710228
juniperus_seg_by_size_20260828_072323,field_work,btm_forest_ensemble_uniform,50,0.55,S-IoU,1047,115,597,90.10327022375215,63.68613138686131,74.62580185317177
juniperus_seg_by_size_20260828_072323,field_work,btm_forest_ensemble_uniform,50,0.6,S-IoU,960,99,683,90.6515580736544,58.42970176506391,71.05847520355293
juniperus_seg_by_size_20260828_072323,field_work,btm_forest_ensemble_uniform,50,0.65,S-IoU,865,76,792,91.92348565356005,52.20277610138805,66.5896843725943
juniperus_seg_by_size_20260828_072323,field_work,btm_forest_ensemble_uniform,50,0.7,S-IoU,761,60,896,92.69183922046284,45.92637296318648,61.420500403551245
juniperus_seg_by_size_20260828_072323,field_work,btm_forest_ensemble_uniform,50,0.75,S-IoU,653,44,1016,93.68723098995696,39.12522468544039,55.19864750633982
juniperus_seg_by_size_20260828_072323,field_work,btm_forest_ensemble_uniform,50,0.8,S-IoU,513,19,1188,96.42857142857143,30.158730158730158,45.94715629198387
juniperus_seg_by_size_20260828_072323,field_work,btm_forest_ensemble_uniform,50,0.85,S-IoU,347,12,1374,96.65738161559888,20.162696106914584,33.36538461538462
juniperus_seg_by_size_20260828_072323,field_work,btm_forest_ensemble_uniform,50,0.9,S-IoU,139,4,1617,97.2027972027972,7.915717539863326,14.63928383359663
juniperus_seg_by_size_20260828_072323,field_work,btm_forest_soup,50,0.25,S-IoU,1237,247,403,83.35579514824798,75.42682926829268,79.19334186939821
juniperus_seg_by_size_20260828_072323,field_work,btm_forest_soup,50,0.3,S-IoU,1175,212,455,84.71521268925738,72.08588957055214,77.8919456413656
juniperus_seg_by_size_20260828_072323,field_work,btm_forest_soup,50,0.35,S-IoU,1122,179,506,86.2413528055342,68.91891891891892,76.61317855923522
juniperus_seg_by_size_20260828_072323,field_work,btm_forest_soup,50,0.4,S-IoU,1090,156,536,87.47993579454254,67.03567035670358,75.90529247910864
juniperus_seg_by_size_20260828_072323,field_work,btm_forest_soup,50,0.45,S-IoU,1040,129,586,88.96492728828058,63.960639606396064,74.4186046511628
juniperus_seg_by_size_20260828_072323,field_work,btm_forest_soup,50,0.5,S-IoU,978,107,649,90.13824884792628,60.11063306699447,72.12389380530973
juniperus_seg_by_size_20260828_072323,field_work,btm_forest_soup,50,0.55,S-IoU,922,95,706,90.65880039331367,56.63390663390664,69.71644612476369
juniperus_seg_by_size_20260828_072323,field_work,btm_forest_soup,50,0.6,S-IoU,852,80,796,91.41630901287554,51.69902912621359,66.04651162790697
juniperus_seg_by_size_20260828_072323,field_work,btm_forest_soup,50,0.65,S-IoU,781,65,883,92.31678486997636,46.93509615384615,62.23107569721116
juniperus_seg_by_size_20260828_072323,field_work,btm_forest_soup,50,0.7,S-IoU,706,52,982,93.13984168865436,41.824644549763036,57.72690106295993
juniperus_seg_by_size_20260828_072323,field_work,btm_forest_soup,50,0.75,S-IoU,601,36,1105,94.34850863422291,35.22860492379836,51.30174989329919
juniperus_seg_by_size_20260828_072323,field_work,btm_forest_soup,50,0.8,S-IoU,488,28,1234,94.57364341085271,28.339140534262487,43.61036639857016
juniperus_seg_by_size_20260828_072323,field_work,btm_forest_soup,50,0.85,S-IoU,360,21,1375,94.48818897637796,20.7492795389049,34.02646502835539
juniperus_seg_by_size_20260828_072323,field_work,btm_forest_soup,50,0.9,S-IoU,168,6,1583,96.55172413793103,9.594517418617933,17.454545454545453
juniperus_seg_by_size_20260828_072323,field_work,random_ensemble,50,0.25,S-IoU,1607,607,205,72.58355916892502,88.68653421633555,79.83109786388476
juniperus_seg_by_size_20260828_072323,field_work,random_ensemble,50,0.3,S-IoU,1515,482,248,75.86379569354031,85.93306863301191,80.58510638297872
juniperus_seg_by_size_20260828_072323,field_work,random_ensemble,50,0.35,S-IoU,1437,381,282,79.04290429042904,83.59511343804537,81.25530110262935
juniperus_seg_by_size_20260828_072323,field_work,random_ensemble,50,0.4,S-IoU,1367,302,335,81.90533253445177,80.31727379553466,81.1035301097597
juniperus_seg_by_size_20260828_072323,field_work,random_ensemble,50,0.45,S-IoU,1284,242,387,84.14154652686763,76.84021543985638,80.32530497341259
juniperus_seg_by_size_20260828_072323,field_work,random_ensemble,50,0.5,S-IoU,1201,190,440,86.34076204169662,73.18708104814138,79.22163588390501
juniperus_seg_by_size_20260828_072323,field_work,random_ensemble,50,0.55,S-IoU,1121,156,504,87.78386844166015,68.9846153846154,77.25706409372846
juniperus_seg_by_size_20260828_072323,field_work,random_ensemble,50,0.6,S-IoU,1037,123,592,89.39655172413794,63.65868631062001,74.36357117246325
juniperus_seg_by_size_20260828_072323,field_work,random_ensemble,50,0.65,S-IoU,942,92,683,91.10251450676982,57.969230769230776,70.85370440015043
juniperus_seg_by_size_20260828_072323,field_work,random_ensemble,50,0.7,S-IoU,818,70,815,92.11711711711712,50.09185548071034,64.89488298294329
juniperus_seg_by_size_20260828_072323,field_work,random_ensemble,50,0.75,S-IoU,696,45,954,93.92712550607287,42.18181818181818,58.21831869510665
juniperus_seg_by_size_20260828_072323,field_work,random_ensemble,50,0.8,S-IoU,553,24,1139,95.84055459272098,32.68321513002364,48.74394006170119
juniperus_seg_by_size_20260828_072323,field_work,random_ensemble,50,0.85,S-IoU,372,12,1351,96.875,21.59024956471271,35.310868533459896
juniperus_seg_by_size_20260828_072323,field_work,random_ensemble,50,0.9,S-IoU,168,0,1594,100.0,9.534619750283769,17.409326424870464
juniperus_seg_by_size_20260828_072323,field_work,btm_forest_ensemble_weighted,50,0.1,S-IoU,1397,326,344,81.07951247823564,80.24124066628374,80.6581986143187
juniperus_seg_by_size_20260828_072323,field_work,btm_forest_ensemble_weighted,50,0.12,S-IoU,1323,252,393,84.0,77.0979020979021,80.4010938924339
juniperus_seg_by_size_20260828_072323,field_work,btm_forest_ensemble_weighted,50,0.15,S-IoU,1209,177,475,87.22943722943724,71.79334916864607,78.76221498371336
juniperus_seg_by_size_20260828_072323,field_work,btm_forest_ensemble_weighted,50,0.18,S-IoU,1071,117,574,90.15151515151516,65.1063829787234,75.60889516413695
juniperus_seg_by_size_20260828_072323,field_work,btm_forest_ensemble_weighted,50,0.2,S-IoU,963,98,683,90.76343072573044,58.505467800729036,71.14887329146657
juniperus_seg_by_size_20260828_072323,field_work,btm_forest_ensemble_weighted,50,0.22,S-IoU,850,72,807,92.19088937093277,51.29752564876282,65.91702210158977
juniperus_seg_by_size_20260828_072323,field_work,btm_forest_ensemble_weighted,50,0.25,S-IoU,653,45,1016,93.55300859598854,39.12522468544039,55.17532741867343
juniperus_seg_by_size_20260828_072323,field_work,btm_forest_ensemble_weighted,50,0.3,S-IoU,136,5,1624,96.45390070921985,7.727272727272727,14.308258811152024
juniperus_seg_by_size_20260828_072323,field_work,btm_forest_ensemble_weighted,50,0.35,S-IoU,0,0,1771,0.0,0.0,0.0
juniperus_seg_by_size_20260828_072323,field_work,btm_forest_ensemble_weighted,50,0.4,S-IoU,0,0,1771,0.0,0.0,0.0
juniperus_seg_by_size_20260828_072323,field_work,btm_forest_ensemble_weighted,50,0.45,S-IoU,0,0,1771,0.0,0.0,0.0
juniperus_seg_by_size_20260828_072323,field_work,btm_forest_ensemble_weighted,50,0.5,S-IoU,0,0,1771,0.0,0.0,0.0
juniperus_seg_by_size_20260828_072323,field_work,btm_forest_ensemble_weighted,50,0.55,S-IoU,0,0,1771,0.0,0.0,0.0
juniperus_seg_by_size_20260828_072323,field_work,btm_forest_ensemble_weighted,50,0.6,S-IoU,0,0,1771,0.0,0.0,0.0
juniperus_seg_by_size_20260828_072323,field_work,btm_forest_ensemble_weighted,50,0.65,S-IoU,0,0,1771,0.0,0.0,0.0
juniperus_seg_by_size_20260828_072323,field_work,btm_forest_ensemble_weighted,50,0.7,S-IoU,0,0,1771,0.0,0.0,0.0
juniperus_seg_by_size_20260828_072323,field_work,btm_forest_ensemble_weighted,50,0.75,S-IoU,0,0,1771,0.0,0.0,0.0
juniperus_seg_by_size_20260828_072323,field_work,btm_forest_ensemble_weighted,50,0.8,S-IoU,0,0,1771,0.0,0.0,0.0
juniperus_seg_by_size_20260828_072323,field_work,btm_forest_ensemble_weighted,50,0.85,S-IoU,0,0,1771,0.0,0.0,0.0
juniperus_seg_by_size_20260828_072323,field_work,btm_forest_ensemble_weighted,50,0.9,S-IoU,0,0,1771,0.0,0.0,0.0
