split,imagen,tipo,idx,area,bucket,n_solapan,cobertura,detectada
test,Img_105.tif,gt,0,586.501759893504,medium,1,93.68057618751939,True
test,Img_105.tif,gt,1,1301.499056148481,large,1,97.84391575522805,True
test,Img_105.tif,gt,2,1591.5052798668808,large,1,94.49388040751549,True
test,Img_105.tif,gt,3,941.5036957204477,medium,1,99.58193981621908,True
test,Img_105.tif,gt,4,296.5004640604157,medium,1,90.85159468797298,True
test,Img_105.tif,pred,0,1567.5,,1,94.49388040751546,True
test,Img_105.tif,pred,1,291.0,,1,90.85159468797298,True
test,Img_105.tif,pred,2,635.5,,1,93.68057618751935,True
test,Img_105.tif,pred,3,1405.0,,1,99.5819398162191,True
test,Img_105.tif,pred,4,1415.0,,1,97.84391575522802,True
test,Img_105.tif,pred,5,505.5,,0,0.0,False
test,Img_105.tif,pred,6,126.5,,0,0.0,False
test,Img_106.tif,gt,0,3444.5043040665623,large,1,98.4176296134005,True
test,Img_106.tif,pred,0,3590.5,,1,98.41762961340054,True
test,Img_106.tif,pred,1,1034.0,,0,0.0,False
test,Img_127.tif,gt,0,4700.251936092163,large,1,97.82058550155837,True
test,Img_127.tif,gt,1,1354.500112064511,large,1,83.88696298917486,True
test,Img_127.tif,gt,2,1694.4993761239025,large,0,0.0,False
test,Img_127.tif,gt,3,1583.5022717911027,large,1,96.17913980429037,True
test,Img_127.tif,pred,0,4731.5,,1,97.82058550155843,True
test,Img_127.tif,pred,1,1585.5,,1,96.17913980429036,True
test,Img_127.tif,pred,2,1181.0,,1,83.88696298917488,True
test,Img_134.tif,gt,0,7209.492448055295,large,1,98.06947890483619,True
test,Img_134.tif,gt,1,1052.2464639303678,medium,2,92.90818542151878,True
test,Img_134.tif,gt,2,4806.50255991808,large,1,98.82187783201188,True
test,Img_134.tif,gt,3,952.4972480880641,medium,1,96.98826340918241,True
test,Img_134.tif,gt,4,1279.4995198074882,large,1,96.48314489520509,True
test,Img_134.tif,gt,5,265.750816063488,medium,1,98.21232830394345,True
test,Img_134.tif,gt,6,679.5030718300136,medium,1,88.72296488061109,True
test,Img_134.tif,pred,0,7404.5,,2,85.58049000119776,True
test,Img_134.tif,pred,1,1281.0,,1,96.48314489520509,True
test,Img_134.tif,pred,2,4924.5,,1,98.82187783201192,True
test,Img_134.tif,pred,3,990.0,,1,96.98826340918244,True
test,Img_134.tif,pred,4,1049.5,,1,92.90818542151878,True
test,Img_134.tif,pred,5,290.0,,1,98.21232830394345,True
test,Img_134.tif,pred,6,689.0,,1,88.72296488061109,True
test,Img_139.tif,gt,0,1098.2497600327683,medium,1,94.26342763306965,True
test,Img_139.tif,gt,1,549.503808114688,medium,1,97.06517333938459,True
test,Img_139.tif,gt,2,782.5031040081917,medium,1,99.4168339869242,True
test,Img_139.tif,gt,3,1745.5041600102402,large,1,93.67638837660243,True
test,Img_139.tif,gt,4,226.75088001843193,medium,1,90.18701048927737,True
test,Img_139.tif,gt,5,650.5009600839679,medium,2,95.2054496505256,True
test,Img_139.tif,gt,6,894.5019837214721,medium,1,99.32920885836072,True
test,Img_139.tif,gt,7,1972.5007522017281,large,3,97.81065957849955,True
test,Img_139.tif,gt,8,968.25083199488,medium,1,97.9344228455338,True
test,Img_139.tif,gt,9,1154.4987198689278,medium,1,97.15231733029329,True
test,Img_139.tif,gt,10,332.4974241075197,medium,2,96.50410281468376,True
test,Img_139.tif,gt,11,1660.4999198269445,large,1,94.85459510961586,True
test,Img_139.tif,gt,12,1159.497408032768,large,1,96.21076064077657,True
test,Img_139.tif,gt,13,108.49943999283173,small,1,93.31737744392531,True
test,Img_139.tif,gt,14,618.5021440389123,medium,1,97.01905573639414,True
test,Img_139.tif,gt,15,244.499840012288,medium,1,97.82707582925696,True
test,Img_139.tif,gt,16,279.7490241208321,medium,1,99.24071653397063,True
test,Img_139.tif,gt,17,357.24873602252774,medium,1,90.72780704491376,True
test,Img_139.tif,gt,18,336.5013920378879,medium,1,98.55114534568038,True
test,Img_139.tif,gt,19,340.7483841126399,medium,1,100.0,True
test,Img_139.tif,gt,20,328.4967040696321,medium,1,94.25444462094367,True
test,Img_139.tif,gt,21,186.50076798975982,small,1,89.87975854865098,True
test,Img_139.tif,pred,0,1192.5,,1,96.21076064077656,True
test,Img_139.tif,pred,1,1240.0,,1,97.15231733029333,True
test,Img_139.tif,pred,2,679.5,,1,97.01905573639414,True
test,Img_139.tif,pred,3,1028.0,,1,97.9344228455338,True
test,Img_139.tif,pred,4,1070.5,,1,99.32920885836057,True
test,Img_139.tif,pred,5,603.5,,1,97.0651733393846,True
test,Img_139.tif,pred,6,1004.0,,1,99.4168339869241,True
test,Img_139.tif,pred,7,1095.0,,1,94.26342763306965,True
test,Img_139.tif,pred,8,1680.5,,1,94.85459510961583,True
test,Img_139.tif,pred,9,718.0,,1,95.20544965052568,True
test,Img_139.tif,pred,10,1827.0,,2,68.51509799763693,True
test,Img_139.tif,pred,11,356.5,,1,99.24071653397063,True
test,Img_139.tif,pred,12,285.0,,1,97.82707582925694,True
test,Img_139.tif,pred,13,236.0,,1,90.18701048927738,True
test,Img_139.tif,pred,14,382.5,,1,90.72780704491382,True
test,Img_139.tif,pred,15,204.0,,1,89.87975854865101,True
test,Img_139.tif,pred,16,369.5,,1,94.25444462094372,True
test,Img_139.tif,pred,17,234.5,,0,0.0,False
test,Img_139.tif,pred,18,896.0,,2,99.28011551246233,True
test,Img_139.tif,pred,19,370.5,,1,96.12810230811337,True
test,Img_139.tif,pred,20,122.5,,1,93.31737744392531,True
test,Img_139.tif,pred,21,2173.0,,2,85.01374795125885,True
test,Img_139.tif,pred,22,946.5,,1,44.88599393081721,False
test,Img_139.tif,pred,23,1116.5,,1,51.51148088550159,True
test,Img_140.tif,gt,0,942.5014399610876,medium,1,98.31561168674298,True
test,Img_140.tif,gt,1,434.50407986585594,medium,1,95.77098193676422,True
test,Img_140.tif,gt,2,1235.5031359569928,large,1,99.22098327217788,True
test,Img_140.tif,pred,0,987.0,,1,98.31561168674298,True
test,Img_140.tif,pred,1,1322.5,,1,99.22098327217778,True
test,Img_140.tif,pred,2,462.5,,1,95.77098193676417,True
test,Img_147.tif,gt,0,934.4991038423041,medium,1,98.30788194305939,True
test,Img_147.tif,pred,0,999.0,,1,98.30788194305941,True
test,Img_164.tif,gt,0,1032.2517120778243,medium,1,96.85148885753493,True
test,Img_164.tif,pred,0,1047.5,,1,96.85148885753503,True
test,Img_166.tif,gt,0,353.5003359354879,medium,1,97.06474055389938,True
test,Img_166.tif,gt,1,515.5007680471041,medium,1,88.02142461126152,True
test,Img_166.tif,gt,2,148.49936003481594,small,1,86.78463793925172,True
test,Img_166.tif,gt,3,220.49899206451207,medium,1,91.89353933479643,True
test,Img_166.tif,gt,4,693.5021761310724,medium,1,95.51172106110363,True
test,Img_166.tif,pred,0,710.0,,1,95.51172106110363,True
test,Img_166.tif,pred,1,387.0,,1,97.06474055389947,True
test,Img_166.tif,pred,2,240.5,,1,91.89353933479643,True
test,Img_166.tif,pred,3,487.5,,1,88.02142461126154,True
test,Img_166.tif,pred,4,151.5,,1,86.78463793925177,True
test,Img_190.tif,gt,0,449.5054080204797,medium,1,99.72181335166529,True
test,Img_190.tif,pred,0,668.0,,1,99.72181335166528,True
test,Img_194.tif,gt,0,1393.4975839662077,large,1,99.13881500834385,True
test,Img_194.tif,pred,0,1563.0,,1,99.13881500834391,True
test,Img_2.tif,gt,0,4188.503711866878,large,1,96.14262334686642,True
test,Img_2.tif,gt,1,668.5027998924795,medium,1,86.40604407007946,True
test,Img_2.tif,gt,2,99.49980800614414,small,0,0.0,False
test,Img_2.tif,gt,3,158.5030079610879,small,0,0.0,False
test,Img_2.tif,pred,0,4166.5,,1,96.1426233468666,True
test,Img_2.tif,pred,1,627.5,,1,86.40604407007947,True
test,Img_2.tif,pred,2,9230.0,,0,0.0,False
test,Img_201.tif,gt,0,120.50036788428798,small,1,85.78896948587924,True
test,Img_201.tif,gt,1,97.50331219148795,small,1,95.9609453843533,True
test,Img_201.tif,gt,2,4664.498783436799,large,1,97.54929244911028,True
test,Img_201.tif,gt,3,7637.500831973375,large,1,99.1260018988633,True
test,Img_201.tif,gt,4,908.4998556999682,medium,2,96.99363429853221,True
test,Img_201.tif,gt,5,1036.5004957368312,medium,1,79.02792860989358,True
test,Img_201.tif,gt,6,73.49876797849592,small,0,0.0,False
test,Img_201.tif,gt,7,89.50030401536006,small,1,65.78184584012124,True
test,Img_201.tif,gt,8,180.50097600102362,small,1,83.44902914218174,True
test,Img_201.tif,pred,0,108.5,,1,85.78896948587924,True
test,Img_201.tif,pred,1,1003.0,,1,95.8105622308597,True
test,Img_201.tif,pred,2,837.5,,1,79.02792860989354,True
test,Img_201.tif,pred,3,121.0,,1,95.96094538435328,True
test,Img_201.tif,pred,4,61.0,,1,65.78184584012122,True
test,Img_201.tif,pred,5,13647.0,,3,97.72243524295361,True
test,Img_201.tif,pred,6,173.0,,1,83.44902914218176,True
test,Img_201.tif,pred,7,208.5,,0,0.0,False
test,Img_202.tif,gt,0,5294.756479674367,large,1,99.52312367722799,True
test,Img_202.tif,gt,1,2068.2484640563207,large,1,99.95770295279374,True
test,Img_202.tif,gt,2,2326.4965439242233,large,1,99.01671790472291,True
test,Img_202.tif,gt,3,1358.4978078945214,large,1,96.40219014715609,True
test,Img_202.tif,gt,4,1919.4899520061429,large,1,95.51671005307992,True
test,Img_202.tif,gt,5,1408.5010400849915,large,1,98.1762430102162,True
test,Img_202.tif,gt,6,2831.4977600860148,large,2,96.92737542100666,True
test,Img_202.tif,gt,7,2182.4986241802253,large,1,95.38377237988969,True
test,Img_202.tif,gt,8,3867.503471691774,large,2,99.31480428820349,True
test,Img_202.tif,gt,9,291.5003199897601,medium,1,95.36884215249633,True
test,Img_202.tif,gt,10,240.4999040245759,medium,1,99.2723755859673,True
test,Img_202.tif,gt,11,123.74760004812802,small,1,98.68698538673875,True
test,Img_202.tif,gt,12,181.2508798033921,small,1,95.99963988952737,True
test,Img_202.tif,gt,13,1115.498560139264,medium,1,97.26594715074486,True
test,Img_202.tif,gt,14,2310.502175930368,large,1,95.91254624109501,True
test,Img_202.tif,gt,15,1959.5029762129916,large,1,94.99556869658052,True
test,Img_202.tif,gt,16,1625.5005919272926,large,1,96.5778502653754,True
test,Img_202.tif,gt,17,162.4988000133114,small,1,91.61505681474404,True
test,Img_202.tif,pred,0,1932.5,,1,94.99556869658056,True
test,Img_202.tif,pred,1,1170.5,,1,97.2659471507448,True
test,Img_202.tif,pred,2,5110.0,,4,61.13008040157456,True
test,Img_202.tif,pred,3,2204.0,,1,95.38377237988965,True
test,Img_202.tif,pred,4,2006.5,,1,95.51671005307995,True
test,Img_202.tif,pred,5,4417.0,,3,50.6050956056582,True
test,Img_202.tif,pred,6,2312.0,,1,95.91254624109507,True
test,Img_202.tif,pred,7,12828.0,,4,99.11407995821138,True
test,Img_202.tif,pred,8,1774.5,,1,96.5778502653753,True
test,Img_202.tif,pred,9,190.5,,1,91.61505681474404,True
test,Img_202.tif,pred,10,205.0,,1,95.99963988952737,True
test,Img_202.tif,pred,11,164.0,,1,98.68698538673874,True
test,Img_212.tif,gt,0,1061.502895681536,medium,0,0.0,False
test,Img_219.tif,gt,0,286.2518879109119,medium,1,80.96034356178431,True
test,Img_219.tif,gt,1,1566.499520036864,large,1,95.47558927946378,True
test,Img_219.tif,gt,2,858.5027842191365,medium,0,0.0,False
test,Img_219.tif,gt,3,2235.4913919242254,large,1,91.52061597324187,True
test,Img_219.tif,gt,4,575.5021599129598,medium,1,95.11277453478803,True
test,Img_219.tif,gt,5,198.50068804608014,medium,1,82.49381177213631,True
test,Img_219.tif,gt,6,158.49998405427206,small,1,99.99999999999997,True
test,Img_219.tif,gt,7,382.5009920757764,medium,1,94.46040336369046,True
test,Img_219.tif,gt,8,1010.4972159528965,medium,0,0.0,False
test,Img_219.tif,gt,9,1385.5019680194546,large,1,93.46801244524931,True
test,Img_219.tif,gt,10,459.49819183923177,medium,1,93.68913642905052,True
test,Img_219.tif,pred,0,1567.0,,1,95.47558927946373,True
test,Img_219.tif,pred,1,1343.0,,1,93.46801244524934,True
test,Img_219.tif,pred,2,492.0,,1,93.6891364290505,True
test,Img_219.tif,pred,3,241.0,,1,80.96034356178433,True
test,Img_219.tif,pred,4,629.0,,1,95.11277453478803,True
test,Img_219.tif,pred,5,669.5,,2,96.08336897237193,True
test,Img_219.tif,pred,6,186.5,,1,82.49381177213628,True
test,Img_219.tif,pred,7,2131.0,,1,91.52061597324186,True
test,Img_220.tif,gt,0,1154.7466716979206,medium,1,92.36346688423183,True
test,Img_220.tif,gt,1,967.5009280921605,medium,1,86.60848953556906,True
test,Img_220.tif,gt,2,3310.499167940608,large,1,90.25642347117972,True
test,Img_220.tif,gt,3,628.4991839866883,medium,0,0.0,False
test,Img_220.tif,gt,4,2772.4971360665627,large,1,91.7810089237995,True
test,Img_220.tif,gt,5,1205.49947191296,large,1,89.84343411193316,True
test,Img_220.tif,pred,0,2642.5,,1,91.78100892379945,True
test,Img_220.tif,pred,1,1127.5,,1,89.84343411193319,True
test,Img_220.tif,pred,2,3928.0,,2,89.43141660135883,True
test,Img_220.tif,pred,3,1127.5,,1,92.3634668842319,True
test,Img_223.tif,gt,0,1121.5033918054396,medium,1,93.76915731260058,True
test,Img_223.tif,gt,1,478.4988959170562,medium,1,94.35753427714663,True
test,Img_223.tif,pred,0,1112.5,,1,93.76915731260056,True
test,Img_223.tif,pred,1,506.0,,1,94.35753427714668,True
test,Img_224.tif,gt,0,152.24708806451198,small,1,72.00393607613226,True
test,Img_224.tif,gt,1,181.49692805529608,small,0,0.0,False
test,Img_224.tif,gt,2,209.49972796211213,medium,0,0.0,False
test,Img_224.tif,gt,3,327.4991839150081,medium,0,0.0,False
test,Img_224.tif,gt,4,162.50193601331213,small,0,0.0,False
test,Img_224.tif,gt,5,122.49820801433616,small,0,0.0,False
test,Img_224.tif,gt,6,84.50116798054395,small,0,0.0,False
test,Img_224.tif,gt,7,2174.5031200256,large,1,95.45869733928342,True
test,Img_224.tif,gt,8,787.503807942656,medium,1,95.72229827091789,True
test,Img_224.tif,gt,9,397.49593633792034,medium,1,95.62911552054186,True
test,Img_224.tif,gt,10,963.4999842693119,medium,1,93.35734953053758,True
test,Img_224.tif,gt,11,379.4998079631364,medium,1,93.80758364186705,True
test,Img_224.tif,gt,12,352.49923221094406,medium,2,85.90473976769565,True
test,Img_224.tif,pred,0,2174.0,,1,95.45869733928346,True
test,Img_224.tif,pred,1,953.5,,1,95.72229827091789,True
test,Img_224.tif,pred,2,975.5,,1,93.35734953053763,True
test,Img_224.tif,pred,3,123.5,,1,72.00393607613226,True
test,Img_224.tif,pred,4,497.5,,1,95.62911552054176,True
test,Img_224.tif,pred,5,329.0,,1,81.02853623782421,True
test,Img_224.tif,pred,6,154.0,,0,0.0,False
test,Img_224.tif,pred,7,537.5,,2,50.982058622759155,True
test,Img_230.tif,gt,0,91.50172811673585,small,1,63.52389750941857,True
test,Img_230.tif,gt,1,241.49910387097597,medium,1,91.4334804503069,True
test,Img_230.tif,gt,2,491.5005922570244,medium,1,83.76114344895724,True
test,Img_230.tif,gt,3,603.5060801495041,medium,1,81.06869643767746,True
test,Img_230.tif,gt,4,409.4993280716801,medium,1,89.86568102669237,True
test,Img_230.tif,gt,5,169.49566398464017,small,1,91.70452172020393,True
test,Img_230.tif,gt,6,293.4977119477762,medium,1,90.88662332910899,True
test,Img_230.tif,gt,7,58.49934400307201,small,0,0.0,False
test,Img_230.tif,gt,8,213.501344043008,medium,1,95.02321065641854,True
test,Img_230.tif,gt,9,234.50190402150363,medium,1,86.80685338520973,True
test,Img_230.tif,gt,10,128.49800000307212,small,1,79.52365945274518,True
test,Img_230.tif,gt,11,266.4975840665599,medium,1,77.15838800462281,True
test,Img_230.tif,gt,12,209.50062410547207,medium,1,87.05167386257018,True
test,Img_230.tif,gt,13,481.505791965184,medium,0,0.0,False
test,Img_230.tif,gt,14,389.50009600409567,medium,1,91.35121028387844,True
test,Img_230.tif,gt,15,227.50380802867187,medium,1,92.96675683033087,True
test,Img_230.tif,gt,16,398.50555201945616,medium,1,79.84557762327435,True
test,Img_230.tif,gt,17,121.49990380953616,small,1,74.6920359933563,True
test,Img_230.tif,gt,18,58.502704189440195,small,1,85.68149590381479,True
test,Img_230.tif,gt,19,149.49755194572785,small,1,88.96420721376043,True
test,Img_230.tif,gt,20,518.4970239733758,medium,1,97.01038052181298,True
test,Img_230.tif,gt,21,150.49966400716806,small,1,84.88349572850879,True
test,Img_230.tif,gt,22,581.5006078873596,medium,1,96.96924957835064,True
test,Img_230.tif,gt,23,77.50105591603199,small,1,76.61146707250174,True
test,Img_230.tif,gt,24,233.501247967232,medium,1,97.75121369687203,True
test,Img_230.tif,gt,25,121.49900816793594,small,0,0.0,False
test,Img_230.tif,gt,26,81.49841606860802,small,1,84.05090956871393,True
test,Img_230.tif,gt,27,144.50166390374395,small,0,0.0,False
test,Img_230.tif,gt,28,132.50073601228814,small,1,80.94300694676727,True
test,Img_230.tif,pred,0,578.0,,1,97.01038052181299,True
test,Img_230.tif,pred,1,404.0,,1,89.86568102669236,True
test,Img_230.tif,pred,2,698.0,,1,96.96924957835061,True
test,Img_230.tif,pred,3,380.0,,1,91.3512102838785,True
test,Img_230.tif,pred,4,254.0,,1,95.02321065641854,True
test,Img_230.tif,pred,5,457.5,,1,83.7611434489572,True
test,Img_230.tif,pred,6,250.0,,1,92.96675683033084,True
test,Img_230.tif,pred,7,320.5,,1,90.886623329109,True
test,Img_230.tif,pred,8,565.0,,1,81.06869643767749,True
test,Img_230.tif,pred,9,180.5,,1,91.70452172020394,True
test,Img_230.tif,pred,10,272.5,,1,91.43348045030689,True
test,Img_230.tif,pred,11,239.5,,1,86.80685338520973,True
test,Img_230.tif,pred,12,121.5,,1,79.52365945274519,True
test,Img_230.tif,pred,13,270.5,,1,97.75121369687203,True
test,Img_230.tif,pred,14,203.0,,1,87.05167386257018,True
test,Img_230.tif,pred,15,211.5,,1,77.15838800462282,True
test,Img_230.tif,pred,16,56.5,,1,85.68149590381479,True
test,Img_230.tif,pred,17,166.5,,1,88.96420721376043,True
test,Img_230.tif,pred,18,139.5,,1,84.88349572850879,True
test,Img_230.tif,pred,19,378.5,,1,79.84557762327438,True
test,Img_230.tif,pred,20,124.0,,1,80.9430069467673,True
test,Img_230.tif,pred,21,63.0,,1,63.52389750941858,True
test,Img_230.tif,pred,22,122.0,,1,74.69203599335631,True
test,Img_230.tif,pred,23,82.5,,1,84.05090956871396,True
test,Img_230.tif,pred,24,69.0,,1,76.61146707250174,True
test,Img_235.tif,gt,0,2778.501183983617,large,1,98.45242030423334,True
test,Img_235.tif,gt,1,1014.5033118474248,medium,1,98.07771785626613,True
test,Img_235.tif,gt,2,154.50206403788775,small,1,86.48731057737113,True
test,Img_235.tif,gt,3,2521.501824292863,large,1,97.72957656528145,True
test,Img_235.tif,gt,4,1296.4968959057915,large,1,96.68359252134235,True
test,Img_235.tif,gt,5,1420.4977121484799,large,1,97.93221714265955,True
test,Img_235.tif,gt,6,1124.5024479539193,medium,1,96.66531840548485,True
test,Img_235.tif,gt,7,164.49910398566394,small,1,91.48943206952237,True
test,Img_235.tif,gt,8,2223.5041281617932,large,1,97.06525428169415,True
test,Img_235.tif,gt,9,323.50193585561624,medium,1,83.55876423218626,True
test,Img_235.tif,gt,10,1421.5038559518714,large,1,94.69729500462618,True
test,Img_235.tif,gt,11,135.50360021811198,small,0,0.0,False
test,Img_235.tif,gt,12,512.4994719416319,medium,2,85.51213646197876,True
test,Img_235.tif,gt,13,1021.5093597327356,medium,1,98.70890463228132,True
test,Img_235.tif,gt,14,208.5018720296951,medium,1,89.74755679719067,True
test,Img_235.tif,gt,15,134.498239762432,small,1,85.87308803613199,True
test,Img_235.tif,gt,16,566.4975998402562,medium,1,96.63535449157375,True
test,Img_235.tif,gt,17,2027.5036800901125,large,1,96.7046477427344,True
test,Img_235.tif,gt,18,847.4982562529277,medium,1,98.28892342754936,True
test,Img_235.tif,gt,19,653.5029280460798,medium,1,91.67900772694146,True
test,Img_235.tif,gt,20,177.4988959457282,small,1,88.38082233853447,True
test,Img_235.tif,gt,21,2219.5003841167345,large,1,97.547292875022,True
test,Img_235.tif,gt,22,78.49891194879996,small,0,0.0,False
test,Img_235.tif,gt,23,392.49937583718446,medium,1,90.82810058951698,True
test,Img_235.tif,gt,24,131.5000800583676,small,1,93.44054544260423,True
test,Img_235.tif,pred,0,1432.0,,1,96.68359252134238,True
test,Img_235.tif,pred,1,2976.5,,1,98.45242030423329,True
test,Img_235.tif,pred,2,1117.5,,1,98.07771785626615,True
test,Img_235.tif,pred,3,2303.0,,1,97.54729287502205,True
test,Img_235.tif,pred,4,1182.5,,1,96.66531840548485,True
test,Img_235.tif,pred,5,2501.0,,1,97.06525428169411,True
test,Img_235.tif,pred,6,2165.0,,1,96.70464774273432,True
test,Img_235.tif,pred,7,406.0,,1,90.82810058951704,True
test,Img_235.tif,pred,8,1518.5,,1,97.93221714265957,True
test,Img_235.tif,pred,9,677.0,,1,96.63535449157375,True
test,Img_235.tif,pred,10,913.5,,1,98.28892342754936,True
test,Img_235.tif,pred,11,654.0,,1,91.67900772694152,True
test,Img_235.tif,pred,12,2694.0,,1,97.72957656528153,True
test,Img_235.tif,pred,13,2647.5,,2,96.3746894435651,True
test,Img_235.tif,pred,14,324.5,,1,83.5587642321862,True
test,Img_235.tif,pred,15,181.5,,1,88.38082233853444,True
test,Img_235.tif,pred,16,184.5,,1,91.48943206952241,True
test,Img_235.tif,pred,17,130.5,,1,85.87308803613197,True
test,Img_235.tif,pred,18,260.0,,1,44.58519322380885,False
test,Img_235.tif,pred,19,237.5,,1,89.74755679719068,True
test,Img_235.tif,pred,20,155.5,,1,93.44054544260419,True
test,Img_235.tif,pred,21,241.5,,1,41.70743184723045,False
test,Img_235.tif,pred,22,157.0,,1,86.48731057737116,True
test,Img_256.tif,gt,0,427.752479995904,medium,1,96.1131558976277,True
test,Img_256.tif,gt,1,1160.4980639866874,large,1,98.24955191412164,True
test,Img_256.tif,gt,2,143.49977602867202,small,1,74.47756846871614,True
test,Img_256.tif,gt,3,705.5034400010238,medium,1,94.64003803420347,True
test,Img_256.tif,gt,4,225.49801600614376,medium,1,96.06428820392375,True
test,Img_256.tif,gt,5,150.49943992115195,small,1,78.4059901054765,True
test,Img_256.tif,gt,6,283.4984319426561,medium,1,83.4434455994546,True
test,Img_256.tif,gt,7,219.50292811775975,medium,1,89.97643618308902,True
test,Img_256.tif,gt,8,184.5007999959039,small,1,97.15411094598862,True
test,Img_256.tif,gt,9,593.5010881085439,medium,1,87.44698103849971,True
test,Img_256.tif,gt,10,91.50295993753582,small,0,0.0,False
test,Img_256.tif,gt,11,907.4983040040962,medium,1,94.82111559854255,True
test,Img_256.tif,pred,0,1287.5,,1,98.24955191412154,True
test,Img_256.tif,pred,1,939.0,,1,94.82111559854258,True
test,Img_256.tif,pred,2,583.0,,1,87.44698103849976,True
test,Img_256.tif,pred,3,739.5,,1,94.64003803420343,True
test,Img_256.tif,pred,4,109.5,,1,74.47756846871614,True
test,Img_256.tif,pred,5,275.5,,1,83.4434455994546,True
test,Img_256.tif,pred,6,487.0,,1,96.11315589762772,True
test,Img_256.tif,pred,7,252.5,,1,96.06428820392372,True
test,Img_256.tif,pred,8,217.0,,1,97.15411094598853,True
test,Img_256.tif,pred,9,245.0,,1,89.97643618308906,True
test,Img_256.tif,pred,10,125.0,,1,78.40599010547652,True
test,Img_268.tif,gt,0,592.1279439953917,medium,1,95.32406395047772,True
test,Img_268.tif,gt,1,803.2558239498238,medium,0,0.0,False
test,Img_268.tif,gt,2,9169.249199624184,large,1,97.90468262149165,True
test,Img_268.tif,gt,3,8453.501999767554,large,1,98.77489149297695,True
test,Img_268.tif,gt,4,19412.496447891466,large,1,98.44591237854003,True
test,Img_268.tif,gt,5,339.50022420070405,medium,1,99.92644715347807,True
test,Img_268.tif,pred,0,19891.0,,1,98.44591237854,True
test,Img_268.tif,pred,1,9135.0,,1,98.77489149297686,True
test,Img_268.tif,pred,2,649.0,,1,95.32406395047772,True
test,Img_268.tif,pred,3,9110.0,,1,97.90468262149165,True
test,Img_268.tif,pred,4,503.0,,1,99.92644715347811,True
test,Img_272.tif,gt,0,592.62440781824,medium,1,93.81975504763743,True
test,Img_272.tif,gt,1,3289.7486880563174,large,1,95.18770109354304,True
test,Img_272.tif,gt,2,387.74875199692815,medium,1,76.87030386235095,True
test,Img_272.tif,gt,3,264.49996812287986,medium,0,0.0,False
test,Img_272.tif,gt,4,63.49959996620807,small,0,0.0,False
test,Img_272.tif,gt,5,298.2530399887361,medium,1,89.14467258949557,True
test,Img_272.tif,gt,6,114.50247997439995,small,1,0.2183079362821524,False
test,Img_272.tif,gt,7,636.5026399334403,medium,0,0.0,False
test,Img_272.tif,gt,8,1560.7542879559685,large,1,93.56879319758549,True
test,Img_272.tif,gt,9,1456.49948788736,large,1,94.64475142214025,True
test,Img_272.tif,gt,10,308.5027361669116,medium,1,87.17544333950752,True
test,Img_272.tif,gt,11,1493.4945278525438,large,1,95.50148709332043,True
test,Img_272.tif,gt,12,380.49867193139164,medium,1,94.2510411548203,True
test,Img_272.tif,gt,13,470.5033920634872,medium,1,95.61609110872976,True
test,Img_272.tif,pred,0,3264.5,,1,95.18770109354315,True
test,Img_272.tif,pred,1,528.0,,1,95.61609110872978,True
test,Img_272.tif,pred,2,1605.0,,1,95.50148709332045,True
test,Img_272.tif,pred,3,315.0,,1,87.1754433395075,True
test,Img_272.tif,pred,4,620.0,,1,93.81975504763751,True
test,Img_272.tif,pred,5,1549.0,,1,93.5687931975855,True
test,Img_272.tif,pred,6,439.5,,1,94.25104115482024,True
test,Img_272.tif,pred,7,1468.5,,1,94.64475142214022,True
test,Img_272.tif,pred,8,331.5,,1,76.87030386235097,True
test,Img_272.tif,pred,9,303.0,,2,64.4756159798828,True
test,Img_285.tif,gt,0,760.5011040255997,medium,1,91.0420842534735,True
test,Img_285.tif,gt,1,95.50323190374405,small,1,99.214367918552,True
test,Img_285.tif,gt,2,1025.5036960788475,medium,1,97.95210254797252,True
test,Img_285.tif,gt,3,606.5005441904643,medium,1,98.70176799206027,True
test,Img_285.tif,gt,4,99.50003199180806,small,1,87.9385767238546,True
test,Img_285.tif,gt,5,48.50084804812793,small,1,85.56640472833523,True
test,Img_285.tif,gt,6,383.49963205836804,medium,1,96.70782469972119,True
test,Img_285.tif,gt,7,553.500943980544,medium,1,93.811947684829,True
test,Img_285.tif,gt,8,107.50180804607997,small,1,92.20888264458067,True
test,Img_285.tif,gt,9,857.5057121361921,medium,1,98.80467640286969,True
test,Img_285.tif,gt,10,528.500224129024,medium,1,99.7634392683582,True
test,Img_285.tif,gt,11,584.4994399498239,medium,1,95.59445804298565,True
test,Img_285.tif,gt,12,211.4996959559681,medium,3,89.0366461849499,True
test,Img_285.tif,gt,13,91.49915208089602,small,1,99.18011042491818,True
test,Img_285.tif,gt,14,52.50168007884767,small,1,88.8089981259421,True
test,Img_285.tif,gt,15,118.50028799795187,small,1,74.26128788467551,True
test,Img_285.tif,gt,16,84.49892792319983,small,3,97.78158598097282,True
test,Img_285.tif,gt,17,157.50033613619223,small,1,90.39697783512472,True
test,Img_285.tif,gt,18,501.4991998033922,medium,1,67.2731793040246,True
test,Img_285.tif,gt,19,255.4997761720321,medium,1,94.32484191853541,True
test,Img_285.tif,gt,20,97.2505440686081,small,1,91.25873469714708,True
test,Img_285.tif,gt,21,315.4991519662078,medium,1,98.05891586296497,True
test,Img_285.tif,gt,22,1838.5004320686087,large,1,98.52451446038255,True
test,Img_285.tif,gt,23,208.49660796518418,medium,1,89.56885856918694,True
test,Img_285.tif,gt,24,106.50171205631989,small,1,85.26940097629303,True
test,Img_285.tif,gt,25,495.7450079948805,medium,1,92.15923521655272,True
test,Img_285.tif,gt,26,1883.496240052223,large,1,98.40736351920691,True
test,Img_285.tif,gt,27,534.4987839959036,medium,1,94.7146625948201,True
test,Img_285.tif,gt,28,588.5084480593912,medium,1,93.47877227438819,True
test,Img_285.tif,gt,29,166.50265595084747,small,1,82.50651805738521,True
test,Img_285.tif,gt,30,1410.501007878144,large,1,96.3930711111844,True
test,Img_285.tif,gt,31,632.5037120819197,medium,1,98.00397436313737,True
test,Img_285.tif,gt,32,106.4986880491522,small,1,97.88636637685516,True
test,Img_285.tif,gt,33,309.4996961566715,medium,1,95.79921261806422,True
test,Img_285.tif,gt,34,438.2504639815674,medium,2,96.17804671653161,True
test,Img_285.tif,gt,35,611.501472010239,medium,1,94.2965003955393,True
test,Img_285.tif,pred,0,630.5,,1,94.29650039553931,True
test,Img_285.tif,pred,1,1418.0,,1,96.39307111118451,True
test,Img_285.tif,pred,2,1948.0,,1,98.40736351920695,True
test,Img_285.tif,pred,3,2298.5,,2,98.45631762147391,True
test,Img_285.tif,pred,4,611.0,,1,99.7634392683582,True
test,Img_285.tif,pred,5,618.5,,1,95.59445804298576,True
test,Img_285.tif,pred,6,719.5,,1,91.04208425347343,True
test,Img_285.tif,pred,7,533.5,,1,94.71466259482007,True
test,Img_285.tif,pred,8,688.5,,1,98.00397436313744,True
test,Img_285.tif,pred,9,634.5,,1,93.4787722743882,True
test,Img_285.tif,pred,10,467.0,,1,92.15923521655272,True
test,Img_285.tif,pred,11,756.0,,1,98.70176799206024,True
test,Img_285.tif,pred,12,411.5,,1,96.70782469972113,True
test,Img_285.tif,pred,13,570.0,,1,93.81194768482902,True
test,Img_285.tif,pred,14,1309.5,,2,98.05964017276435,True
test,Img_285.tif,pred,15,333.0,,1,95.79921261806425,True
test,Img_285.tif,pred,16,220.0,,1,89.56885856918697,True
test,Img_285.tif,pred,17,172.0,,1,90.39697783512477,True
test,Img_285.tif,pred,18,145.0,,1,82.50651805738521,True
test,Img_285.tif,pred,19,118.0,,1,87.9385767238546,True
test,Img_285.tif,pred,20,116.0,,1,92.2088826445807,True
test,Img_285.tif,pred,21,91.5,,1,74.26128788467551,True
test,Img_285.tif,pred,22,95.5,,1,91.25873469714708,True
test,Img_285.tif,pred,23,272.0,,1,94.32484191853541,True
test,Img_285.tif,pred,24,248.5,,2,95.39887658191778,True
test,Img_285.tif,pred,25,436.0,,1,91.50036359081338,True
test,Img_285.tif,pred,26,223.5,,2,64.63298559793367,True
test,Img_285.tif,pred,27,99.5,,1,85.26940097629303,True
test,Img_285.tif,pred,28,321.5,,2,90.66754849804822,True
test,Img_285.tif,pred,29,1013.5,,1,98.80467640286969,True
test,Img_285.tif,pred,30,361.5,,1,67.2731793040246,True
test,Img_285.tif,pred,31,41.0,,0,0.0,False
test,Img_285.tif,pred,32,185.5,,1,41.07230882834969,False
test,Img_285.tif,pred,33,163.5,,1,97.88636637685515,True
test,Img_285.tif,pred,34,189.0,,2,40.181566487252354,False
test,Img_285.tif,pred,35,60.0,,1,85.56640472833524,True
test,Img_291.tif,gt,0,1880.2502400102398,large,1,99.16234978194088,True
test,Img_291.tif,gt,1,682.7487358935039,medium,1,98.77335489215022,True
test,Img_291.tif,gt,2,509.5003039006721,medium,1,97.96366910432812,True
test,Img_291.tif,gt,3,2095.500912089085,large,0,0.0,False
test,Img_291.tif,gt,4,566.4987199692802,medium,1,99.07302314257142,True
test,Img_291.tif,gt,5,785.501488099328,medium,1,2.1006544576364914,False
test,Img_291.tif,gt,6,1097.499072079871,medium,1,96.12756515754884,True
test,Img_291.tif,gt,7,665.4990397440001,medium,1,96.30914988434657,True
test,Img_291.tif,gt,8,1314.7489283031032,large,1,95.97835001909402,True
test,Img_291.tif,gt,9,412.49928006246364,medium,1,94.95480235548315,True
test,Img_291.tif,gt,10,1850.4927358095365,large,1,97.36578787320263,True
test,Img_291.tif,gt,11,80.49932791398405,small,0,0.0,False
test,Img_291.tif,gt,12,718.5030081761272,medium,2,93.83263982731143,True
test,Img_291.tif,gt,13,337.5005921853439,medium,1,98.88896666682325,True
test,Img_291.tif,gt,14,177.49889604608015,small,1,88.41566880357942,True
test,Img_291.tif,pred,0,1923.5,,1,97.36578787320269,True
test,Img_291.tif,pred,1,1489.0,,1,95.97835001909404,True
test,Img_291.tif,pred,2,792.5,,1,96.30914988434665,True
test,Img_291.tif,pred,3,454.5,,1,94.95480235548315,True
test,Img_291.tif,pred,4,556.0,,1,68.13698013596064,True
test,Img_291.tif,pred,5,1351.0,,2,98.4273406441281,True
test,Img_291.tif,pred,6,447.5,,1,98.8889666668233,True
test,Img_291.tif,pred,7,1216.0,,2,56.90384964833258,True
test,Img_291.tif,pred,8,213.0,,1,25.69565969135081,False
test,Img_291.tif,pred,9,739.0,,1,99.07302314257144,True
test,Img_291.tif,pred,10,46.0,,0,0.0,False
test,Img_291.tif,pred,11,2104.0,,1,99.16234978194086,True
test,Img_291.tif,pred,12,192.0,,1,88.4156688035794,True
test,Img_291.tif,pred,13,178.5,,0,0.0,False
test,Img_295.tif,gt,0,466.2494561320959,medium,1,88.98143999766211,True
test,Img_295.tif,gt,1,275.4991200317442,medium,2,89.2016090372945,True
test,Img_295.tif,gt,2,427.49388804505577,medium,1,90.77549472627709,True
test,Img_295.tif,gt,3,1590.4979038412782,large,1,92.56903767238015,True
test,Img_295.tif,gt,4,132.25009585356798,small,1,84.87641177643816,True
test,Img_295.tif,gt,5,258.50129596211184,medium,1,80.12567794998256,True
test,Img_295.tif,gt,6,111.75070399897601,small,1,66.77846072881276,True
test,Img_295.tif,gt,7,334.4981759508477,medium,1,94.8251950403942,True
test,Img_295.tif,gt,8,101.25047995596805,small,1,94.81495002498058,True
test,Img_295.tif,gt,9,645.4945439129604,medium,1,91.09244334487302,True
test,Img_295.tif,gt,10,77.50116800921603,small,1,56.2105334678874,True
test,Img_295.tif,gt,11,207.4977440972802,medium,1,93.97626981731273,True
test,Img_295.tif,gt,12,566.7510401208328,medium,1,97.90465596199489,True
test,Img_295.tif,gt,13,107.49900802457594,small,1,90.93169670856615,True
test,Img_295.tif,gt,14,880.5026562375688,medium,1,96.01770600760686,True
test,Img_295.tif,gt,15,132.49950409113592,small,1,91.79201140455973,True
test,Img_295.tif,gt,16,378.4945600020484,medium,1,97.63900751859934,True
test,Img_295.tif,gt,17,457.5040480747522,medium,1,98.87962692883613,True
test,Img_295.tif,gt,18,105.5021758300159,small,1,85.30758649537033,True
test,Img_295.tif,gt,19,329.4997121740801,medium,1,96.05456160528013,True
test,Img_295.tif,gt,20,215.49895978598417,medium,1,98.43375577634012,True
test,Img_295.tif,gt,21,599.5040159969283,medium,1,91.80559279586159,True
test,Img_295.tif,gt,22,110.50030392934381,small,1,97.5116230411985,True
test,Img_295.tif,gt,23,167.50207998361574,small,1,98.73116796955374,True
test,Img_295.tif,gt,24,138.74758398771212,small,1,94.59455813113419,True
test,Img_295.tif,gt,25,130.50244811161605,small,1,88.31249500997379,True
test,Img_295.tif,gt,26,754.5067997859837,medium,1,93.66261403589272,True
test,Img_295.tif,gt,27,1050.4983680163837,medium,1,93.71133870465025,True
test,Img_295.tif,gt,28,563.496079949824,medium,1,95.13137694886515,True
test,Img_295.tif,gt,29,1112.2570396098565,medium,1,97.07787829879247,True
test,Img_295.tif,pred,0,780.0,,1,93.66261403589277,True
test,Img_295.tif,pred,1,519.5,,1,98.87962692883616,True
test,Img_295.tif,pred,2,898.5,,1,96.01770600760686,True
test,Img_295.tif,pred,3,579.0,,1,95.13137694886524,True
test,Img_295.tif,pred,4,351.0,,1,96.05456160528021,True
test,Img_295.tif,pred,5,426.0,,1,97.6390075185993,True
test,Img_295.tif,pred,6,232.0,,1,93.97626981731271,True
test,Img_295.tif,pred,7,1210.0,,1,97.07787829879251,True
test,Img_295.tif,pred,8,1091.5,,1,93.7113387046503,True
test,Img_295.tif,pred,9,124.5,,1,84.87641177643815,True
test,Img_295.tif,pred,10,134.5,,1,91.79201140455972,True
test,Img_295.tif,pred,11,431.5,,1,88.98143999766211,True
test,Img_295.tif,pred,12,214.5,,1,70.05424043401767,True
test,Img_295.tif,pred,13,151.5,,1,94.59455813113416,True
test,Img_295.tif,pred,14,98.0,,1,85.30758649537032,True
test,Img_295.tif,pred,15,1559.0,,1,92.56903767238013,True
test,Img_295.tif,pred,16,274.5,,1,98.43375577634013,True
test,Img_295.tif,pred,17,367.0,,1,94.82519504039419,True
test,Img_295.tif,pred,18,427.5,,1,90.77549472627713,True
test,Img_295.tif,pred,19,717.5,,2,87.35329425549419,True
test,Img_295.tif,pred,20,618.0,,1,97.90465596199486,True
test,Img_295.tif,pred,21,608.5,,1,91.80559279586151,True
test,Img_295.tif,pred,22,114.5,,1,90.93169670856615,True
test,Img_295.tif,pred,23,126.5,,1,88.3124950099738,True
test,Img_295.tif,pred,24,115.5,,1,94.81495002498053,True
test,Img_295.tif,pred,25,346.0,,2,98.24642361829325,True
test,Img_295.tif,pred,26,83.0,,1,66.77846072881276,True
test,Img_295.tif,pred,27,224.0,,1,80.12567794998257,True
test,Img_295.tif,pred,28,70.0,,1,21.597380039238693,False
test,Img_298.tif,gt,0,187.24988814335995,small,1,94.95958889264087,True
test,Img_298.tif,gt,1,1273.751936077824,large,1,0.09811015308428366,False
test,Img_298.tif,gt,2,765.7532321689598,medium,1,65.36087854425018,True
test,Img_298.tif,gt,3,230.5031998545919,medium,1,97.93886075776257,True
test,Img_298.tif,gt,4,483.49803175116807,medium,1,99.99999999999996,True
test,Img_298.tif,gt,5,618.4987839528959,medium,2,96.07897563908314,True
test,Img_298.tif,gt,6,1239.4979199733762,large,1,96.7023867174827,True
test,Img_298.tif,gt,7,1679.498383747071,large,3,95.8916895270306,True
test,Img_298.tif,gt,8,1063.4988318330875,medium,2,98.06657840713504,True
test,Img_298.tif,gt,9,138.50019202252798,small,1,94.58518000915689,True
test,Img_298.tif,gt,10,141.25017601228805,small,1,97.610191969351,True
test,Img_298.tif,gt,11,581.5036318945279,medium,1,96.89343090285682,True
test,Img_298.tif,gt,12,224.502624116736,medium,1,94.93380703238209,True
test,Img_298.tif,gt,13,963.4950557818881,medium,0,0.0,False
test,Img_298.tif,gt,14,609.496912009216,medium,1,96.45288175334332,True
test,Img_298.tif,gt,15,221.49785603276817,medium,1,99.43558094195636,True
test,Img_298.tif,gt,16,233.50180773068794,medium,1,99.1432014677529,True
test,Img_298.tif,gt,17,585.4993118535677,medium,1,79.48345463016994,True
test,Img_298.tif,gt,18,839.4983838760967,medium,1,33.36789652476853,False
test,Img_298.tif,gt,19,234.49551992832008,medium,1,98.88110782549934,True
test,Img_298.tif,gt,20,359.4984480317439,medium,1,97.77476200862233,True
test,Img_298.tif,gt,21,3760.5012638699527,large,1,99.24547654604935,True
test,Img_298.tif,gt,22,573.4983839621119,medium,1,95.69532803210994,True
test,Img_298.tif,gt,23,581.4976959733764,medium,1,88.27389540033792,True
test,Img_298.tif,gt,24,266.5023999590402,medium,1,92.5419748524836,True
test,Img_298.tif,gt,25,1605.7493120901122,large,1,96.92513347497986,True
test,Img_298.tif,gt,26,919.4973280174088,medium,1,90.2195147871368,True
test,Img_298.tif,gt,27,164.50201600000017,small,1,97.9487230061034,True
test,Img_298.tif,gt,28,175.50452799487968,small,3,97.86343062263704,True
test,Img_298.tif,gt,29,299.49560005836855,medium,1,99.74968579656797,True
test,Img_298.tif,gt,30,1686.4987201986557,large,2,99.11801984095344,True
test,Img_298.tif,gt,31,1828.5009278771174,large,1,98.72153238531713,True
test,Img_298.tif,gt,32,2698.498095706113,large,2,97.53576108915055,True
test,Img_298.tif,gt,33,3788.5049598197716,large,3,31.61210589712938,False
test,Img_298.tif,gt,34,249.50200005427203,medium,1,96.14207178428637,True
test,Img_298.tif,gt,35,3069.5021277347805,large,1,96.07635066543712,True
test,Img_298.tif,gt,36,589.5038400491518,medium,2,90.3727202141794,True
test,Img_298.tif,gt,37,1576.4983519703037,large,1,84.72488221834612,True
test,Img_298.tif,gt,38,343.49971201638385,medium,2,97.30734910627963,True
test,Img_298.tif,gt,39,2349.4929276600337,large,2,89.9767710141213,True
test,Img_298.tif,gt,40,741.50062393344,medium,1,1.1463240522860292,False
test,Img_298.tif,gt,41,1503.5016483594243,large,1,0.09976710046422328,False
test,Img_298.tif,gt,42,201.50052794367977,medium,1,95.28530861853069,True
test,Img_298.tif,gt,43,3957.500352024573,large,3,94.33677816022059,True
test,Img_298.tif,gt,44,1957.505696047102,large,1,95.34476021335605,True
test,Img_298.tif,gt,45,735.4991519518719,medium,1,98.63207835329953,True
test,Img_298.tif,gt,46,1897.5004958228478,large,1,96.39336715013947,True
test,Img_298.tif,gt,47,3122.4984799518716,large,3,32.43998543574491,False
test,Img_298.tif,gt,48,631.4971201064964,medium,2,92.62674134460859,True
test,Img_298.tif,gt,49,447.4954720624642,medium,1,95.82471121011052,True
test,Img_298.tif,gt,50,770.5010560880634,medium,1,0.129806441158944,False
test,Img_298.tif,gt,51,235.50222399692765,medium,1,98.93858156450509,True
test,Img_298.tif,gt,52,340.4998720184322,medium,1,90.69370458214415,True
test,Img_298.tif,gt,53,276.5011199999995,medium,1,62.16058437832307,True
test,Img_298.tif,pred,0,3980.5,,1,99.24547654604945,True
test,Img_298.tif,pred,1,1964.5,,1,96.39336715013941,True
test,Img_298.tif,pred,2,504.0,,1,95.82471121011052,True
test,Img_298.tif,pred,3,1100.0,,1,49.87716880454514,False
test,Img_298.tif,pred,4,595.5,,1,95.69532803210991,True
test,Img_298.tif,pred,5,532.0,,1,79.48345463016994,True
test,Img_298.tif,pred,6,958.0,,1,90.21951478713676,True
test,Img_298.tif,pred,7,866.0,,1,98.6320783532996,True
test,Img_298.tif,pred,8,6059.5,,6,53.03028093125365,True
test,Img_298.tif,pred,9,416.0,,1,97.77476200862229,True
test,Img_298.tif,pred,10,1737.5,,1,96.92513347497986,True
test,Img_298.tif,pred,11,1364.0,,1,98.066578407135,True
test,Img_298.tif,pred,12,1502.0,,1,96.70238671748274,True
test,Img_298.tif,pred,13,2132.0,,1,95.34476021335612,True
test,Img_298.tif,pred,14,2296.0,,1,89.96611952190527,True
test,Img_298.tif,pred,15,571.0,,1,88.27389540033788,True
test,Img_298.tif,pred,16,338.0,,1,97.93886075776261,True
test,Img_298.tif,pred,17,152.5,,1,97.610191969351,True
test,Img_298.tif,pred,18,211.5,,1,97.9487230061034,True
test,Img_298.tif,pred,19,630.0,,1,90.37272021417935,True
test,Img_298.tif,pred,20,391.5,,1,90.6937045821442,True
test,Img_298.tif,pred,21,278.5,,1,92.54197485248359,True
test,Img_298.tif,pred,22,159.0,,1,94.58518000915689,True
test,Img_298.tif,pred,23,703.0,,1,96.45288175334326,True
test,Img_298.tif,pred,24,3799.0,,4,82.56553261948338,True
test,Img_298.tif,pred,25,267.5,,1,95.28530861853073,True
test,Img_298.tif,pred,26,202.5,,1,94.95958889264087,True
test,Img_298.tif,pred,27,378.5,,1,8.618193490194436,False
test,Img_298.tif,pred,28,263.5,,1,94.93380703238212,True
test,Img_298.tif,pred,29,301.5,,1,99.43558094195636,True
test,Img_298.tif,pred,30,1497.0,,1,84.72488221834615,True
test,Img_298.tif,pred,31,651.5,,1,96.89343090285682,True
test,Img_298.tif,pred,32,571.0,,1,65.36087854425021,True
test,Img_298.tif,pred,33,2142.0,,3,39.263853885750706,False
test,Img_298.tif,pred,34,276.0,,1,99.1432014677529,True
test,Img_298.tif,pred,35,216.0,,1,62.16058437832304,True
test,Img_298.tif,pred,36,362.0,,1,33.36789652476851,False
test,Img_298.tif,pred,37,947.0,,2,16.40153429477175,False
test,Img_298.tif,pred,38,738.0,,2,27.58558660407623,False
test,Img_298.tif,pred,39,1675.0,,3,40.857872444406844,False
test,Img_298.tif,pred,40,307.5,,1,78.71173057133502,True
test,Img_298.tif,pred,41,301.5,,1,98.88110782549934,True
test,Img_298.tif,pred,42,1692.0,,2,39.70264568371668,False
test,Img_298.tif,pred,43,936.0,,2,33.20282107240142,False
test,Img_298.tif,pred,44,1382.5,,3,22.992924443807123,False
test,Img_298.tif,pred,45,970.5,,2,22.279632932586818,False
test,Img_298.tif,pred,46,539.0,,1,13.874189147997349,False
test,Img_298.tif,pred,47,441.5,,1,97.86343062263704,True
test,Img_298.tif,pred,48,408.0,,1,9.11972325893759,False
test,Img_298.tif,pred,49,228.5,,0,0.0,False
test,Img_298.tif,pred,50,2332.0,,3,26.54543338764584,False
test,Img_302.tif,gt,0,87.74839994368,small,1,95.72751179941942,True
test,Img_302.tif,gt,1,48.49782414131209,small,1,92.52705433329172,True
test,Img_302.tif,gt,2,850.4968639283196,medium,1,97.20758803498084,True
test,Img_302.tif,gt,3,116.49774386790403,small,1,93.18663880174789,True
test,Img_302.tif,gt,4,186.5014399467521,small,1,99.8659012985168,True
test,Img_302.tif,gt,5,189.5003840020479,small,1,98.68091031930943,True
test,Img_302.tif,gt,6,429.50158404608015,medium,1,98.55949026460952,True
test,Img_302.tif,gt,7,879.4985280040955,medium,1,96.18391856603405,True
test,Img_302.tif,gt,8,1389.5025761648637,large,1,97.43598197627344,True
test,Img_302.tif,gt,9,564.4981918105602,medium,1,97.19874175889053,True
test,Img_302.tif,gt,10,157.49977597132803,small,1,96.90506223289175,True
test,Img_302.tif,gt,11,373.5004636446719,medium,1,95.78283361023703,True
test,Img_302.tif,gt,12,377.49614410547207,medium,1,97.1526490392409,True
test,Img_302.tif,gt,13,675.4998880501759,medium,0,0.0,False
test,Img_302.tif,gt,14,388.5007839641599,medium,1,95.83308841473726,True
test,Img_302.tif,gt,15,255.25126407782386,medium,1,98.31048507012898,True
test,Img_302.tif,pred,0,621.5,,1,97.19874175889055,True
test,Img_302.tif,pred,1,1428.5,,1,97.43598197627328,True
test,Img_302.tif,pred,2,931.5,,1,97.2075880349808,True
test,Img_302.tif,pred,3,403.0,,1,95.78283361023698,True
test,Img_302.tif,pred,4,940.0,,1,96.1839185660341,True
test,Img_302.tif,pred,5,504.5,,1,98.55949026460954,True
test,Img_302.tif,pred,6,191.5,,1,96.90506223289171,True
test,Img_302.tif,pred,7,137.0,,1,93.1866388017479,True
test,Img_302.tif,pred,8,290.0,,1,98.31048507012896,True
test,Img_302.tif,pred,9,100.0,,1,95.72751179941942,True
test,Img_302.tif,pred,10,69.5,,1,92.52705433329169,True
test,Img_302.tif,pred,11,227.0,,1,99.86590129851682,True
test,Img_302.tif,pred,12,227.0,,1,98.68091031930945,True
test,Img_302.tif,pred,13,890.5,,2,96.48339004051375,True
test,Img_322.tif,gt,0,2488.5034721218576,large,1,98.65619266833014,True
test,Img_322.tif,gt,1,440.49491192627244,medium,1,94.49531166320975,True
test,Img_322.tif,pred,0,2581.0,,1,98.65619266833008,True
test,Img_322.tif,pred,1,466.0,,1,94.49531166320972,True
test,Img_331.tif,gt,0,471.49911993139165,medium,1,97.12314115379988,True
test,Img_331.tif,pred,0,505.0,,1,97.12314115379989,True
test,Img_335.tif,gt,0,530.501087965184,medium,1,93.14303084576471,True
test,Img_335.tif,gt,1,591.499328028672,medium,1,93.44901638076838,True
test,Img_335.tif,pred,0,532.0,,1,93.14303084576468,True
test,Img_335.tif,pred,1,629.5,,1,93.44901638076838,True
test,Img_346.tif,gt,0,827.5038398771203,medium,1,97.26577896395698,True
test,Img_346.tif,gt,1,725.5058078679045,medium,1,95.80429050686166,True
test,Img_346.tif,pred,0,748.0,,1,95.8042905068617,True
test,Img_346.tif,pred,1,882.0,,1,97.26577896395702,True
test,Img_37.tif,gt,0,1412.5032160296946,large,2,36.026371489380466,False
test,Img_37.tif,gt,1,488.4980639293439,medium,1,96.18744361887398,True
test,Img_37.tif,gt,2,42.500607987712044,small,0,0.0,False
test,Img_37.tif,gt,3,356.7494719774718,medium,1,99.05397136180399,True
test,Img_37.tif,gt,4,820.5012641710073,medium,1,95.74156851033489,True
test,Img_37.tif,gt,5,205.50203203174397,medium,1,92.15260698218086,True
test,Img_37.tif,gt,6,237.49804805529595,medium,1,94.21086272099951,True
test,Img_37.tif,gt,7,3375.5038400778208,large,1,98.77418927453874,True
test,Img_37.tif,gt,8,1154.504880076799,medium,1,97.76938491169808,True
test,Img_37.tif,gt,9,3192.5027358945276,large,1,98.7979700143008,True
test,Img_37.tif,gt,10,151.49796791091222,small,1,93.15233591032943,True
test,Img_37.tif,gt,11,157.5008958996479,small,1,87.34116152868214,True
test,Img_37.tif,gt,12,67.50132783923196,small,1,86.48001708644267,True
test,Img_37.tif,gt,13,1262.5004638167,large,1,96.36614533374839,True
test,Img_37.tif,gt,14,208.49985615871998,medium,1,94.90405782542547,True
test,Img_37.tif,gt,15,814.5038237306869,medium,1,94.50548632862069,True
test,Img_37.tif,pred,0,3575.5,,1,98.77418927453877,True
test,Img_37.tif,pred,1,3386.0,,1,98.79797001430084,True
test,Img_37.tif,pred,2,863.5,,1,95.74156851033491,True
test,Img_37.tif,pred,3,1258.0,,1,97.76938491169803,True
test,Img_37.tif,pred,4,158.0,,1,93.15233591032947,True
test,Img_37.tif,pred,5,382.5,,1,99.05397136180399,True
test,Img_37.tif,pred,6,241.0,,1,94.21086272099953,True
test,Img_37.tif,pred,7,817.0,,1,94.50548632862066,True
test,Img_37.tif,pred,8,244.0,,1,94.90405782542547,True
test,Img_37.tif,pred,9,598.0,,2,28.116720456329475,False
test,Img_37.tif,pred,10,214.5,,1,92.15260698218084,True
test,Img_37.tif,pred,11,1347.0,,1,96.36614533374839,True
test,Img_37.tif,pred,12,466.0,,1,31.451131220713968,False
test,Img_37.tif,pred,13,180.5,,1,87.34116152868215,True
test,Img_37.tif,pred,14,66.0,,1,86.4800170864427,True
test,Img_410.tif,gt,0,835.7513281044478,medium,1,97.75651926421828,True
test,Img_410.tif,gt,1,1194.504464039937,large,1,98.84359913023653,True
test,Img_410.tif,gt,2,1250.4969599897597,large,1,97.74096978852069,True
test,Img_410.tif,gt,3,801.5014560358402,medium,1,95.61749215559287,True
test,Img_410.tif,gt,4,294.5004957655038,medium,1,99.32069928015606,True
test,Img_410.tif,gt,5,1399.4971522703381,large,1,97.33838798398831,True
test,Img_410.tif,gt,6,1683.4979841576958,large,1,99.05692693524483,True
test,Img_410.tif,pred,0,1303.0,,1,97.7409697885207,True
test,Img_410.tif,pred,1,1894.5,,1,99.05692693524487,True
test,Img_410.tif,pred,2,1322.5,,1,98.84359913023648,True
test,Img_410.tif,pred,3,881.5,,1,97.75651926421827,True
test,Img_410.tif,pred,4,851.0,,1,95.61749215559287,True
test,Img_410.tif,pred,5,1456.5,,1,97.33838798398833,True
test,Img_410.tif,pred,6,392.5,,1,99.32069928015605,True
test,Img_410.tif,pred,7,1263.0,,0,0.0,False
test,Img_414.tif,gt,0,1712.5069281689598,large,1,98.832055177109,True
test,Img_414.tif,pred,0,2119.5,,1,98.83205517710896,True
test,Img_415.tif,gt,0,601.4990560051199,medium,1,99.58438235982302,True
test,Img_415.tif,gt,1,1292.4977436671995,large,1,98.03188112801803,True
test,Img_415.tif,gt,2,319.5003200757753,medium,1,93.81823717304974,True
test,Img_415.tif,pred,0,1422.0,,1,98.03188112801809,True
test,Img_415.tif,pred,1,690.0,,1,99.58438235982305,True
test,Img_415.tif,pred,2,345.5,,1,93.81823717304971,True
test,Img_415.tif,pred,3,216.5,,0,0.0,False
test,Img_417.tif,gt,0,377.50308786175947,medium,1,90.18180321815538,True
test,Img_417.tif,gt,1,1036.497359837184,medium,1,98.61922542594733,True
test,Img_417.tif,pred,0,1307.5,,1,98.61922542594726,True
test,Img_417.tif,pred,1,371.0,,1,90.18180321815534,True
test,Img_42.tif,gt,0,915.5020960296958,medium,1,82.54353006567185,True
test,Img_42.tif,gt,1,2668.4963359416315,large,1,96.26665463823004,True
test,Img_42.tif,gt,2,655.4989759897602,medium,1,79.04285847912938,True
test,Img_42.tif,gt,3,1136.5030397665205,medium,1,94.60496401045681,True
test,Img_42.tif,gt,4,1331.50361623552,large,1,81.40235286173379,True
test,Img_42.tif,gt,5,1698.5016640614388,large,1,87.48143186048179,True
test,Img_42.tif,gt,6,4947.495936065538,large,2,92.13242203148519,True
test,Img_42.tif,gt,7,260.50014392729565,medium,1,93.23416880945501,True
test,Img_42.tif,gt,8,331.49956797440007,medium,1,92.15686701031967,True
test,Img_42.tif,pred,0,2740.5,,1,96.26665463822998,True
test,Img_42.tif,pred,1,1521.0,,1,87.48143186048179,True
test,Img_42.tif,pred,2,1103.0,,1,81.4023528617338,True
test,Img_42.tif,pred,3,561.5,,1,79.04285847912939,True
test,Img_42.tif,pred,4,344.5,,1,92.15686701031971,True
test,Img_42.tif,pred,5,308.0,,1,93.23416880945506,True
test,Img_42.tif,pred,6,1219.0,,1,94.60496401045681,True
test,Img_42.tif,pred,7,2769.5,,1,47.618706805497666,False
test,Img_42.tif,pred,8,781.0,,1,82.54353006567186,True
test,Img_42.tif,pred,9,2243.0,,1,44.60467032849096,False
test,Img_427.tif,gt,0,1075.499984211967,medium,1,95.397337696437,True
test,Img_427.tif,gt,1,815.7488477429756,medium,1,98.23772327862942,True
test,Img_427.tif,gt,2,1567.499728019456,large,1,97.95052416576297,True
test,Img_427.tif,pred,0,1623.0,,1,97.95052416576294,True
test,Img_427.tif,pred,1,832.5,,1,98.23772327862942,True
test,Img_427.tif,pred,2,1052.5,,1,95.39733769643698,True
test,Img_435.tif,gt,0,255.75075210854396,medium,1,97.2139655732161,True
test,Img_435.tif,gt,1,799.4961120849924,medium,1,97.35797887669804,True
test,Img_435.tif,gt,2,413.49422388019224,medium,1,93.6221232558718,True
test,Img_435.tif,pred,0,837.0,,1,97.35797887669791,True
test,Img_435.tif,pred,1,444.0,,1,93.62212325587184,True
test,Img_435.tif,pred,2,280.5,,1,97.2139655732161,True
test,Img_436.tif,gt,0,541.5013599027196,medium,0,0.0,False
test,Img_437.tif,gt,0,1559.5025440727036,large,1,98.02424610978382,True
test,Img_437.tif,pred,0,1678.5,,1,98.02424610978375,True
test,Img_442.tif,gt,0,7140.495791923205,large,1,98.71858017811236,True
test,Img_442.tif,gt,1,8447.507807922175,large,2,98.02825220994639,True
test,Img_442.tif,gt,2,12315.506175938564,large,2,97.81472374297103,True
test,Img_442.tif,gt,3,5628.50497610956,large,1,97.94119097786313,True
test,Img_442.tif,gt,4,2146.4979680686083,large,2,98.75676695692617,True
test,Img_442.tif,gt,5,907.500768047104,medium,2,98.92559603069827,True
test,Img_442.tif,gt,6,1237.4996317716489,large,1,97.6969547837471,True
test,Img_442.tif,gt,7,3609.7486081556467,large,1,97.56043775699747,True
test,Img_442.tif,gt,8,1462.4975998832633,large,1,95.82059785466525,True
test,Img_442.tif,gt,9,891.5021439242236,medium,1,99.17280916651676,True
test,Img_442.tif,gt,10,2378.497279864832,large,1,97.77684269346884,True
test,Img_442.tif,gt,11,1944.5057921945574,large,1,97.80135805372804,True
test,Img_442.tif,pred,0,7311.5,,1,98.71858017811246,True
test,Img_442.tif,pred,1,8504.5,,1,98.01641439904722,True
test,Img_442.tif,pred,2,3688.0,,1,97.56043775699729,True
test,Img_442.tif,pred,3,2466.0,,1,97.77684269346886,True
test,Img_442.tif,pred,4,10163.0,,1,80.50726251987138,True
test,Img_442.tif,pred,5,1505.5,,1,95.82059785466525,True
test,Img_442.tif,pred,6,5681.5,,1,97.94119097786319,True
test,Img_442.tif,pred,7,1335.0,,1,97.69695478374707,True
test,Img_442.tif,pred,8,15857.5,,4,63.016426820710606,True
test,Img_442.tif,pred,9,3494.0,,2,98.79465266636481,True
test,Img_442.tif,pred,10,4684.5,,2,98.2324751855833,True
test,Img_446.tif,gt,0,11772.503104352265,large,2,98.221980368489,True
test,Img_446.tif,gt,1,606.4978560614405,medium,1,82.60518960838128,True
test,Img_446.tif,gt,2,418.5018719723519,medium,1,99.5819105851581,True
test,Img_446.tif,gt,3,472.4960799211522,medium,1,98.54482940405626,True
test,Img_446.tif,gt,4,6443.505151870982,large,1,81.91389567172203,True
test,Img_446.tif,gt,5,460.50355209420775,medium,1,90.01077147747051,True
test,Img_446.tif,gt,6,810.4992958361596,medium,1,95.00302290059655,True
test,Img_446.tif,gt,7,253.4973441351681,medium,0,0.0,False
test,Img_446.tif,gt,8,2945.505456130037,large,1,98.26419116297527,True
test,Img_446.tif,pred,0,6117.5,,1,81.91389567172209,True
test,Img_446.tif,pred,1,12133.0,,1,98.19543301506796,True
test,Img_446.tif,pred,2,3208.5,,1,98.2641911629753,True
test,Img_446.tif,pred,3,856.0,,1,95.00302290059656,True
test,Img_446.tif,pred,4,483.0,,1,90.01077147747054,True
test,Img_446.tif,pred,5,772.0,,1,98.54482940405626,True
test,Img_446.tif,pred,6,540.0,,2,3.4441577931085527,False
test,Img_446.tif,pred,7,539.5,,1,82.60518960838132,True
test,Img_451.tif,gt,0,13384.508224446463,large,1,99.09218581685226,True
test,Img_451.tif,gt,1,1911.4992640450575,large,1,99.99999999999993,True
test,Img_451.tif,gt,2,6402.498863738879,large,1,98.76023643399058,True
test,Img_451.tif,gt,3,1101.503824060414,medium,1,95.94855912994974,True
test,Img_451.tif,pred,0,14105.5,,1,99.09218581685228,True
test,Img_451.tif,pred,1,6554.5,,1,98.76023643399063,True
test,Img_451.tif,pred,2,2214.5,,1,99.99999999999993,True
test,Img_451.tif,pred,3,1344.0,,1,95.94855912994974,True
test,Img_453.tif,gt,0,3924.1234638807045,large,1,95.34297914781284,True
test,Img_453.tif,gt,1,6902.499487959042,large,1,99.42862430687111,True
test,Img_453.tif,gt,2,269.24767984844794,medium,0,0.0,False
test,Img_453.tif,gt,3,9404.753663778803,large,1,97.69530647896553,True
test,Img_453.tif,gt,4,1224.507007954944,large,1,96.73315189093181,True
test,Img_453.tif,gt,5,212.5011360604163,medium,1,82.00035975848834,True
test,Img_453.tif,gt,6,9186.514127802373,large,1,98.88349005423443,True
test,Img_453.tif,gt,7,5597.503679918077,large,1,98.61434238479274,True
test,Img_453.tif,gt,8,1468.4920159150088,large,1,98.8850009464194,True
test,Img_453.tif,gt,9,6834.503375888386,large,2,98.25603919389113,True
test,Img_453.tif,gt,10,196.499824009216,small,1,94.65684201614162,True
test,Img_453.tif,pred,0,7290.5,,1,99.42862430687111,True
test,Img_453.tif,pred,1,9818.5,,1,97.69530647896549,True
test,Img_453.tif,pred,2,9894.0,,1,98.88349005423443,True
test,Img_453.tif,pred,3,3903.5,,1,95.34297914781276,True
test,Img_453.tif,pred,4,10747.5,,3,54.77904461145023,True
test,Img_453.tif,pred,5,7897.499999999999,,1,98.21580241544034,True
test,Img_453.tif,pred,6,1327.0,,1,96.73315189093191,True
test,Img_453.tif,pred,7,277.0,,1,94.65684201614162,True
test,Img_453.tif,pred,8,196.0,,1,82.0003597584884,True
test,Img_473.tif,gt,0,2177.5001597009914,large,1,96.087844692088,True
test,Img_473.tif,gt,1,2227.753920157696,large,1,98.11186271018778,True
test,Img_473.tif,pred,0,2281.5,,1,98.11186271018776,True
test,Img_473.tif,pred,1,2220.5,,1,96.08784469208805,True
test,Img_477.tif,gt,0,107.50236801023996,small,1,90.2315378741948,True
test,Img_477.tif,gt,1,2404.247232063488,large,1,96.26703880546812,True
test,Img_477.tif,gt,2,686.5020638658556,medium,1,95.46586882828986,True
test,Img_477.tif,gt,3,811.5012958044159,medium,1,98.33623528401041,True
test,Img_477.tif,gt,4,2301.498064230399,large,2,96.99664103417821,True
test,Img_477.tif,gt,5,1731.5025917665293,large,1,92.51364816778471,True
test,Img_477.tif,gt,6,212.49867201740824,medium,2,94.7941867322555,True
test,Img_477.tif,gt,7,1142.4964481638406,medium,1,98.59423805752631,True
test,Img_477.tif,gt,8,323.5003679559679,medium,1,72.93205305619244,True
test,Img_477.tif,gt,9,89.49761588633646,small,0,0.0,False
test,Img_477.tif,gt,10,2472.506080221179,large,1,17.36852141239364,False
test,Img_477.tif,gt,11,203.5010559016955,medium,1,88.57477772120478,True
test,Img_477.tif,pred,0,698.0,,1,95.46586882828989,True
test,Img_477.tif,pred,1,2404.5,,1,96.26703880546815,True
test,Img_477.tif,pred,2,853.0,,1,98.33623528401043,True
test,Img_477.tif,pred,3,1747.5,,2,39.73781510243101,False
test,Img_477.tif,pred,4,2328.0,,1,96.96404800233583,True
test,Img_477.tif,pred,5,201.0,,1,88.5747777212048,True
test,Img_477.tif,pred,6,110.5,,1,90.2315378741948,True
test,Img_477.tif,pred,7,1488.5,,2,95.29541270217173,True
test,Img_477.tif,pred,8,303.0,,1,72.93205305619242,True
test,Img_477.tif,pred,9,451.5,,1,17.368521412393637,False
test,Img_477.tif,pred,10,47.5,,0,0.0,False
test,Img_477.tif,pred,11,72.5,,0,0.0,False
test,Img_477.tif,pred,12,222.0,,1,87.47012590380336,True
test,Img_480.tif,gt,0,860.5047677829122,medium,1,94.87922559339175,True
test,Img_480.tif,gt,1,311.49742389248007,medium,1,91.05132116958612,True
test,Img_480.tif,gt,2,363.50230396928026,medium,1,89.16777591183748,True
test,Img_480.tif,gt,3,3000.496848254975,large,1,98.83145338957294,True
test,Img_480.tif,gt,4,2150.5031679201275,large,2,96.30315801235328,True
test,Img_480.tif,gt,5,1405.4985120583676,large,1,97.57195613878721,True
test,Img_480.tif,gt,6,3515.5038399057935,large,1,97.50916043975538,True
test,Img_480.tif,gt,7,89.49996783616014,small,1,79.46978494779707,True
test,Img_480.tif,gt,8,1697.4968642723852,large,1,98.11856286943458,True
test,Img_480.tif,pred,0,1734.0,,1,98.11856286943453,True
test,Img_480.tif,pred,1,3623.5,,1,97.50916043975543,True
test,Img_480.tif,pred,2,3156.0,,2,57.61375940260495,True
test,Img_480.tif,pred,3,1444.0,,1,97.57195613878716,True
test,Img_480.tif,pred,4,2158.5,,1,96.19852612237936,True
test,Img_480.tif,pred,5,343.0,,1,89.16777591183754,True
test,Img_480.tif,pred,6,864.5,,1,94.8792255933917,True
test,Img_480.tif,pred,7,326.5,,1,91.05132116958613,True
test,Img_480.tif,pred,8,74.0,,1,79.46978494779705,True
test,Img_480.tif,pred,9,93.5,,0,0.0,False
test,Img_482.tif,gt,0,719.2520160358397,medium,1,87.58253156438911,True
test,Img_482.tif,gt,1,606.5013280399368,medium,1,94.53810130264337,True
test,Img_482.tif,gt,2,135.49486407475206,small,1,93.63567311586768,True
test,Img_482.tif,gt,3,199.50078413619156,medium,1,93.73387926151831,True
test,Img_482.tif,gt,4,1740.4948322263047,large,1,98.72184118293254,True
test,Img_482.tif,gt,5,1400.499264030719,large,1,97.08587835123093,True
test,Img_482.tif,gt,6,938.5044158873598,medium,1,94.42567097818267,True
test,Img_482.tif,gt,7,457.503040239616,medium,1,91.54372128176249,True
test,Img_482.tif,gt,8,614.4985119866866,medium,1,95.15842211943206,True
test,Img_482.tif,pred,0,1817.0,,1,98.72184118293252,True
test,Img_482.tif,pred,1,1399.0,,1,97.08587835123093,True
test,Img_482.tif,pred,2,919.0,,1,94.4256709781826,True
test,Img_482.tif,pred,3,464.0,,1,91.54372128176247,True
test,Img_482.tif,pred,4,646.5,,1,87.58253156438907,True
test,Img_482.tif,pred,5,149.5,,1,93.63567311586762,True
test,Img_482.tif,pred,6,611.0,,1,94.53810130264333,True
test,Img_482.tif,pred,7,649.0,,1,95.15842211943206,True
test,Img_482.tif,pred,8,228.5,,1,93.73387926151827,True
test,Img_506.tif,gt,0,733.2504479784959,medium,1,87.52974835221497,True
test,Img_506.tif,gt,1,1327.749503811584,large,1,91.71524088619101,True
test,Img_506.tif,gt,2,701.496112084991,medium,1,96.13329172183126,True
test,Img_506.tif,gt,3,322.4969120808958,medium,1,86.20214259212321,True
test,Img_506.tif,gt,4,1928.4945119784966,large,1,91.3274343755788,True
test,Img_506.tif,gt,5,636.49950393344,medium,1,96.55346346365263,True
test,Img_506.tif,gt,6,1006.5008638361596,medium,1,93.6534778601414,True
test,Img_506.tif,gt,7,4149.515535871993,large,1,92.97791046651862,True
test,Img_506.tif,pred,0,3969.5,,1,92.97791046651865,True
test,Img_506.tif,pred,1,971.0,,1,93.6534778601414,True
test,Img_506.tif,pred,2,1843.5,,1,91.32743437557883,True
test,Img_506.tif,pred,3,1294.5,,1,91.71524088619105,True
test,Img_506.tif,pred,4,737.0,,1,96.55346346365266,True
test,Img_506.tif,pred,5,716.0,,1,96.13329172183121,True
test,Img_506.tif,pred,6,115.0,,0,0.0,False
test,Img_506.tif,pred,7,340.5,,1,86.20214259212318,True
test,Img_506.tif,pred,8,707.0,,1,87.529748352215,True
test,Img_513.tif,gt,0,773.2516001423363,medium,1,80.97305765143378,True
test,Img_513.tif,gt,1,336.4964640522242,medium,1,77.15534268932652,True
test,Img_513.tif,gt,2,1997.4991199027204,large,1,78.6108725847721,True
test,Img_513.tif,gt,3,1554.5041917870071,large,1,93.90065819402521,True
test,Img_513.tif,gt,4,1399.491887904768,large,1,94.52529129598295,True
test,Img_513.tif,gt,5,4283.50241596211,large,1,93.9155331589065,True
test,Img_513.tif,gt,6,1875.5024160911362,large,1,91.37560077095984,True
test,Img_513.tif,gt,7,2341.4997761576965,large,1,96.10298864091259,True
test,Img_513.tif,gt,8,661.249695719424,medium,1,91.51219875895742,True
test,Img_513.tif,gt,9,2332.504287805439,large,1,85.30008824446217,True
test,Img_513.tif,gt,10,150.50358405734414,small,1,95.18236050529312,True
test,Img_513.tif,gt,11,642.501200001024,medium,1,97.7042819432141,True
test,Img_513.tif,gt,12,647.5035838279681,medium,1,93.14641261350968,True
test,Img_513.tif,gt,13,2209.496736190464,large,1,92.66806211348565,True
test,Img_513.tif,gt,14,7835.494415773712,large,1,98.8848543385946,True
test,Img_513.tif,gt,15,886.5006559395847,medium,1,92.78767592663743,True
test,Img_513.tif,pred,0,2302.0,,1,96.10298864091263,True
test,Img_513.tif,pred,1,4159.5,,1,93.91553315890658,True
test,Img_513.tif,pred,2,9399.5,,1,98.88485433859458,True
test,Img_513.tif,pred,3,1361.0,,1,94.52529129598295,True
test,Img_513.tif,pred,4,2181.0,,1,92.66806211348565,True
test,Img_513.tif,pred,5,2092.5,,1,85.30008824446213,True
test,Img_513.tif,pred,6,1494.5,,1,93.90065819402524,True
test,Img_513.tif,pred,7,1593.0,,1,78.61087258477212,True
test,Img_513.tif,pred,8,643.5,,1,93.14641261350965,True
test,Img_513.tif,pred,9,614.0,,1,91.51219875895742,True
test,Img_513.tif,pred,10,905.0,,1,92.78767592663743,True
test,Img_513.tif,pred,11,1769.0,,1,91.37560077095984,True
test,Img_513.tif,pred,12,809.5,,1,97.70428194321404,True
test,Img_513.tif,pred,13,277.0,,1,77.15534268932652,True
test,Img_513.tif,pred,14,179.5,,1,95.18236050529312,True
test,Img_513.tif,pred,15,654.5,,1,80.97305765143373,True
test,Img_513.tif,pred,16,50.5,,0,0.0,False
test,Img_522.tif,gt,0,12899.247536107529,large,1,99.40890579799887,True
test,Img_522.tif,gt,1,916.2481921761284,medium,2,99.16781236610889,True
test,Img_522.tif,gt,2,4168.254288113662,large,2,93.9062850145519,True
test,Img_522.tif,gt,3,1296.5051840778242,large,1,98.49103417921553,True
test,Img_522.tif,gt,4,1482.5042241802125,large,1,96.45427545841821,True
test,Img_522.tif,gt,5,5617.503248164858,large,1,98.8718337404136,True
test,Img_522.tif,gt,6,960.4989119487998,medium,1,97.86558425713615,True
test,Img_522.tif,gt,7,7831.49705552077,large,1,99.62333495180322,True
test,Img_522.tif,gt,8,1144.4967518351366,medium,2,99.35557562325437,True
test,Img_522.tif,gt,9,3276.494112002048,large,1,99.50981177721593,True
test,Img_522.tif,gt,10,2787.4982399344663,large,1,99.16147806782381,True
test,Img_522.tif,pred,0,5833.5,,1,98.87183374041366,True
test,Img_522.tif,pred,1,17295.5,,4,95.5240481913823,True
test,Img_522.tif,pred,2,3969.0,,2,76.83893382044677,True
test,Img_522.tif,pred,3,1418.5,,1,98.4910341792156,True
test,Img_522.tif,pred,4,1081.0,,1,97.86558425713612,True
test,Img_522.tif,pred,5,1208.5,,1,98.78763062669294,True
test,Img_522.tif,pred,6,14180.0,,3,77.06679073747983,True
test,Img_522.tif,pred,7,1707.0,,1,96.45427545841856,True
test,Img_523.tif,gt,0,3883.745344145409,large,1,96.07021380918464,True
test,Img_523.tif,gt,1,15015.747103795198,large,1,97.02562941955549,True
test,Img_523.tif,gt,2,23865.4965436088,large,2,99.13813341242465,True
test,Img_523.tif,gt,3,4238.4982082150445,large,1,98.79083322407054,True
test,Img_523.tif,gt,4,2941.5014880993176,large,1,95.44015868705468,True
test,Img_523.tif,gt,5,2135.4994883174404,large,1,98.47521741098872,True
test,Img_523.tif,gt,6,11513.507023857675,large,1,99.53096466476018,True
test,Img_523.tif,gt,7,240.5018081034241,medium,1,92.61947834418653,True
test,Img_523.tif,pred,0,15023.5,,1,97.02562941955544,True
test,Img_523.tif,pred,1,12172.5,,1,99.53096466476015,True
test,Img_523.tif,pred,2,4591.0,,1,98.79083322407061,True
test,Img_523.tif,pred,3,23044.999999999985,,1,93.1847185765021,True
test,Img_523.tif,pred,4,2929.0,,1,95.4401586870547,True
test,Img_523.tif,pred,5,3893.5,,1,96.07021380918468,True
test,Img_523.tif,pred,6,250.5,,1,92.61947834418652,True
test,Img_523.tif,pred,7,2594.0,,1,10.313537099082161,False
test,Img_523.tif,pred,8,2411.0,,1,98.47521741098889,True
test,Img_53.tif,gt,0,2525.501648087039,large,1,98.96050687214314,True
test,Img_53.tif,gt,1,1054.4960639467515,medium,1,99.1346744328867,True
test,Img_53.tif,gt,2,647.5019041361908,medium,1,95.69469435753764,True
test,Img_53.tif,gt,3,149.50124790988738,small,1,89.71503435925639,True
test,Img_53.tif,pred,0,2651.0,,1,98.96050687214316,True
test,Img_53.tif,pred,1,675.0,,1,95.69469435753763,True
test,Img_53.tif,pred,2,191.0,,1,89.71503435925639,True
test,Img_53.tif,pred,3,1294.5,,1,99.1346744328867,True
test,Img_541.tif,gt,0,6520.498656172034,large,1,97.08998476554544,True
test,Img_541.tif,gt,1,1675.4996795801592,large,1,99.17932540859294,True
test,Img_541.tif,gt,2,21318.24331171223,large,1,92.1775088147429,True
test,Img_541.tif,gt,3,40460.491424202744,large,2,93.93498172121593,True
test,Img_541.tif,gt,4,4224.505711892476,large,1,97.89755521482353,True
test,Img_541.tif,pred,0,38678.5,,1,93.93498172121569,True
test,Img_541.tif,pred,1,6562.5,,1,97.08998476554537,True
test,Img_541.tif,pred,2,1786.5,,1,99.17932540859289,True
test,Img_541.tif,pred,3,19873.0,,2,31.96164630467619,False
test,Img_541.tif,pred,4,4318.0,,1,97.89755521482351,True
test,Img_542.tif,gt,0,17748.742575527926,large,2,98.92352579091568,True
test,Img_542.tif,gt,1,22938.511152263138,large,1,97.06547974321033,True
test,Img_542.tif,gt,2,6813.750991724534,large,1,93.28922679334055,True
test,Img_542.tif,pred,0,22635.5,,1,97.0654797432102,True
test,Img_542.tif,pred,1,17754.5,,1,98.88691150113013,True
test,Img_542.tif,pred,2,6721.5,,2,25.90532664943548,False
test,Img_560.tif,gt,0,4824.504848199684,large,1,99.3146479167308,True
test,Img_560.tif,gt,1,2605.50350424269,large,1,98.36638283914648,True
test,Img_560.tif,pred,0,5163.0,,1,99.31464791673068,True
test,Img_560.tif,pred,1,2755.0,,1,98.36638283914655,True
test,Img_561.tif,gt,0,429.75054401126397,medium,1,83.24599768790874,True
test,Img_561.tif,gt,1,124.50254413004807,small,0,0.0,False
test,Img_561.tif,gt,2,39.49819195392011,small,1,100.0,True
test,Img_561.tif,gt,3,140.49680003072007,small,1,99.46652161163234,True
test,Img_561.tif,gt,4,317.5028158238719,medium,1,95.78712145175432,True
test,Img_561.tif,gt,5,1372.5035200737282,large,2,91.77610210592412,True
test,Img_561.tif,gt,6,554.4994722713601,medium,1,99.84224908202403,True
test,Img_561.tif,gt,7,67.50076807577598,small,0,0.0,False
test,Img_561.tif,gt,8,173.499968094208,small,1,72.3345931992878,True
test,Img_561.tif,gt,9,220.4992159498241,medium,1,99.88654833782245,True
test,Img_561.tif,gt,10,590.4982241034243,medium,1,93.92462995442764,True
test,Img_561.tif,gt,11,1197.501728002048,large,3,92.96965923296203,True
test,Img_561.tif,gt,12,355.5003039293439,medium,1,94.5327123942753,True
test,Img_561.tif,gt,13,119.5026239447038,small,1,99.37226482707267,True
test,Img_561.tif,gt,14,241.49988812185566,medium,1,100.00000000000004,True
test,Img_561.tif,gt,15,487.4952799109121,medium,1,96.6666868713374,True
test,Img_561.tif,gt,16,150.7515360870399,small,1,95.43902754572395,True
test,Img_561.tif,gt,17,310.4976640819203,medium,1,90.39905820830168,True
test,Img_561.tif,pred,0,501.0,,1,96.66668687133742,True
test,Img_561.tif,pred,1,463.0,,1,83.24599768790874,True
test,Img_561.tif,pred,2,320.0,,1,99.88654833782243,True
test,Img_561.tif,pred,3,387.0,,1,94.5327123942753,True
test,Img_561.tif,pred,4,381.0,,1,95.78712145175426,True
test,Img_561.tif,pred,5,335.5,,1,90.39905820830171,True
test,Img_561.tif,pred,6,633.5,,1,93.92462995442756,True
test,Img_561.tif,pred,7,817.0,,1,49.07106628283563,False
test,Img_561.tif,pred,8,587.0,,1,43.69514862583389,False
test,Img_561.tif,pred,9,1067.5,,2,93.28650583089652,True
test,Img_561.tif,pred,10,321.5,,2,99.58358837862777,True
test,Img_561.tif,pred,11,169.0,,1,95.4390275457239,True
test,Img_561.tif,pred,12,392.5,,1,100.00000000000004,True
test,Img_561.tif,pred,13,203.5,,2,9.937488798179112,False
test,Img_561.tif,pred,14,617.5,,1,42.70503582308851,False
test,Img_561.tif,pred,15,705.0,,1,53.66906827251518,True
test,Img_568.tif,gt,0,362.4988477931521,medium,1,89.7931813487407,True
test,Img_568.tif,gt,1,782.49839990784,medium,1,98.2427874667089,True
test,Img_568.tif,gt,2,446.4986240655359,medium,0,0.0,False
test,Img_568.tif,gt,3,463.25230396211214,medium,1,92.74138093559365,True
test,Img_568.tif,gt,4,384.50129604812787,medium,1,87.20693826831652,True
test,Img_568.tif,gt,5,1281.5012798873595,large,1,98.1272477419799,True
test,Img_568.tif,gt,6,601.5025281843197,medium,1,99.99999999999997,True
test,Img_568.tif,gt,7,73.49887997132791,small,0,0.0,False
test,Img_568.tif,gt,8,526.5021603143679,medium,1,98.17133815510076,True
test,Img_568.tif,gt,9,853.5014080266238,medium,1,97.86164428907347,True
test,Img_568.tif,gt,10,390.498624094208,medium,1,94.17455359224839,True
test,Img_568.tif,gt,11,632.5077441249286,medium,1,99.73325164433157,True
test,Img_568.tif,gt,12,334.49828794368034,medium,1,92.3950522639216,True
test,Img_568.tif,gt,13,225.5026081136638,medium,1,83.25962413468308,True
test,Img_568.tif,gt,14,99.50283191295999,small,1,79.64814515757811,True
test,Img_568.tif,gt,15,842.5014719672315,medium,1,73.59060376732427,True
test,Img_568.tif,gt,16,761.4972798648319,medium,1,95.92940685000609,True
test,Img_568.tif,gt,17,916.7504800276481,medium,1,99.1545895884439,True
test,Img_568.tif,gt,18,287.4993760665603,medium,1,99.21764558760248,True
test,Img_568.tif,gt,19,1882.4955840983043,large,1,96.2219202729138,True
test,Img_568.tif,gt,20,498.5004800348163,medium,1,88.4904889141177,True
test,Img_568.tif,gt,21,3663.7486403338185,large,1,98.60787392274116,True
test,Img_568.tif,gt,22,238.50127974400007,medium,1,97.79904912685984,True
test,Img_568.tif,gt,23,159.50164804403184,small,1,97.64849571264342,True
test,Img_568.tif,gt,24,237.49950396211193,medium,1,95.57855414378477,True
test,Img_568.tif,gt,25,417.5008801402883,medium,0,0.0,False
test,Img_568.tif,gt,26,1959.4998401126372,large,1,91.4423639836342,True
test,Img_568.tif,gt,27,154.50127998771194,small,0,0.0,False
test,Img_568.tif,pred,0,775.5,,1,99.99999999999997,True
test,Img_568.tif,pred,1,1386.5,,1,98.1272477419798,True
test,Img_568.tif,pred,2,941.0,,1,99.7332516443315,True
test,Img_568.tif,pred,3,846.5,,1,98.24278746670892,True
test,Img_568.tif,pred,4,580.0,,1,98.17133815510074,True
test,Img_568.tif,pred,5,1851.0,,1,91.44236398363417,True
test,Img_568.tif,pred,6,818.0,,1,95.9294068500061,True
test,Img_568.tif,pred,7,1011.0,,1,97.86164428907341,True
test,Img_568.tif,pred,8,371.0,,1,92.39505226392158,True
test,Img_568.tif,pred,9,521.0,,1,92.74138093559363,True
test,Img_568.tif,pred,10,413.0,,1,94.17455359224843,True
test,Img_568.tif,pred,11,336.0,,1,99.21764558760245,True
test,Img_568.tif,pred,12,333.5,,1,89.79318134874065,True
test,Img_568.tif,pred,13,358.0,,1,87.20693826831656,True
test,Img_568.tif,pred,14,640.0,,1,73.59060376732424,True
test,Img_568.tif,pred,15,288.5,,1,95.57855414378473,True
test,Img_568.tif,pred,16,539.0,,1,88.49048891411769,True
test,Img_568.tif,pred,17,1175.5,,1,99.15458958844393,True
test,Img_568.tif,pred,18,221.5,,1,97.64849571264337,True
test,Img_568.tif,pred,19,341.0,,0,0.0,False
test,Img_568.tif,pred,20,317.0,,0,0.0,False
test,Img_568.tif,pred,21,95.0,,1,79.64814515757811,True
test,Img_568.tif,pred,22,128.5,,0,0.0,False
test,Img_568.tif,pred,23,202.0,,1,83.25962413468308,True
test,Img_568.tif,pred,24,2361.5,,2,96.3992648302772,True
test,Img_568.tif,pred,25,3771.0,,1,98.60787392274116,True
test,Img_57.tif,gt,0,511.74945604608,medium,1,93.9424263663524,True
test,Img_57.tif,gt,1,993.4998397542403,medium,1,97.89877933000761,True
test,Img_57.tif,gt,2,682.500895956992,medium,1,97.05118509332087,True
test,Img_57.tif,pred,0,1078.5,,1,97.89877933000761,True
test,Img_57.tif,pred,1,502.0,,1,93.94242636635244,True
test,Img_57.tif,pred,2,715.5,,1,97.05118509332084,True
test,Img_578.tif,gt,0,656.2520159928318,medium,1,89.38103495863942,True
test,Img_578.tif,gt,1,821.5009117880314,medium,1,94.84165539109077,True
test,Img_578.tif,gt,2,1475.7487039590412,large,1,93.57535738623052,True
test,Img_578.tif,gt,3,1341.5012158464006,large,1,97.58208642468166,True
test,Img_578.tif,gt,4,1117.500208125952,medium,1,97.32676845250052,True
test,Img_578.tif,gt,5,589.497903927296,medium,1,96.24672996660703,True
test,Img_578.tif,pred,0,610.0,,1,96.24672996660706,True
test,Img_578.tif,pred,1,1166.5,,1,97.32676845250047,True
test,Img_578.tif,pred,2,1404.5,,1,97.5820864246817,True
test,Img_578.tif,pred,3,1440.5,,1,93.5753573862305,True
test,Img_578.tif,pred,4,895.5,,1,94.84165539109077,True
test,Img_578.tif,pred,5,617.0,,1,89.38103495863945,True
test,Img_578.tif,pred,6,157.5,,0,0.0,False
test,Img_579.tif,gt,0,1072.4995838484483,medium,1,98.72981955008837,True
test,Img_579.tif,gt,1,1111.498176079872,medium,1,97.66089258889977,True
test,Img_579.tif,gt,2,1222.5011039395836,large,1,97.90375780744637,True
test,Img_579.tif,pred,0,1318.5,,1,97.9037578074464,True
test,Img_579.tif,pred,1,1188.5,,1,97.66089258889986,True
test,Img_579.tif,pred,2,1154.5,,1,98.72981955008835,True
test,Img_588.tif,gt,0,232.74955187814396,medium,1,85.0694311746934,True
test,Img_588.tif,gt,1,525.500832202752,medium,1,95.90912464949368,True
test,Img_588.tif,pred,0,596.5,,1,95.90912464949368,True
test,Img_588.tif,pred,1,226.5,,1,85.06943117469339,True
test,Img_595.tif,gt,0,674.7504320184322,medium,1,94.36824545010539,True
test,Img_595.tif,gt,1,89.50108796518403,small,1,93.43502941313332,True
test,Img_595.tif,gt,2,1301.5005122559987,large,1,96.44638230667165,True
test,Img_595.tif,gt,3,1937.493247821823,large,1,97.61940681098187,True
test,Img_595.tif,gt,4,533.5024959631355,medium,1,94.93871533254504,True
test,Img_595.tif,gt,5,633.4994400501768,medium,2,95.12627568821428,True
test,Img_595.tif,gt,6,555.2484800307199,medium,1,98.10899795584814,True
test,Img_595.tif,pred,0,2032.5,,1,97.61940681098189,True
test,Img_595.tif,pred,1,557.5,,1,94.93871533254512,True
test,Img_595.tif,pred,2,646.5,,1,94.36824545010538,True
test,Img_595.tif,pred,3,1317.5,,1,96.44638230667165,True
test,Img_595.tif,pred,4,588.0,,1,98.10899795584811,True
test,Img_595.tif,pred,5,507.5,,1,75.25662845059364,True
test,Img_595.tif,pred,6,100.5,,1,93.4350294131333,True
test,Img_595.tif,pred,7,23.5,,0,0.0,False
test,Img_595.tif,pred,8,152.0,,1,20.58003271065269,False
test,Img_613.tif,gt,0,176.49835198464027,small,1,88.66942844704332,True
test,Img_613.tif,gt,1,258.49793607680044,medium,1,94.39067084074372,True
test,Img_613.tif,gt,2,934.2537281495036,medium,1,98.7288172513715,True
test,Img_613.tif,gt,3,45.50011210751995,small,0,0.0,False
test,Img_613.tif,pred,0,986.5,,1,98.72881725137151,True
test,Img_613.tif,pred,1,287.5,,1,94.39067084074367,True
test,Img_613.tif,pred,2,164.5,,1,88.66942844704326,True
test,Img_620.tif,gt,0,535.2499200204803,medium,1,90.91571876523268,True
test,Img_620.tif,gt,1,397.7482562887681,medium,1,96.05617374701568,True
test,Img_620.tif,gt,2,441.49590415974427,medium,1,7.389569806383432,False
test,Img_620.tif,gt,3,1045.501472038911,medium,3,93.6989341515031,True
test,Img_620.tif,gt,4,337.49745618534376,medium,2,99.48137324795991,True
test,Img_620.tif,gt,5,996.5028157521922,medium,1,95.0578218877446,True
test,Img_620.tif,gt,6,228.50166396108784,medium,0,0.0,False
test,Img_620.tif,gt,7,1202.4977281372164,large,1,91.58004961353485,True
test,Img_620.tif,gt,8,2022.5023035965407,large,1,98.05009686224943,True
test,Img_620.tif,gt,9,227.50056003584004,medium,1,96.70305162356594,True
test,Img_620.tif,gt,10,777.4983683317765,medium,1,97.39557729144148,True
test,Img_620.tif,gt,11,737.4954239815683,medium,1,93.84770148623703,True
test,Img_620.tif,gt,12,1327.5007683338233,large,2,97.5516928542485,True
test,Img_620.tif,gt,13,116.50032010444788,small,0,0.0,False
test,Img_620.tif,gt,14,2367.5074240634885,large,2,97.33887346531527,True
test,Img_620.tif,gt,15,1057.4990399447033,medium,1,89.63354594702639,True
test,Img_620.tif,gt,16,183.50059201331194,small,1,94.48247230761115,True
test,Img_620.tif,gt,17,801.4987680071677,medium,2,91.6251289775568,True
test,Img_620.tif,gt,18,75.49884796518413,small,1,87.08759106188253,True
test,Img_620.tif,gt,19,272.49905614847984,medium,1,91.03207018379263,True
test,Img_620.tif,gt,20,222.49851188633608,medium,1,92.19136168675719,True
test,Img_620.tif,gt,21,771.4993601925115,medium,1,97.5938784834353,True
test,Img_620.tif,gt,22,1055.4966081085438,medium,1,97.81503454261843,True
test,Img_620.tif,gt,23,612.5049279856646,medium,1,93.06077092608108,True
test,Img_620.tif,gt,24,802.4976320757762,medium,2,98.81608870152043,True
test,Img_620.tif,gt,25,919.5004643184643,medium,1,98.49769774489211,True
test,Img_620.tif,gt,26,681.5022560747517,medium,3,98.51420124570782,True
test,Img_620.tif,gt,27,2160.4974080471034,large,2,96.93363518856279,True
test,Img_620.tif,gt,28,2287.503999707134,large,1,98.22403632294696,True
test,Img_620.tif,gt,29,1700.502304212991,large,1,96.07463089141983,True
test,Img_620.tif,gt,30,1107.5033918627837,medium,1,95.282097685793,True
test,Img_620.tif,gt,31,1377.5012002017288,large,1,96.16158242849579,True
test,Img_620.tif,gt,32,10983.25243171427,large,1,97.02102368842756,True
test,Img_620.tif,gt,33,496.5031997685761,medium,1,92.14486590970698,True
test,Img_620.tif,gt,34,1122.507744024575,medium,1,96.81487311349466,True
test,Img_620.tif,pred,0,1377.0,,1,97.4763657416918,True
test,Img_620.tif,pred,1,1746.0,,1,96.07463089141984,True
test,Img_620.tif,pred,2,1142.0,,1,95.28209768579308,True
test,Img_620.tif,pred,3,2378.0,,1,98.22403632294694,True
test,Img_620.tif,pred,4,1161.5,,1,97.81503454261838,True
test,Img_620.tif,pred,5,1458.5,,1,96.16158242849575,True
test,Img_620.tif,pred,6,269.0,,1,91.03207018379264,True
test,Img_620.tif,pred,7,1085.5,,1,98.49769774489208,True
test,Img_620.tif,pred,8,834.5,,1,97.39557729144147,True
test,Img_620.tif,pred,9,529.0,,1,90.91571876523273,True
test,Img_620.tif,pred,10,1154.0,,1,96.81487311349468,True
test,Img_620.tif,pred,11,10916.5,,1,97.02102368842773,True
test,Img_620.tif,pred,12,2408.0,,2,72.62541113249175,True
test,Img_620.tif,pred,13,2141.5,,1,98.05009686224933,True
test,Img_620.tif,pred,14,778.5,,1,91.36012644606578,True
test,Img_620.tif,pred,15,2311.5,,2,73.8564023870224,True
test,Img_620.tif,pred,16,848.5,,2,24.563879248121467,False
test,Img_620.tif,pred,17,512.5,,1,92.14486590970704,True
test,Img_620.tif,pred,18,2639.0,,3,92.82402009567951,True
test,Img_620.tif,pred,19,114.0,,0,0.0,False
test,Img_620.tif,pred,20,1088.0,,2,68.01446028499485,True
test,Img_620.tif,pred,21,433.5,,1,96.05617374701573,True
test,Img_620.tif,pred,22,606.5,,1,93.06077092608099,True
test,Img_620.tif,pred,23,1093.5,,2,72.891961735885,True
test,Img_620.tif,pred,24,198.0,,1,94.48247230761118,True
test,Img_620.tif,pred,25,1237.5,,2,49.05464450090969,False
test,Img_620.tif,pred,26,77.0,,2,4.757670294050756,False
test,Img_620.tif,pred,27,1151.0,,3,47.47569459032905,False
test,Img_620.tif,pred,28,894.0,,3,20.213699948813243,False
test,Img_620.tif,pred,29,386.5,,1,97.27760906976528,True
test,Img_620.tif,pred,30,247.0,,1,92.1913616867572,True
test,Img_640.tif,gt,0,152.25100801433598,small,1,71.01764473963084,True
test,Img_640.tif,gt,1,120.249952012288,small,1,65.28083771678035,True
test,Img_640.tif,gt,2,737.4992319385602,medium,1,94.49984347778971,True
test,Img_640.tif,gt,3,1117.5053601976322,medium,1,93.84215174607078,True
test,Img_640.tif,gt,4,838.5000798720004,medium,2,98.21855566281256,True
test,Img_640.tif,gt,5,510.501967990784,medium,1,98.13893918802137,True
test,Img_640.tif,gt,6,616.4948960092164,medium,1,95.44837756171015,True
test,Img_640.tif,gt,7,837.4983038894086,medium,1,96.01497651068681,True
test,Img_640.tif,gt,8,676.498863910912,medium,1,96.47090848359868,True
test,Img_640.tif,gt,9,499.5002400460799,medium,1,97.2974875733548,True
test,Img_640.tif,gt,10,497.5018398515201,medium,1,91.45704786419832,True
test,Img_640.tif,gt,11,938.4992639160322,medium,1,92.2481925305517,True
test,Img_640.tif,gt,12,976.498655899648,medium,1,95.0206448491705,True
test,Img_640.tif,gt,13,964.5019838361601,medium,1,93.75315831111814,True
test,Img_640.tif,gt,14,961.5022561320957,medium,1,96.57455986367002,True
test,Img_640.tif,gt,15,1688.5120160419833,large,1,97.04611255737537,True
test,Img_640.tif,gt,16,902.5053281771517,medium,1,95.26310295161844,True
test,Img_640.tif,gt,17,145.50063996518386,small,0,0.0,False
test,Img_640.tif,gt,18,406.50251198054366,medium,1,98.84689618086429,True
test,Img_640.tif,gt,19,1415.503615690752,large,1,93.1383745666047,True
test,Img_640.tif,gt,20,1431.5038081146886,large,1,95.87829471967466,True
test,Img_640.tif,pred,0,900.0,,1,98.01729867606531,True
test,Img_640.tif,pred,1,559.0,,2,37.26375039320056,False
test,Img_640.tif,pred,2,973.0,,1,96.57455986367006,True
test,Img_640.tif,pred,3,1420.5,,1,95.87829471967464,True
test,Img_640.tif,pred,4,973.5,,1,95.0206448491705,True
test,Img_640.tif,pred,5,1374.5,,1,93.13837456660463,True
test,Img_640.tif,pred,6,850.5,,1,96.01497651068684,True
test,Img_640.tif,pred,7,951.0,,1,93.75315831111814,True
test,Img_640.tif,pred,8,639.0,,1,95.44837756171013,True
test,Img_640.tif,pred,9,734.0,,1,94.49984347778978,True
test,Img_640.tif,pred,10,903.0,,1,95.26310295161844,True
test,Img_640.tif,pred,11,521.5,,1,97.29748757335479,True
test,Img_640.tif,pred,12,1163.0,,1,93.84215174607078,True
test,Img_640.tif,pred,13,1839.5,,1,97.0461125573754,True
test,Img_640.tif,pred,14,730.5,,1,96.4709084835987,True
test,Img_640.tif,pred,15,930.5,,1,92.2481925305517,True
test,Img_640.tif,pred,16,494.0,,1,91.45704786419829,True
test,Img_640.tif,pred,17,574.0,,1,98.84689618086432,True
test,Img_640.tif,pred,18,84.0,,1,65.28083771678035,True
test,Img_640.tif,pred,19,109.0,,1,71.01764473963084,True
test,Img_647.tif,gt,0,1100.4970078986248,medium,1,96.58096661333715,True
test,Img_647.tif,pred,0,1197.5,,1,96.58096661333705,True
test,Img_67.tif,gt,0,1623.7543997911043,large,1,95.03448402412849,True
test,Img_67.tif,gt,1,100.50035206758417,small,1,92.28834541904473,True
test,Img_67.tif,gt,2,970.5008799825919,medium,1,97.06345779014237,True
test,Img_67.tif,gt,3,719.4957119365125,medium,1,99.68731655218332,True
test,Img_67.tif,gt,4,1942.5015679713276,large,1,97.67031949776738,True
test,Img_67.tif,gt,5,1479.5038239170556,large,1,98.4368040252577,True
test,Img_67.tif,pred,0,1955.5,,1,97.6703194977674,True
test,Img_67.tif,pred,1,1550.0,,1,98.43680402525777,True
test,Img_67.tif,pred,2,1567.5,,1,95.03448402412853,True
test,Img_67.tif,pred,3,1089.5,,1,97.06345779014241,True
test,Img_67.tif,pred,4,830.0,,1,99.68731655218332,True
test,Img_67.tif,pred,5,117.5,,1,92.28834541904475,True
test,Img_67.tif,pred,6,269.0,,0,0.0,False
test,Img_696.tif,gt,0,186.50200011161593,small,1,87.33117708480448,True
test,Img_696.tif,gt,1,167.5043200409595,small,1,95.96996662693535,True
test,Img_696.tif,gt,2,784.4991519518716,medium,1,98.96428694350443,True
test,Img_696.tif,gt,3,1587.4978400583684,large,1,94.07881472734628,True
test,Img_696.tif,pred,0,1581.5,,1,94.07881472734631,True
test,Img_696.tif,pred,1,852.0,,1,98.96428694350443,True
test,Img_696.tif,pred,2,207.0,,1,95.96996662693535,True
test,Img_696.tif,pred,3,194.0,,1,87.33117708480445,True
test,Img_696.tif,pred,4,247.5,,0,0.0,False
test,Img_698.tif,gt,0,422.4984479744001,medium,0,0.0,False
test,Img_698.tif,gt,1,345.4978879242237,medium,1,91.46209308789132,True
test,Img_698.tif,gt,2,1069.4947039723518,medium,1,84.89980742989015,True
test,Img_698.tif,gt,3,3466.2487199334423,large,1,95.27948957819467,True
test,Img_698.tif,gt,4,225.50092802048002,medium,1,79.76688413342215,True
test,Img_698.tif,gt,5,426.5007359119364,medium,0,0.0,False
test,Img_698.tif,gt,6,1535.4990079959043,large,1,74.17783182767896,True
test,Img_698.tif,gt,7,1794.5027041034234,large,1,95.24585591136373,True
test,Img_698.tif,gt,8,3258.250143891454,large,2,81.12100284243213,True
test,Img_698.tif,gt,9,12259.495872124926,large,0,0.0,False
test,Img_698.tif,gt,10,4612.497824012293,large,1,92.96069807539536,True
test,Img_698.tif,gt,11,3712.499007809533,large,1,90.04033802640696,True
test,Img_698.tif,gt,12,670.5033278504948,medium,1,90.13749027777409,True
test,Img_698.tif,gt,13,202.5038721269754,medium,0,0.0,False
test,Img_698.tif,pred,0,3430.5,,1,95.27948957819467,True
test,Img_698.tif,pred,1,972.0,,1,84.89980742989017,True
test,Img_698.tif,pred,2,3429.5,,1,90.04033802640686,True
test,Img_698.tif,pred,3,1972.5,,1,95.24585591136378,True
test,Img_698.tif,pred,4,637.0,,1,90.1374902777741,True
test,Img_698.tif,pred,5,355.0,,1,91.46209308789133,True
test,Img_698.tif,pred,6,184.0,,1,79.76688413342214,True
test,Img_698.tif,pred,7,4940.0,,2,58.71020719706112,True
test,Img_698.tif,pred,8,1169.0,,1,74.17783182767892,True
test,Img_698.tif,pred,9,2345.5,,1,70.89704061457664,True
test,Img_700.tif,gt,0,620.4984157675519,medium,1,76.3900096784903,True
test,Img_700.tif,pred,0,557.5,,1,76.3900096784903,True
test,Img_8.tif,gt,0,1371.5008479477744,large,1,99.16147450535617,True
test,Img_8.tif,gt,1,223.49995209113592,medium,1,90.32445423882439,True
test,Img_8.tif,gt,2,263.4957279969284,medium,1,92.74337223974436,True
test,Img_8.tif,gt,3,456.49891190579194,medium,1,93.75686926143281,True
test,Img_8.tif,gt,4,407.5037276979202,medium,1,92.94432370083636,True
test,Img_8.tif,gt,5,335.49804795494344,medium,1,96.16285095660038,True
test,Img_8.tif,gt,6,599.4990879109124,medium,1,94.26558459864513,True
test,Img_8.tif,pred,0,1461.5,,1,99.16147450535624,True
test,Img_8.tif,pred,1,463.5,,1,93.75686926143278,True
test,Img_8.tif,pred,2,259.5,,1,92.74337223974433,True
test,Img_8.tif,pred,3,430.0,,1,92.9443237008363,True
test,Img_8.tif,pred,4,225.0,,1,90.3244542388244,True
test,Img_8.tif,pred,5,353.0,,1,96.16285095660031,True
test,Img_8.tif,pred,6,617.5,,1,94.26558459864505,True
field_work,Img_0.tif,gt,0,52.086762682136296,small,1,95.56045232582383,True
field_work,Img_0.tif,gt,1,2212.7094085047925,large,1,13.417333700846775,False
field_work,Img_0.tif,gt,2,1572.581078194697,large,1,91.63685052730851,True
field_work,Img_0.tif,gt,3,325.3656302634401,medium,1,79.4816640127874,True
field_work,Img_0.tif,gt,4,469.6361302061258,medium,2,96.6014228983855,True
field_work,Img_0.tif,gt,5,101.65938329019204,small,0,0.0,False
field_work,Img_0.tif,gt,6,230.18799082032007,medium,1,92.95445824437763,True
field_work,Img_0.tif,gt,7,291.59193065082655,medium,1,85.16735925721689,True
field_work,Img_0.tif,gt,8,290.19134347834813,medium,1,95.61292293842482,True
field_work,Img_0.tif,gt,9,2301.1468431758044,large,2,97.2853328304484,True
field_work,Img_0.tif,gt,10,514.3452322135141,medium,1,98.81166960767483,True
field_work,Img_0.tif,gt,11,1762.876216251852,large,1,1.0821453923990496,False
field_work,Img_0.tif,gt,12,749.6872644935701,medium,3,98.02999400422206,True
field_work,Img_0.tif,gt,13,2561.244652170595,large,2,99.46214323237379,True
field_work,Img_0.tif,gt,14,2764.9590891607095,large,1,98.18754674877499,True
field_work,Img_0.tif,gt,15,136.0930860624659,small,0,0.0,False
field_work,Img_0.tif,gt,16,442.6981605490859,medium,0,0.0,False
field_work,Img_0.tif,gt,17,4552.175913946907,large,1,98.18100688925917,True
field_work,Img_0.tif,gt,18,1588.273332209485,large,0,0.0,False
field_work,Img_0.tif,gt,19,204.3240318028779,medium,1,99.38626234974099,True
field_work,Img_0.tif,gt,20,2141.9512566590574,large,1,96.97407266072956,True
field_work,Img_0.tif,gt,21,126.958850781022,small,0,0.0,False
field_work,Img_0.tif,gt,22,69.79116113956984,small,1,100.0,True
field_work,Img_0.tif,gt,23,229.98925971873825,medium,1,79.84950009419207,True
field_work,Img_0.tif,gt,24,134.67592209065808,small,1,77.62413166606098,True
field_work,Img_0.tif,gt,25,80.51591462441769,small,1,41.10647886339986,False
field_work,Img_0.tif,gt,26,166.93468924030594,small,0,0.0,False
field_work,Img_0.tif,gt,27,661.3862394045657,medium,1,93.65407436482543,True
field_work,Img_0.tif,gt,28,353.00688305030167,medium,0,0.0,False
field_work,Img_0.tif,gt,29,353.6555916496201,medium,0,0.0,False
field_work,Img_0.tif,gt,30,191.72507358508398,small,0,0.0,False
field_work,Img_0.tif,gt,31,208.48282672144197,medium,1,93.80810471631912,True
field_work,Img_0.tif,gt,32,157.0242565182461,small,0,0.0,False
field_work,Img_0.tif,gt,33,1721.4393901934845,large,3,96.03921154277934,True
field_work,Img_0.tif,gt,34,2383.601910694678,large,2,95.0324887909074,True
field_work,Img_0.tif,gt,35,5013.2574467724035,large,1,95.62121811544206,True
field_work,Img_0.tif,gt,36,70.51496060372394,small,0,0.0,False
field_work,Img_0.tif,gt,37,418.99553345972333,medium,0,0.0,False
field_work,Img_0.tif,gt,38,29.369687878206104,small,0,0.0,False
field_work,Img_0.tif,gt,39,41.140095823215965,small,0,0.0,False
field_work,Img_0.tif,pred,0,5126.355590416584,,1,95.62121811544218,True
field_work,Img_0.tif,pred,1,17360.846187127063,,7,71.70269322593641,True
field_work,Img_0.tif,pred,2,1603.3451126597356,,1,91.63685052730848,True
field_work,Img_0.tif,pred,3,3499.4979130224237,,3,55.35878638409654,True
field_work,Img_0.tif,pred,4,323.4196014890913,,1,95.61292293842482,True
field_work,Img_0.tif,pred,5,2929.409709108295,,3,83.93810088349957,True
field_work,Img_0.tif,pred,6,576.2991941223772,,1,98.81166960767483,True
field_work,Img_0.tif,pred,7,527.0537336603738,,1,96.60142289838551,True
field_work,Img_0.tif,pred,8,2401.0247465512684,,2,56.149541888793884,True
field_work,Img_0.tif,pred,9,110.91219615360023,,1,95.56045232582385,True
field_work,Img_0.tif,pred,10,3688.0482293003515,,1,95.03248879090577,True
field_work,Img_0.tif,pred,11,304.34284530370496,,1,79.4816640127874,True
field_work,Img_0.tif,pred,12,241.34459370013792,,1,92.95445824437763,True
field_work,Img_0.tif,pred,13,335.84191361255944,,1,13.417333700846779,False
field_work,Img_0.tif,pred,14,285.70949569766526,,1,85.16735925721687,True
field_work,Img_0.tif,pred,15,145.07291308745334,,1,100.0,True
field_work,Img_0.tif,pred,16,369.11539966537384,,1,14.680011879919894,False
field_work,Img_0.tif,pred,17,225.81708982646524,,0,0.0,False
field_work,Img_0.tif,pred,18,866.8888056339165,,1,96.5368329582721,True
field_work,Img_0.tif,pred,19,7568.1964837656105,,5,95.60551903548544,True
field_work,Img_1.tif,gt,0,1291.4820715999276,large,3,99.19318464042296,True
field_work,Img_1.tif,gt,1,297.7697964875141,medium,1,77.59975166658941,True
field_work,Img_1.tif,gt,2,215.06427463019207,medium,1,71.28115706938398,True
field_work,Img_1.tif,gt,3,108.43853653373,small,0,0.0,False
field_work,Img_1.tif,gt,4,7707.339195591518,large,1,95.14304052305027,True
field_work,Img_1.tif,gt,5,168.92560666475003,small,2,88.41747845650201,True
field_work,Img_1.tif,gt,6,202.2313525071841,medium,1,87.37794421017975,True
field_work,Img_1.tif,gt,7,39.75449548657599,small,0,0.0,False
field_work,Img_1.tif,gt,8,220.62434572443217,medium,0,0.0,False
field_work,Img_1.tif,gt,9,2196.4038925769983,large,2,97.33368665398517,True
field_work,Img_1.tif,gt,10,1497.0326444877699,large,1,84.33953499171908,True
field_work,Img_1.tif,gt,11,174.82943187403214,small,1,80.03007080890211,True
field_work,Img_1.tif,gt,12,36.609205586954054,small,1,19.078827653047036,False
field_work,Img_1.tif,gt,13,321.6993174434782,medium,1,63.984827445534705,True
field_work,Img_1.tif,gt,14,158.65581502134003,small,1,4.40585609099025,False
field_work,Img_1.tif,gt,15,422.73645688910995,medium,1,90.59946221789161,True
field_work,Img_1.tif,gt,16,171.10136715136412,small,0,0.0,False
field_work,Img_1.tif,gt,17,443.7815646251009,medium,1,93.86087389297055,True
field_work,Img_1.tif,gt,18,106.55546768656431,small,1,99.99999999999999,True
field_work,Img_1.tif,gt,19,59.44475420907416,small,1,97.95130708543924,True
field_work,Img_1.tif,pred,0,7958.16362173412,,3,73.02993398981546,True
field_work,Img_1.tif,pred,1,1363.7749358053552,,1,84.33953499171908,True
field_work,Img_1.tif,pred,2,527.6327458788874,,1,93.86087389297053,True
field_work,Img_1.tif,pred,3,2387.2715942824143,,1,97.33368665398523,True
field_work,Img_1.tif,pred,4,1618.872905794531,,1,97.95527245415086,True
field_work,Img_1.tif,pred,5,477.80945483531104,,2,67.0781367885811,True
field_work,Img_1.tif,pred,6,191.6559991884278,,1,87.37794421017972,True
field_work,Img_1.tif,pred,7,576.2993635695893,,1,35.85203345841024,False
field_work,Img_1.tif,pred,8,187.66326304117683,,2,69.47676504478957,True
field_work,Img_1.tif,pred,9,244.00633754802402,,1,63.9848274455347,True
field_work,Img_1.tif,pred,10,179.23390771668846,,1,86.66990967978306,True
field_work,Img_1.tif,pred,11,224.69014070485719,,1,99.99999999999999,True
field_work,Img_1.tif,pred,12,174.3538484974415,,1,71.281157069384,True
field_work,Img_1.tif,pred,13,314.1031602511066,,1,77.5997516665894,True
field_work,Img_1.tif,pred,14,1040.7990247670095,,1,61.632989611805996,True
field_work,Img_1.tif,pred,15,68.7653866300825,,0,0.0,False
field_work,Img_1.tif,pred,16,97.15905477682827,,1,97.95130708543925,True
field_work,Img_10.tif,gt,0,1071.0409771199065,medium,1,92.64908485706981,True
field_work,Img_10.tif,gt,1,131.37567429490397,small,1,88.15501232736928,True
field_work,Img_10.tif,gt,2,160.54523010073592,small,1,91.48477939176043,True
field_work,Img_10.tif,gt,3,75.874038032832,small,1,89.32063171413076,True
field_work,Img_10.tif,gt,4,1019.0071475845041,medium,1,89.29515701776725,True
field_work,Img_10.tif,gt,5,63.39109252036609,small,0,0.0,False
field_work,Img_10.tif,gt,6,266.1596961448359,medium,1,73.94951523613946,True
field_work,Img_10.tif,gt,7,268.9757464974581,medium,1,89.12142463583498,True
field_work,Img_10.tif,gt,8,381.1716341339663,medium,1,83.68833921470286,True
field_work,Img_10.tif,gt,9,57.28071362335395,small,0,0.0,False
field_work,Img_10.tif,gt,10,1210.1597694130887,large,1,95.24694326122952,True
field_work,Img_10.tif,gt,11,841.9106778831056,medium,1,89.1296685592111,True
field_work,Img_10.tif,gt,12,41.114257525770064,small,1,88.8686805773712,True
field_work,Img_10.tif,gt,13,249.65388853498592,medium,1,74.50445346064961,True
field_work,Img_10.tif,gt,14,143.52450289366797,small,1,86.00098914018392,True
field_work,Img_10.tif,gt,15,12.794620719790029,small,0,0.0,False
field_work,Img_10.tif,gt,16,679.2060835179096,medium,0,0.0,False
field_work,Img_10.tif,gt,17,629.591057155736,medium,0,0.0,False
field_work,Img_10.tif,gt,18,296.83916583729183,medium,1,85.46651177391081,True
field_work,Img_10.tif,gt,19,78.47427377015194,small,0,0.0,False
field_work,Img_10.tif,gt,20,73.7155322231379,small,0,0.0,False
field_work,Img_10.tif,gt,21,518.2699692297401,medium,2,76.42657288384692,True
field_work,Img_10.tif,gt,22,792.8949845293102,medium,1,86.5333378905362,True
field_work,Img_10.tif,gt,23,231.20360478384,medium,0,0.0,False
field_work,Img_10.tif,gt,24,2181.0420840252723,large,2,88.23871230243073,True
field_work,Img_10.tif,gt,25,35.68449376018798,small,0,0.0,False
field_work,Img_10.tif,gt,26,97.83508291413987,small,1,79.15729200374773,True
field_work,Img_10.tif,pred,0,1175.224288268946,,1,92.64908485706985,True
field_work,Img_10.tif,pred,1,707.619102940429,,1,86.5333378905362,True
field_work,Img_10.tif,pred,2,894.8385749178706,,1,89.12966855921117,True
field_work,Img_10.tif,pred,3,297.24436583329225,,1,89.12142463583498,True
field_work,Img_10.tif,pred,4,205.40925689862343,,1,91.48477939176047,True
field_work,Img_10.tif,pred,5,1100.2477514163547,,1,89.29515701776734,True
field_work,Img_10.tif,pred,6,2019.4873333438882,,1,87.47602089261784,True
field_work,Img_10.tif,pred,7,362.460915178759,,1,83.68833921470288,True
field_work,Img_10.tif,pred,8,1361.5567494556308,,1,95.24694326122955,True
field_work,Img_10.tif,pred,9,202.30371120758355,,1,74.5044534606496,True
field_work,Img_10.tif,pred,10,85.18034506822005,,1,79.15729200374773,True
field_work,Img_10.tif,pred,11,297.2444880057592,,1,53.22140841529021,True
field_work,Img_10.tif,pred,12,134.868874900043,,1,86.00098914018389,True
field_work,Img_10.tif,pred,13,266.6325275070267,,1,85.46651177391081,True
field_work,Img_10.tif,pred,14,75.42019002290908,,1,89.32063171413073,True
field_work,Img_10.tif,pred,15,145.96039954246953,,1,88.15501232736926,True
field_work,Img_10.tif,pred,16,215.16936882416485,,1,73.94951523613943,True
field_work,Img_10.tif,pred,17,444.535761268693,,1,76.42657103497058,True
field_work,Img_10.tif,pred,18,43.92118100367952,,1,88.8686805773712,True
field_work,Img_10.tif,pred,19,421.4659994378453,,1,17.727666642488686,False
field_work,Img_100.tif,gt,0,351.4186300492142,medium,1,79.63292796741867,True
field_work,Img_100.tif,pred,0,299.0189978844137,,1,79.6329279674187,True
field_work,Img_101.tif,gt,0,60.97656272169815,small,0,0.0,False
field_work,Img_101.tif,gt,1,217.31505801558797,medium,1,90.7754842762357,True
field_work,Img_101.tif,gt,2,369.2746241869878,medium,1,91.9381019298141,True
field_work,Img_101.tif,gt,3,934.6189146738604,medium,1,93.63197092159182,True
field_work,Img_101.tif,gt,4,124.45496288029999,small,0,0.0,False
field_work,Img_101.tif,pred,0,949.4072388672212,,1,93.63197092159182,True
field_work,Img_101.tif,pred,1,383.7558792732307,,1,91.9381019298141,True
field_work,Img_101.tif,pred,2,198.75442902637587,,1,90.77548427623573,True
field_work,Img_101.tif,pred,3,30288.29850684223,,0,0.0,False
field_work,Img_102.tif,gt,0,1662.654847677902,large,1,96.12577014203448,True
field_work,Img_102.tif,gt,1,41.379869150074036,small,1,81.52382908614364,True
field_work,Img_102.tif,gt,2,782.7064921252731,medium,1,99.57918440414721,True
field_work,Img_102.tif,gt,3,1138.384777718736,medium,2,99.0195806953982,True
field_work,Img_102.tif,gt,4,83.7343588199038,small,1,98.3659861684061,True
field_work,Img_102.tif,gt,5,951.2077397876574,medium,2,98.37272853418597,True
field_work,Img_102.tif,gt,6,119.67393909395598,small,1,96.88340474213096,True
field_work,Img_102.tif,gt,7,178.37041365010393,small,1,94.12751000271724,True
field_work,Img_102.tif,gt,8,97.88627590167378,small,1,94.35454556195407,True
field_work,Img_102.tif,gt,9,122.17474883848003,small,1,94.90383684243359,True
field_work,Img_102.tif,gt,10,22.639811307541944,small,1,0.4494838293760353,False
field_work,Img_102.tif,gt,11,224.13655232781807,medium,1,81.9972592772975,True
field_work,Img_102.tif,gt,12,307.1387947923619,medium,1,97.42133562664601,True
field_work,Img_102.tif,gt,13,345.064764368402,medium,1,97.72494407636809,True
field_work,Img_102.tif,gt,14,564.9201971440558,medium,1,96.43816928636399,True
field_work,Img_102.tif,gt,15,447.81418744660004,medium,1,94.25182282663499,True
field_work,Img_102.tif,gt,16,374.16883277732416,medium,1,95.79906525472465,True
field_work,Img_102.tif,gt,17,297.3553935492658,medium,4,98.24785648952972,True
field_work,Img_102.tif,gt,18,506.427186138016,medium,3,99.97330876793072,True
field_work,Img_102.tif,gt,19,204.66123543093806,medium,1,91.32647139183157,True
field_work,Img_102.tif,gt,20,407.601421676566,medium,2,93.92235904824116,True
field_work,Img_102.tif,gt,21,62.79932528201796,small,2,91.10072696117788,True
field_work,Img_102.tif,gt,22,260.96545108818583,medium,2,95.8414007508153,True
field_work,Img_102.tif,gt,23,98.14565911108411,small,1,85.33760478522066,True
field_work,Img_102.tif,gt,24,621.6259248684162,medium,1,96.30064622496941,True
field_work,Img_102.tif,gt,25,111.70537355811602,small,1,89.5509809877614,True
field_work,Img_102.tif,gt,26,30.69861707777801,small,1,87.07138580507339,True
field_work,Img_102.tif,gt,27,13.2767746882678,small,1,99.68062520999507,True
field_work,Img_102.tif,gt,28,189.6778824787863,small,2,91.93786292594397,True
field_work,Img_102.tif,gt,29,524.3292336603358,medium,1,94.22256324472953,True
field_work,Img_102.tif,gt,30,26.930721537382063,small,2,64.422473770106,True
field_work,Img_102.tif,gt,31,989.9586747658924,medium,6,95.44036157046084,True
field_work,Img_102.tif,gt,32,14.834858891632006,small,0,0.0,False
field_work,Img_102.tif,gt,33,51.680676278504016,small,2,91.96737079223797,True
field_work,Img_102.tif,gt,34,188.38353808749804,small,1,96.22359683567738,True
field_work,Img_102.tif,gt,35,358.83426506283195,medium,1,94.25972341206923,True
field_work,Img_102.tif,gt,36,1154.2382933563563,medium,1,94.41888457589015,True
field_work,Img_102.tif,gt,37,567.1620045886078,medium,1,94.99182906184771,True
field_work,Img_102.tif,gt,38,205.93209245133184,medium,1,84.99442125106769,True
field_work,Img_102.tif,gt,39,1863.36961314452,large,2,97.6045869049824,True
field_work,Img_102.tif,gt,40,191.4747362794759,small,1,89.2276954511343,True
field_work,Img_102.tif,gt,41,63.050375125764134,small,1,77.61971071324446,True
field_work,Img_102.tif,gt,42,749.8209376039196,medium,2,96.73746193911599,True
field_work,Img_102.tif,gt,43,272.883405277496,medium,1,94.33256225876544,True
field_work,Img_102.tif,gt,44,64.15958469294408,small,1,74.19004657388646,True
field_work,Img_102.tif,gt,45,1377.914806500362,large,2,96.97943176818201,True
field_work,Img_102.tif,gt,46,13.58502527654995,small,1,2.1250173097298495,False
field_work,Img_102.tif,gt,47,120.65448207438597,small,1,85.52178944999189,True
field_work,Img_102.tif,gt,48,1183.0763949060165,large,1,97.61688615155116,True
field_work,Img_102.tif,gt,49,317.5049957484864,medium,1,80.59071882574437,True
field_work,Img_102.tif,gt,50,808.5291503896876,medium,2,90.82525664576548,True
field_work,Img_102.tif,gt,51,65.66455132122597,small,1,92.94724906662395,True
field_work,Img_102.tif,gt,52,40.314732466579905,small,1,70.01955374010832,True
field_work,Img_102.tif,gt,53,676.3496415741257,medium,1,93.51376854778604,True
field_work,Img_102.tif,gt,54,305.92355989257396,medium,1,94.26629382114983,True
field_work,Img_102.tif,pred,0,1729.3409115786199,,1,96.12577014203455,True
field_work,Img_102.tif,pred,1,931.6784863956273,,1,99.57918440414717,True
field_work,Img_102.tif,pred,2,1283.4746323261643,,1,97.6168861515511,True
field_work,Img_102.tif,pred,3,1895.2656665012328,,2,54.931261615656354,True
field_work,Img_102.tif,pred,4,441.43013562659326,,2,94.60466422151723,True
field_work,Img_102.tif,pred,5,331.8487067418173,,1,94.2662938211498,True
field_work,Img_102.tif,pred,6,324.30686560820686,,2,90.35766689971729,True
field_work,Img_102.tif,pred,7,622.8823261504294,,1,94.99182906184771,True
field_work,Img_102.tif,pred,8,465.38733315700665,,1,95.7990652547247,True
field_work,Img_102.tif,pred,9,1526.1502830055542,,1,99.01958069539816,True
field_work,Img_102.tif,pred,10,1489.3272976011795,,1,96.979431768182,True
field_work,Img_102.tif,pred,11,703.1827518012142,,1,93.51376854778604,True
field_work,Img_102.tif,pred,12,129.54537283163518,,1,98.36598616840608,True
field_work,Img_102.tif,pred,13,784.3702241767314,,1,96.31540884306678,True
field_work,Img_102.tif,pred,14,472.92911859438755,,1,45.92806029721354,False
field_work,Img_102.tif,pred,15,186.33232823433354,,1,96.88340474213096,True
field_work,Img_102.tif,pred,16,991.9975973550463,,2,99.15226764607611,True
field_work,Img_102.tif,pred,17,225.37333514525744,,1,96.2235968356774,True
field_work,Img_102.tif,pred,18,316.32121903804364,,2,25.479753994692008,False
field_work,Img_102.tif,pred,19,146.4040001606336,,2,80.1371674741372,True
field_work,Img_102.tif,pred,20,137.53098885867075,,1,89.55098098776142,True
field_work,Img_102.tif,pred,21,822.5239751094505,,1,90.5467594342141,True
field_work,Img_102.tif,pred,22,209.84569427673705,,1,81.9972592772975,True
field_work,Img_102.tif,pred,23,297.2444664458744,,1,80.59071882574439,True
field_work,Img_102.tif,pred,24,125.10905762587208,,2,77.08204410329354,True
field_work,Img_102.tif,pred,25,267.07624311107793,,2,73.04694249544507,True
field_work,Img_102.tif,pred,26,283.93481474390137,,2,10.348883332958131,False
field_work,Img_102.tif,pred,27,1152.1547528166557,,1,94.41888457589013,True
field_work,Img_102.tif,pred,28,377.1012447659159,,1,34.74396622032625,False
field_work,Img_102.tif,pred,29,518.1813224407961,,2,29.479456387635572,False
field_work,Img_102.tif,pred,30,713.3864194288444,,1,96.30064622496944,True
field_work,Img_102.tif,pred,31,241.3447589923162,,1,94.12751000271727,True
field_work,Img_102.tif,pred,32,1266.6162726986222,,1,98.37272640842009,True
field_work,Img_102.tif,pred,33,111.79935314719114,,1,85.33760478522069,True
field_work,Img_102.tif,pred,34,383.3122660785157,,1,94.25972341206929,True
field_work,Img_102.tif,pred,35,468.0489530356426,,1,93.34010983482692,True
field_work,Img_102.tif,pred,36,614.453098724829,,2,69.20447494919748,True
field_work,Img_102.tif,pred,37,653.9374111538054,,2,64.16653061925263,True
field_work,Img_102.tif,pred,38,512.8574376848119,,2,87.67083471386798,True
field_work,Img_102.tif,pred,39,73.64557554529165,,1,91.30939911577724,True
field_work,Img_102.tif,pred,40,42.14648747321917,,1,99.68062520999507,True
field_work,Img_102.tif,pred,41,83.84950728074182,,1,92.94724906662395,True
field_work,Img_102.tif,pred,42,197.8671804033802,,1,84.99442125106769,True
field_work,Img_102.tif,pred,43,41.702928178128786,,1,81.52382908614364,True
field_work,Img_102.tif,pred,44,85.18055886999355,,1,77.61971071324447,True
field_work,Img_102.tif,pred,45,233.8025100179948,,1,91.8912407122125,True
field_work,Img_102.tif,pred,46,129.10168956732377,,1,94.35454556195407,True
field_work,Img_102.tif,pred,47,759.525736475538,,1,96.43816928636389,True
field_work,Img_102.tif,pred,48,42.14659347583074,,1,87.07138580507342,True
field_work,Img_102.tif,pred,49,35.04833319725003,,0,0.0,False
field_work,Img_102.tif,pred,50,425.616800006479,,1,27.128765888786592,False
field_work,Img_102.tif,pred,51,132.20717776560923,,1,12.619565400946659,False
field_work,Img_102.tif,pred,52,335.8416836406104,,1,97.20706538503524,True
field_work,Img_102.tif,pred,53,49.688637631363235,,1,70.01955374010832,True
field_work,Img_102.tif,pred,54,583.3976202546619,,1,53.103603568154746,True
field_work,Img_102.tif,pred,55,59.89252624713117,,1,74.19004657388648,True
field_work,Img_102.tif,pred,56,560.7715219245292,,2,56.07818253729386,True
field_work,Img_102.tif,pred,57,823.8547683740035,,1,59.07367389633197,True
field_work,Img_102.tif,pred,58,573.1936806587837,,1,65.00165174935078,True
field_work,Img_102.tif,pred,59,375.7703027727548,,1,36.43752343821713,False
field_work,Img_102.tif,pred,60,114.90494263169239,,2,16.564159140329522,False
field_work,Img_102.tif,pred,61,66.99083683200297,,1,9.421741745302064,False
field_work,Img_103.tif,gt,0,8376.794393525477,large,1,97.98050763706625,True
field_work,Img_103.tif,gt,1,1635.183952482913,large,1,81.15265238754876,True
field_work,Img_103.tif,gt,2,798.3588579113415,medium,1,93.56246099059693,True
field_work,Img_103.tif,gt,3,501.3996202334341,medium,1,79.00343386785286,True
field_work,Img_103.tif,gt,4,565.1074125281788,medium,1,90.32012798622834,True
field_work,Img_103.tif,gt,5,901.9587967784157,medium,1,99.74238130142106,True
field_work,Img_103.tif,pred,0,8483.442742488813,,1,97.98050763706625,True
field_work,Img_103.tif,pred,1,815.4255912547233,,1,93.56246099059689,True
field_work,Img_103.tif,pred,2,408.6000633398362,,1,79.00343386785285,True
field_work,Img_103.tif,pred,3,1141.0639971424825,,1,99.74238130142106,True
field_work,Img_103.tif,pred,4,590.9397326828912,,1,90.32012798622834,True
field_work,Img_103.tif,pred,5,1376.1971023995357,,1,81.15265238754876,True
field_work,Img_104.tif,gt,0,103.59714890691382,small,1,92.53402709496058,True
field_work,Img_104.tif,gt,1,1780.0363439752139,large,1,94.26101601036447,True
field_work,Img_104.tif,gt,2,516.929305437766,medium,2,68.4220769143786,True
field_work,Img_104.tif,gt,3,1022.9415416284738,medium,1,93.17135864955553,True
field_work,Img_104.tif,gt,4,56.275343492081966,small,0,0.0,False
field_work,Img_104.tif,gt,5,366.633041339942,medium,1,68.79241964290598,True
field_work,Img_104.tif,gt,6,105.62958139497402,small,1,12.418509334194987,False
field_work,Img_104.tif,gt,7,1565.541239689024,large,1,95.09132857254937,True
field_work,Img_104.tif,gt,8,159.25388983756199,small,0,0.0,False
field_work,Img_104.tif,gt,9,734.1332634171379,medium,1,90.26519374961107,True
field_work,Img_104.tif,gt,10,2295.735440443276,large,1,94.31339810118448,True
field_work,Img_104.tif,gt,11,871.770370343912,medium,1,89.41826655261723,True
field_work,Img_104.tif,gt,12,1326.1841977799738,large,1,95.48152839939223,True
field_work,Img_104.tif,gt,13,1497.0424131995023,large,1,91.32029244917668,True
field_work,Img_104.tif,gt,14,793.5160018469061,medium,1,96.04972730638646,True
field_work,Img_104.tif,gt,15,909.8038830422363,medium,1,93.11055376469685,True
field_work,Img_104.tif,gt,16,905.3035652635778,medium,1,93.61158690675502,True
field_work,Img_104.tif,gt,17,370.16989629994396,medium,1,81.39077764266865,True
field_work,Img_104.tif,pred,0,1299.8894488287624,,1,95.48152839939225,True
field_work,Img_104.tif,pred,1,875.7614270620979,,1,93.61158690675505,True
field_work,Img_104.tif,pred,2,2220.459887857942,,1,94.3133981011845,True
field_work,Img_104.tif,pred,3,1417.4564569093054,,1,91.3202924491768,True
field_work,Img_104.tif,pred,4,846.0374295808142,,1,96.04972730638646,True
field_work,Img_104.tif,pred,5,1683.6453887952816,,1,94.26101601036446,True
field_work,Img_104.tif,pred,6,814.0948253333336,,1,89.41826655261723,True
field_work,Img_104.tif,pred,7,888.1841775688808,,1,93.11055376469687,True
field_work,Img_104.tif,pred,8,707.6189807677874,,1,90.2651937496111,True
field_work,Img_104.tif,pred,9,1540.3469636898126,,1,95.09132857254941,True
field_work,Img_104.tif,pred,10,1026.6022541377724,,1,93.17135864955554,True
field_work,Img_104.tif,pred,11,342.05285587238177,,1,64.64394567662912,True
field_work,Img_104.tif,pred,12,360.24243417807156,,2,36.16443619101192,False
field_work,Img_104.tif,pred,13,116.2358163521858,,1,92.53402709496056,True
field_work,Img_104.tif,pred,14,281.7166715142812,,2,56.1834341741377,True
field_work,Img_105.tif,gt,0,98.07497427228807,small,0,0.0,False
field_work,Img_105.tif,gt,1,956.4880638873564,medium,1,94.11628483370536,True
field_work,Img_105.tif,pred,0,975.1388460565358,,1,94.1162848337054,True
field_work,Img_106.tif,gt,0,1264.8008431056699,large,1,94.92352133350902,True
field_work,Img_106.tif,pred,0,1250.201229818049,,1,94.92352133350906,True
field_work,Img_106.tif,pred,1,1075.403743590252,,0,0.0,False
field_work,Img_106.tif,pred,2,191.65614651422948,,0,0.0,False
field_work,Img_107.tif,gt,0,640.71917148421,medium,1,88.94704795078869,True
field_work,Img_107.tif,gt,1,2577.549968407986,large,1,95.69138089252954,True
field_work,Img_107.tif,gt,2,2060.01776448975,large,1,98.30870737572648,True
field_work,Img_107.tif,gt,3,1787.144774706928,large,1,90.61359401443427,True
field_work,Img_107.tif,pred,0,2594.011570389179,,1,95.69138089252944,True
field_work,Img_107.tif,pred,1,2311.4078413711104,,1,98.30870737572656,True
field_work,Img_107.tif,pred,2,609.5727894342708,,1,88.94704795078873,True
field_work,Img_107.tif,pred,3,1826.943834225438,,1,90.61359401443426,True
field_work,Img_107.tif,pred,4,116.6794686802914,,0,0.0,False
field_work,Img_108.tif,gt,0,58.70498265091189,small,0,0.0,False
field_work,Img_108.tif,gt,1,35.99492275677986,small,0,0.0,False
field_work,Img_108.tif,gt,2,198.93546687689997,medium,0,0.0,False
field_work,Img_108.tif,gt,3,278.3803844038099,medium,1,91.14145198881386,True
field_work,Img_108.tif,pred,0,308.3356245707546,,1,91.14145198881386,True
field_work,Img_109.tif,gt,0,565.3890774776918,medium,1,97.88720335276301,True
field_work,Img_109.tif,gt,1,87.15310425406003,small,1,85.00461356448395,True
field_work,Img_109.tif,gt,2,42.03007770956806,small,1,72.90453264502506,True
field_work,Img_109.tif,gt,3,1405.8569273927355,large,1,97.86447248863986,True
field_work,Img_109.tif,gt,4,259.01017226679386,medium,1,92.17593905400246,True
field_work,Img_109.tif,gt,5,445.9747634324837,medium,1,91.10840816308233,True
field_work,Img_109.tif,gt,6,407.4850644339798,medium,1,91.64697397899334,True
field_work,Img_109.tif,gt,7,369.9802876263783,medium,1,97.52829573726075,True
field_work,Img_109.tif,gt,8,78.05669939176207,small,1,96.30162791866348,True
field_work,Img_109.tif,pred,0,1450.2862875462743,,1,97.8644724886398,True
field_work,Img_109.tif,pred,1,444.9793367338134,,1,91.10840816308233,True
field_work,Img_109.tif,pred,2,430.33910416578874,,1,97.52829573726075,True
field_work,Img_109.tif,pred,3,271.95650389243383,,1,92.17593905400246,True
field_work,Img_109.tif,pred,4,680.1128282716963,,1,97.88720335276292,True
field_work,Img_109.tif,pred,5,433.4441827265546,,1,91.64697397899337,True
field_work,Img_109.tif,pred,6,101.1518789603142,,1,85.00461356448395,True
field_work,Img_109.tif,pred,7,35.048239434328025,,1,72.90453264502507,True
field_work,Img_109.tif,pred,8,131.3200843287632,,1,96.30162791866348,True
field_work,Img_11.tif,gt,0,294.0720916948101,medium,1,87.83298310838761,True
field_work,Img_11.tif,gt,1,239.22963914857795,medium,0,0.0,False
field_work,Img_11.tif,gt,2,1934.9662360247435,large,1,99.70038065534479,True
field_work,Img_11.tif,gt,3,327.8252271187139,medium,1,95.99272521941758,True
field_work,Img_11.tif,gt,4,259.282715287518,medium,1,94.67737106457471,True
field_work,Img_11.tif,gt,5,520.5145349692604,medium,0,0.0,False
field_work,Img_11.tif,gt,6,134.2805495762121,small,1,83.1119859268293,True
field_work,Img_11.tif,gt,7,820.2982087841846,medium,0,0.0,False
field_work,Img_11.tif,gt,8,8332.999127991721,large,1,98.87469300599105,True
field_work,Img_11.tif,gt,9,3625.2055047443055,large,1,89.01651500472163,True
field_work,Img_11.tif,gt,10,3069.7562327348815,large,2,98.1397830484345,True
field_work,Img_11.tif,gt,11,4851.488094693265,large,2,93.88002805863925,True
field_work,Img_11.tif,gt,12,304.19854342956006,medium,1,95.36401332552109,True
field_work,Img_11.tif,gt,13,4934.507998418651,large,2,99.36469757397441,True
field_work,Img_11.tif,gt,14,109.47075874781856,small,0,0.0,False
field_work,Img_11.tif,gt,15,1548.2126366697642,large,2,84.77428640565617,True
field_work,Img_11.tif,gt,16,6537.439074262125,large,1,99.73610665934515,True
field_work,Img_11.tif,pred,0,8744.752292550169,,1,98.874693005991,True
field_work,Img_11.tif,pred,1,278.16748747535166,,1,87.83298310838765,True
field_work,Img_11.tif,pred,2,19709.9638827563,,5,95.19626405203255,True
field_work,Img_11.tif,pred,3,4261.685641283635,,2,51.702065781699915,True
field_work,Img_11.tif,pred,4,370.8900967891059,,1,94.6773710645747,True
field_work,Img_11.tif,pred,5,387.74864332489415,,1,95.99272521941755,True
field_work,Img_11.tif,pred,6,10597.871639565448,,2,60.36596567126607,True
field_work,Img_11.tif,pred,7,2186.742571608253,,1,99.70038065534482,True
field_work,Img_11.tif,pred,8,112.6866843039752,,1,83.11198592682932,True
field_work,Img_11.tif,pred,9,1433.8713901942974,,1,84.77428640565618,True
field_work,Img_11.tif,pred,10,881.0853711075324,,1,52.0499948948043,True
field_work,Img_110.tif,gt,0,902.5720569084701,medium,1,97.40808770421975,True
field_work,Img_110.tif,gt,1,210.9065262319601,medium,1,86.3130661747895,True
field_work,Img_110.tif,gt,2,62.764645121567995,small,1,84.66482620728375,True
field_work,Img_110.tif,gt,3,129.83924195106817,small,1,81.5081323971977,True
field_work,Img_110.tif,gt,4,238.52912886259622,medium,1,76.82574987722936,True
field_work,Img_110.tif,gt,5,1721.4272187070133,large,0,0.0,False
field_work,Img_110.tif,gt,6,216.76909383560545,medium,1,86.25805391504143,True
field_work,Img_110.tif,gt,7,2362.05939920491,large,1,99.47627883921443,True
field_work,Img_110.tif,pred,0,2594.011802157853,,1,99.47627883921437,True
field_work,Img_110.tif,pred,1,1072.7416362008662,,1,97.4080877042198,True
field_work,Img_110.tif,pred,2,204.07832568511367,,1,76.82574987722934,True
field_work,Img_110.tif,pred,3,224.4862394624506,,1,86.31306617478951,True
field_work,Img_110.tif,pred,4,59.89245258424489,,1,84.66482620728374,True
field_work,Img_110.tif,pred,5,216.05676050530747,,1,86.25805391504143,True
field_work,Img_110.tif,pred,6,24.84445176832378,,0,0.0,False
field_work,Img_110.tif,pred,7,110.46833636809606,,1,81.50813239719767,True
field_work,Img_111.tif,gt,0,54.07484963779601,small,2,89.62730249015898,True
field_work,Img_111.tif,gt,1,216.75609998127808,medium,1,95.40314159492924,True
field_work,Img_111.tif,gt,2,78.26016657908802,small,1,91.1498252122064,True
field_work,Img_111.tif,gt,3,141.2782166073981,small,2,91.93932218947418,True
field_work,Img_111.tif,gt,4,121.14105347978379,small,2,87.42780734095675,True
field_work,Img_111.tif,gt,5,307.83635294105204,medium,3,95.59713646922218,True
field_work,Img_111.tif,gt,6,279.6326987442041,medium,2,77.22233677468323,True
field_work,Img_111.tif,gt,7,414.4527406771699,medium,2,99.4438913148515,True
field_work,Img_111.tif,gt,8,520.9674447065661,medium,3,96.02207717363616,True
field_work,Img_111.tif,gt,9,1067.4948692199473,medium,2,89.1241587682248,True
field_work,Img_111.tif,gt,10,624.200017709112,medium,2,99.96873513195263,True
field_work,Img_111.tif,gt,11,687.6930487554143,medium,1,93.92602199358512,True
field_work,Img_111.tif,gt,12,686.2450316183545,medium,3,83.3459805134823,True
field_work,Img_111.tif,gt,13,60.55965523792587,small,1,90.49170800381847,True
field_work,Img_111.tif,gt,14,502.68429568687196,medium,2,94.9823762235684,True
field_work,Img_111.tif,gt,15,2457.2471199465554,large,4,90.92559558404338,True
field_work,Img_111.tif,gt,16,329.8764501881422,medium,1,84.79305369665339,True
field_work,Img_111.tif,gt,17,489.71978415151966,medium,1,96.61518516777168,True
field_work,Img_111.tif,gt,18,31.120797172607706,small,2,85.06115218983624,True
field_work,Img_111.tif,gt,19,53.52072960265188,small,2,87.79810671781726,True
field_work,Img_111.tif,gt,20,479.4293415253939,medium,1,90.44008198244093,True
field_work,Img_111.tif,gt,21,793.1252565869365,medium,2,98.35378340995602,True
field_work,Img_111.tif,gt,22,46.84060125947791,small,0,0.0,False
field_work,Img_111.tif,gt,23,178.78577667126768,small,2,86.94469015020252,True
field_work,Img_111.tif,gt,24,69.59008816882215,small,1,80.439930197941,True
field_work,Img_111.tif,gt,25,361.5999620547334,medium,2,99.99999999999999,True
field_work,Img_111.tif,gt,26,76.02533132485213,small,2,93.59336610988656,True
field_work,Img_111.tif,gt,27,1657.7946639782335,large,3,97.38627375633851,True
field_work,Img_111.tif,gt,28,962.7132948605655,medium,1,96.98451371577076,True
field_work,Img_111.tif,gt,29,134.5748545001383,small,1,91.16508640784716,True
field_work,Img_111.tif,gt,30,379.8846618843395,medium,2,99.95051807686947,True
field_work,Img_111.tif,gt,31,99.16544346597195,small,1,66.55803662340189,True
field_work,Img_111.tif,gt,32,1032.5277645768028,medium,1,100.00000000000004,True
field_work,Img_111.tif,gt,33,1765.9463206476505,large,2,99.90667430824944,True
field_work,Img_111.tif,gt,34,1910.516763915344,large,3,94.46446521255031,True
field_work,Img_111.tif,gt,35,639.0609379808943,medium,1,98.52260857988917,True
field_work,Img_111.tif,gt,36,1322.8948161373364,large,2,88.73560136130246,True
field_work,Img_111.tif,gt,37,1161.3744423993141,large,2,91.23652931142406,True
field_work,Img_111.tif,gt,38,168.99116174244193,small,2,23.818369748414128,False
field_work,Img_111.tif,gt,39,911.9603801091431,medium,1,83.91679371481462,True
field_work,Img_111.tif,gt,40,147.89579685371388,small,1,92.27215364954134,True
field_work,Img_111.tif,gt,41,45.846074673516284,small,1,99.94696592793719,True
field_work,Img_111.tif,gt,42,386.8118232275444,medium,1,85.33524223793093,True
field_work,Img_111.tif,gt,43,18.54508441505197,small,1,85.80114160360365,True
field_work,Img_111.tif,gt,44,1153.8891888223175,medium,4,78.49200170302461,True
field_work,Img_111.tif,gt,45,899.7894830110943,medium,1,97.22667472178182,True
field_work,Img_111.tif,gt,46,212.54041747551582,medium,1,85.2150514928714,True
field_work,Img_111.tif,gt,47,1232.3041894181717,large,2,95.74782010457554,True
field_work,Img_111.tif,gt,48,1776.733516963989,large,3,86.96510448212756,True
field_work,Img_111.tif,gt,49,750.966585391568,medium,1,90.7006948260682,True
field_work,Img_111.tif,gt,50,104.56693249727391,small,1,99.4461518028765,True
field_work,Img_111.tif,gt,51,387.97414345196034,medium,1,88.16006269915646,True
field_work,Img_111.tif,gt,52,115.19548177997608,small,1,87.63301250083303,True
field_work,Img_111.tif,gt,53,437.63595542058647,medium,3,97.03101347411793,True
field_work,Img_111.tif,gt,54,278.7783854144641,medium,4,98.51597723398928,True
field_work,Img_111.tif,gt,55,174.3994021635322,small,2,37.29132297004213,False
field_work,Img_111.tif,gt,56,219.51022619822407,medium,2,94.11138591949934,True
field_work,Img_111.tif,gt,57,381.64472465441384,medium,4,87.13278756850589,True
field_work,Img_111.tif,gt,58,712.9629150684817,medium,3,95.04710888401503,True
field_work,Img_111.tif,gt,59,227.79876179533213,medium,1,20.960784469999158,False
field_work,Img_111.tif,gt,60,46.27937181818588,small,1,97.70730136420399,True
field_work,Img_111.tif,gt,61,81.51480294794203,small,1,100.00000000000003,True
field_work,Img_111.tif,gt,62,187.52665895007195,small,1,78.32408897111816,True
field_work,Img_111.tif,gt,63,279.3305553302158,medium,2,74.69265598911427,True
field_work,Img_111.tif,gt,64,1408.0704933371962,large,4,92.60028236353631,True
field_work,Img_111.tif,gt,65,109.79917207578805,small,1,72.32680502486797,True
field_work,Img_111.tif,gt,66,258.120801575702,medium,0,0.0,False
field_work,Img_111.tif,gt,67,94.66639892756803,small,0,0.0,False
field_work,Img_111.tif,gt,68,570.0829426091022,medium,2,89.5877521624073,True
field_work,Img_111.tif,gt,69,1338.74527608393,large,2,91.6854835609355,True
field_work,Img_111.tif,gt,70,834.2318783084006,medium,1,90.26360719344572,True
field_work,Img_111.tif,gt,71,63.59297302482808,small,3,95.02493898797835,True
field_work,Img_111.tif,gt,72,1319.359242619157,large,4,92.04598401961078,True
field_work,Img_111.tif,gt,73,563.5126802154718,medium,3,98.08638152251845,True
field_work,Img_111.tif,gt,74,243.439042674984,medium,2,93.9588295889367,True
field_work,Img_111.tif,gt,75,239.66058543801398,medium,3,95.6972531981099,True
field_work,Img_111.tif,gt,76,618.8341025954359,medium,1,98.50850383906081,True
field_work,Img_111.tif,gt,77,29.53553717402597,small,1,99.41573800905859,True
field_work,Img_111.tif,gt,78,248.1271523011582,medium,1,83.57153256675933,True
field_work,Img_111.tif,gt,79,878.5053220460923,medium,1,97.04057275803157,True
field_work,Img_111.tif,gt,80,34.879867609730056,small,1,100.00000000000003,True
field_work,Img_111.tif,gt,81,82.569865749982,small,1,100.00000000000003,True
field_work,Img_111.tif,gt,82,185.6804595120021,small,1,98.84824567672246,True
field_work,Img_111.tif,gt,83,275.6316230834141,medium,1,99.99999999999997,True
field_work,Img_111.tif,gt,84,21.25070583383803,small,1,99.99999999999997,True
field_work,Img_111.tif,gt,85,37.044711521402,small,1,77.21637111686665,True
field_work,Img_111.tif,gt,86,305.9823622254361,medium,1,88.70318198086756,True
field_work,Img_111.tif,gt,87,43.55453233794004,small,0,0.0,False
field_work,Img_111.tif,gt,88,61.523339998197926,small,1,81.29617954644222,True
field_work,Img_111.tif,gt,89,48.869705978339994,small,1,95.36227950574009,True
field_work,Img_111.tif,gt,90,1132.5492254448063,medium,2,92.13854831861464,True
field_work,Img_111.tif,gt,91,20.971103472202,small,0,0.0,False
field_work,Img_111.tif,gt,92,332.65581427629195,medium,1,98.22792959876875,True
field_work,Img_111.tif,gt,93,41.34594488910599,small,0,0.0,False
field_work,Img_111.tif,gt,94,26.608736813932,small,0,0.0,False
field_work,Img_111.tif,gt,95,709.4563348134345,medium,3,99.20717567358008,True
field_work,Img_111.tif,gt,96,344.92415501200804,medium,1,89.31875694889698,True
field_work,Img_111.tif,gt,97,550.554279705586,medium,2,74.81848409798303,True
field_work,Img_111.tif,gt,98,38.97494866740787,small,2,54.34985569343609,True
field_work,Img_111.tif,gt,99,200.46618850320402,medium,1,45.15697026738752,False
field_work,Img_111.tif,gt,100,373.10066358115205,medium,1,92.33366907455958,True
field_work,Img_111.tif,gt,101,542.4552969400503,medium,1,99.4958781456855,True
field_work,Img_111.tif,gt,102,639.588674421164,medium,2,95.63737549099719,True
field_work,Img_111.tif,gt,103,57.13929174098589,small,1,84.53372402385713,True
field_work,Img_111.tif,gt,104,975.6550893307399,medium,1,87.86940738571177,True
field_work,Img_111.tif,pred,0,844.7063294821419,,2,35.331602887732174,False
field_work,Img_111.tif,pred,1,576.6359703978524,,1,24.285614195496848,False
field_work,Img_111.tif,pred,2,389.9671970338095,,1,88.16006269915641,True
field_work,Img_111.tif,pred,3,842.9318299901497,,1,98.50850383906075,True
field_work,Img_111.tif,pred,4,3023.4634472672187,,3,56.427860007670716,True
field_work,Img_111.tif,pred,5,609.5728091974743,,1,96.61518516777173,True
field_work,Img_111.tif,pred,6,1575.8389421976171,,1,73.1006595608417,True
field_work,Img_111.tif,pred,7,1145.944009985309,,1,98.35309539433032,True
field_work,Img_111.tif,pred,8,3402.4823253021173,,5,55.41618379144664,True
field_work,Img_111.tif,pred,9,599.3688810551539,,1,90.4400819824409,True
field_work,Img_111.tif,pred,10,2295.4364301005407,,6,72.30815142155642,True
field_work,Img_111.tif,pred,11,2288.7818310768344,,6,81.25041332370476,True
field_work,Img_111.tif,pred,12,1774.5932888017664,,3,93.58049221520321,True
field_work,Img_111.tif,pred,13,855.354001974687,,2,36.53021256817188,False
field_work,Img_111.tif,pred,14,1421.0056283716112,,1,95.59345621974961,True
field_work,Img_111.tif,pred,15,1042.5734919183888,,2,52.10552575408081,True
field_work,Img_111.tif,pred,16,1477.348803491157,,3,41.97195590184541,False
field_work,Img_111.tif,pred,17,325.19422708352795,,1,88.70318198086761,True
field_work,Img_111.tif,pred,18,819.4184495745576,,2,27.185790713775404,False
field_work,Img_111.tif,pred,19,654.3693337891018,,1,99.95051807686947,True
field_work,Img_111.tif,pred,20,425.90224277728703,,1,92.33366907455954,True
field_work,Img_111.tif,pred,21,369.1154131400399,,1,85.33524223793093,True
field_work,Img_111.tif,pred,22,622.4388153650798,,2,26.511665692430576,False
field_work,Img_111.tif,pred,23,2141.490396115347,,4,54.168126289713534,True
field_work,Img_111.tif,pred,24,207.18376357696252,,1,85.21505149287138,True
field_work,Img_111.tif,pred,25,1350.465792556759,,3,84.13258006786825,True
field_work,Img_111.tif,pred,26,404.60737210907973,,1,89.31875694889702,True
field_work,Img_111.tif,pred,27,180.1211901390925,,1,92.27215364954135,True
field_work,Img_111.tif,pred,28,349.15121317034937,,1,91.97146139073979,True
field_work,Img_111.tif,pred,29,555.433090842329,,1,99.99999999999999,True
field_work,Img_111.tif,pred,30,153.9458826170303,,1,87.633012500833,True
field_work,Img_111.tif,pred,31,375.326199091156,,1,84.79305369665339,True
field_work,Img_111.tif,pred,32,839.8263669451408,,1,29.857009930778506,False
field_work,Img_111.tif,pred,33,1769.2692863649136,,1,86.46230886752512,True
field_work,Img_111.tif,pred,34,644.6210202222283,,2,84.91980554528556,True
field_work,Img_111.tif,pred,35,391.74148867514907,,2,76.61524343796798,True
field_work,Img_111.tif,pred,36,1874.8577309395423,,2,91.23593350532828,True
field_work,Img_111.tif,pred,37,1885.504901491804,,3,80.66098217132233,True
field_work,Img_111.tif,pred,38,1188.0903555226396,,1,87.86940738571174,True
field_work,Img_111.tif,pred,39,90.1235869564116,,1,99.9469659279372,True
field_work,Img_111.tif,pred,40,1332.7197447990766,,2,53.78675327004239,True
field_work,Img_111.tif,pred,41,1377.5280461894872,,3,91.3048349932771,True
field_work,Img_111.tif,pred,42,297.24434068007395,,2,42.23605503547887,False
field_work,Img_111.tif,pred,43,780.8210778671782,,1,99.83547273562078,True
field_work,Img_111.tif,pred,44,258.6471701983828,,2,33.72246344495977,False
field_work,Img_111.tif,pred,45,471.15448525184183,,1,70.69741513753891,True
field_work,Img_111.tif,pred,46,1054.108520159847,,2,40.96762755820747,False
field_work,Img_111.tif,pred,47,100.70818132301793,,1,92.84106846345314,True
field_work,Img_111.tif,pred,48,57.230574885805254,,1,99.99999999999997,True
field_work,Img_111.tif,pred,49,620.2202984311152,,1,89.58775216240737,True
field_work,Img_111.tif,pred,50,342.05276783634326,,2,85.25691247760889,True
field_work,Img_111.tif,pred,51,159.26973683014512,,1,99.44615180287654,True
field_work,Img_111.tif,pred,52,153.50229277880862,,1,65.44107967343584,True
field_work,Img_111.tif,pred,53,937.4290313231759,,4,27.86867884011079,False
field_work,Img_111.tif,pred,54,269.2943818490203,,2,68.75094860067671,True
field_work,Img_111.tif,pred,55,777.715489056427,,3,71.75585661340209,True
field_work,Img_111.tif,pred,56,210.28906492330134,,1,65.94353138636372,True
field_work,Img_111.tif,pred,57,87.39883684867527,,2,49.314848175526336,False
field_work,Img_111.tif,pred,58,784.814176939195,,1,98.22848530214789,True
field_work,Img_111.tif,pred,59,153.94592933019157,,2,86.79178972448007,True
field_work,Img_111.tif,pred,60,67.87819072767661,,1,88.32232914311182,True
field_work,Img_111.tif,pred,61,715.6047010007896,,2,63.11884522260425,True
field_work,Img_111.tif,pred,62,106.03183431038633,,1,21.503610476766692,False
field_work,Img_111.tif,pred,63,683.6620495350867,,1,54.2415167818706,True
field_work,Img_111.tif,pred,64,1137.9579340146302,,2,55.32464891076262,True
field_work,Img_111.tif,pred,65,1373.5354968943866,,5,35.73877418915158,False
field_work,Img_111.tif,pred,66,69.20919206686085,,1,85.74630988317634,True
field_work,Img_111.tif,pred,67,134.42545147711644,,2,40.40381683355163,False
field_work,Img_111.tif,pred,68,189.8814421476709,,2,57.21818350006645,True
field_work,Img_111.tif,pred,69,702.295485885581,,2,45.20815684315904,False
field_work,Img_111.tif,pred,70,36.37917968718193,,1,77.21637111686664,True
field_work,Img_111.tif,pred,71,89.61689024558291,,1,90.49170800381846,True
field_work,Img_111.tif,pred,72,1799.881717587123,,7,37.968113145777046,False
field_work,Img_111.tif,pred,73,591.3832077598363,,1,89.7745055171448,True
field_work,Img_111.tif,pred,74,31.055298805236816,,1,85.80114160360365,True
field_work,Img_111.tif,pred,75,871.7692838110961,,2,78.43752695516079,True
field_work,Img_111.tif,pred,76,661.035980456887,,2,92.49960914172888,True
field_work,Img_111.tif,pred,77,48.801357342279516,,0,0.0,False
field_work,Img_111.tif,pred,78,1477.348850203969,,2,66.51933011932752,True
field_work,Img_111.tif,pred,79,81.18774905987084,,1,84.53372402385713,True
field_work,Img_111.tif,pred,80,1208.0537883201614,,2,39.784572429113815,False
field_work,Img_111.tif,pred,81,1610.0000525980722,,2,97.0256975248711,True
field_work,Img_111.tif,pred,82,82.5186766795814,,1,80.439930197941,True
field_work,Img_111.tif,pred,83,56.34330537672213,,1,81.29617954644222,True
field_work,Img_111.tif,pred,84,243.563053140766,,1,12.179792571668782,False
field_work,Img_111.tif,pred,85,356.2498202030547,,1,66.36909575162629,True
field_work,Img_111.tif,pred,86,120.22873631978655,,2,73.61099264112887,True
field_work,Img_111.tif,pred,87,423.2404531148786,,0,0.0,False
field_work,Img_111.tif,pred,88,106.47552116785664,,1,72.32680502486795,True
field_work,Img_111.tif,pred,89,2331.815508108368,,3,36.83965153787258,False
field_work,Img_111.tif,pred,90,1546.557880571927,,3,66.1449845770256,True
field_work,Img_111.tif,pred,91,451.19046404911205,,1,36.66165024897756,False
field_work,Img_111.tif,pred,92,1810.5286336882127,,2,47.36036264196466,False
field_work,Img_111.tif,pred,93,170.80463211867027,,1,21.597171647986645,False
field_work,Img_111.tif,pred,94,676.1198940432369,,2,18.85283079976758,False
field_work,Img_112.tif,gt,0,4203.731576482983,large,1,98.70893256391923,True
field_work,Img_112.tif,gt,1,1501.3414309308996,large,1,65.19249688515877,True
field_work,Img_112.tif,pred,0,4345.5354575893725,,1,98.70893256391912,True
field_work,Img_112.tif,pred,1,1070.523238183232,,1,65.19249688515877,True
field_work,Img_113.tif,gt,0,296.6634807908201,medium,0,0.0,False
field_work,Img_113.tif,gt,1,499.6230937030581,medium,0,0.0,False
field_work,Img_113.tif,gt,2,1139.3359105110062,medium,1,95.61461938576946,True
field_work,Img_113.tif,gt,3,2334.2305207414706,large,1,98.24866901825902,True
field_work,Img_113.tif,gt,4,203.58469300233995,medium,2,3.186203450257477,False
field_work,Img_113.tif,gt,5,3344.371855525167,large,1,99.88568838004367,True
field_work,Img_113.tif,pred,0,1208.4981040076818,,2,81.47618626095831,True
field_work,Img_113.tif,pred,1,7351.696862862795,,3,95.80785219135183,True
field_work,Img_114.tif,gt,0,2739.984473376929,large,1,97.61195225228883,True
field_work,Img_114.tif,gt,1,7326.225798238671,large,1,99.44670492879672,True
field_work,Img_114.tif,pred,0,2989.3022874582093,,1,97.61195225228889,True
field_work,Img_114.tif,pred,1,7909.362190505257,,1,99.4467049287967,True
field_work,Img_115.tif,gt,0,1205.0877542084158,large,1,95.21107866155438,True
field_work,Img_115.tif,gt,1,1898.9183312684002,large,1,98.53330009299405,True
field_work,Img_115.tif,pred,0,2243.973339241231,,1,98.53330009299405,True
field_work,Img_115.tif,pred,1,1334.0505502473097,,1,95.21107866155441,True
field_work,Img_116.tif,gt,0,109.24971060372262,small,1,100.0,True
field_work,Img_116.tif,gt,1,46.139111919991805,small,1,87.71537593392766,True
field_work,Img_116.tif,gt,2,77.58475965856188,small,1,84.06982442313566,True
field_work,Img_116.tif,gt,3,661.9967250504665,medium,1,97.08127651988947,True
field_work,Img_116.tif,gt,4,131.91585793703163,small,1,78.81461936977122,True
field_work,Img_116.tif,gt,5,151.54469524443607,small,1,93.6503207018773,True
field_work,Img_116.tif,gt,6,139.75435320524633,small,1,79.40672662631644,True
field_work,Img_116.tif,gt,7,67.57943769564005,small,1,73.79573019939716,True
field_work,Img_116.tif,gt,8,519.6908722616519,medium,1,94.39694454863195,True
field_work,Img_116.tif,gt,9,35.984754664248086,small,1,90.98071708722573,True
field_work,Img_116.tif,gt,10,80.265264375426,small,1,92.4191319550093,True
field_work,Img_116.tif,gt,11,213.23229321991946,medium,1,99.99999999999999,True
field_work,Img_116.tif,gt,12,62.104653586742025,small,0,0.0,False
field_work,Img_116.tif,gt,13,1267.995258484006,large,1,97.73876485634705,True
field_work,Img_116.tif,gt,14,131.44469264599397,small,1,89.30350589642462,True
field_work,Img_116.tif,gt,15,44.38904465288803,small,1,69.71349616181763,True
field_work,Img_116.tif,gt,16,183.3695010648799,small,1,89.94470560291003,True
field_work,Img_116.tif,gt,17,36.40569539487397,small,1,63.270511650252146,True
field_work,Img_116.tif,gt,18,30.86401871051192,small,1,82.14793842614765,True
field_work,Img_116.tif,gt,19,30.335226906477885,small,0,0.0,False
field_work,Img_116.tif,pred,0,744.4418350165943,,1,97.08127651988951,True
field_work,Img_116.tif,pred,1,186.77612289134413,,1,93.65032070187729,True
field_work,Img_116.tif,pred,2,1347.360006113071,,1,97.73876485634705,True
field_work,Img_116.tif,pred,3,192.66134153096937,,1,100.0,True
field_work,Img_116.tif,pred,4,586.9466336115729,,1,94.39694454863199,True
field_work,Img_116.tif,pred,5,133.53815569193102,,1,89.30350589642461,True
field_work,Img_116.tif,pred,6,199.6416838815012,,1,89.94470560291008,True
field_work,Img_116.tif,pred,7,80.74390499504807,,1,84.06982442313567,True
field_work,Img_116.tif,pred,8,307.00454243831336,,1,99.99999999999999,True
field_work,Img_116.tif,pred,9,50.13220590958372,,1,90.98071708722573,True
field_work,Img_116.tif,pred,10,54.12525467481464,,1,87.71537593392767,True
field_work,Img_116.tif,pred,11,135.31270189676434,,1,78.81461936977125,True
field_work,Img_116.tif,pred,12,35.49181523616426,,1,69.71349616181766,True
field_work,Img_116.tif,pred,13,72.7583635293413,,1,73.79573019939714,True
field_work,Img_116.tif,pred,14,86.95509642841535,,1,92.41913195500932,True
field_work,Img_116.tif,pred,15,35.93545571753202,,1,82.14793842614765,True
field_work,Img_116.tif,pred,16,28.83714838902233,,1,63.27051165025214,True
field_work,Img_116.tif,pred,17,173.46642986615188,,1,79.40672662631647,True
field_work,Img_117.tif,gt,0,178.995046718982,small,1,81.64672566111398,True
field_work,Img_117.tif,gt,1,119.18352664371349,small,1,95.94568456432476,True
field_work,Img_117.tif,gt,2,1195.2058080350957,large,3,85.82985183654192,True
field_work,Img_117.tif,gt,3,289.8210099292039,medium,1,88.53704431541236,True
field_work,Img_117.tif,gt,4,516.0938686275842,medium,1,90.24605416995082,True
field_work,Img_117.tif,gt,5,482.5904436240682,medium,1,89.29423719748588,True
field_work,Img_117.tif,gt,6,88.48389913251194,small,0,0.0,False
field_work,Img_117.tif,gt,7,49.35503609394804,small,2,95.8311984573792,True
field_work,Img_117.tif,gt,8,22.035731800992018,small,2,82.35103565978439,True
field_work,Img_117.tif,gt,9,98.85091140220403,small,1,89.08041345919678,True
field_work,Img_117.tif,gt,10,1452.8815867171575,large,1,89.99172918106736,True
field_work,Img_117.tif,gt,11,139.649490926582,small,1,82.64496505193033,True
field_work,Img_117.tif,gt,12,257.87725652509596,medium,2,97.10121668610206,True
field_work,Img_117.tif,pred,0,475.591131940193,,1,90.24605416995085,True
field_work,Img_117.tif,pred,1,490.6750190258026,,1,89.29423719748587,True
field_work,Img_117.tif,pred,2,378.4321696910192,,1,88.53704431541234,True
field_work,Img_117.tif,pred,3,706.2881259121459,,1,53.84323386239684,True
field_work,Img_117.tif,pred,4,399.7271577035399,,3,76.01799626663224,True
field_work,Img_117.tif,pred,5,150.39675966451614,,1,82.64496505193033,True
field_work,Img_117.tif,pred,6,249.33039478257706,,1,20.805577045294672,False
field_work,Img_117.tif,pred,7,1557.649262997843,,1,89.99172918106734,True
field_work,Img_117.tif,pred,8,255.0978437182739,,1,81.64672566111395,True
field_work,Img_117.tif,pred,9,173.0227075246803,,1,95.94568456432476,True
field_work,Img_117.tif,pred,10,387.3050696004357,,1,32.246449891647686,False
field_work,Img_117.tif,pred,11,101.15182865395764,,1,89.08041345919678,True
field_work,Img_117.tif,pred,12,556.3349750068219,,3,90.4713859663462,True
field_work,Img_118.tif,gt,0,2940.512865867641,large,4,95.96591572810311,True
field_work,Img_118.tif,gt,1,106.19855397416187,small,1,96.40944865080505,True
field_work,Img_118.tif,gt,2,1373.0166481052324,large,2,32.3814078792857,False
field_work,Img_118.tif,gt,3,1859.5257309852075,large,1,96.99034284348308,True
field_work,Img_118.tif,gt,4,48.14916296538393,small,1,86.4734511504709,True
field_work,Img_118.tif,gt,5,79.05969028323602,small,1,87.07467868859658,True
field_work,Img_118.tif,gt,6,1000.5633108379218,medium,1,96.17255241620015,True
field_work,Img_118.tif,gt,7,54.48365967584801,small,2,92.2403675208999,True
field_work,Img_118.tif,gt,8,441.47126651134,medium,1,99.75385051211757,True
field_work,Img_118.tif,gt,9,303.25244732840184,medium,1,90.71921724697587,True
field_work,Img_118.tif,gt,10,1286.4428233077203,large,1,99.65329695660708,True
field_work,Img_118.tif,gt,11,172.91439787135798,small,2,79.55320898977753,True
field_work,Img_118.tif,gt,12,255.977395284286,medium,2,96.93493335758697,True
field_work,Img_118.tif,gt,13,242.97712861227168,medium,1,99.67858810231183,True
field_work,Img_118.tif,gt,14,1673.1358779597804,large,1,97.72977708369923,True
field_work,Img_118.tif,gt,15,1036.073994858448,medium,3,47.67831373671841,False
field_work,Img_118.tif,gt,16,1664.7694314414796,large,1,99.45981799829104,True
field_work,Img_118.tif,gt,17,125.65992406559808,small,1,85.8389422841169,True
field_work,Img_118.tif,gt,18,2402.1817106439103,large,2,98.88652576470761,True
field_work,Img_118.tif,gt,19,8162.920176330221,large,2,84.04277486639481,True
field_work,Img_118.tif,gt,20,924.8760123555155,medium,4,94.28421231281746,True
field_work,Img_118.tif,gt,21,202.51495837606802,medium,1,85.15965505215046,True
field_work,Img_118.tif,gt,22,2534.0030608913803,large,3,98.39179642316842,True
field_work,Img_118.tif,pred,0,1526.5937650447304,,1,99.65329695660701,True
field_work,Img_118.tif,pred,1,563.4333394351415,,1,99.75385051211757,True
field_work,Img_118.tif,pred,2,1734.2214993506204,,1,97.7297770836992,True
field_work,Img_118.tif,pred,3,1022.6093476449605,,1,96.17255241620016,True
field_work,Img_118.tif,pred,4,360.7978096397128,,1,99.6785881023118,True
field_work,Img_118.tif,pred,5,213.83844120404683,,1,85.15965505215047,True
field_work,Img_118.tif,pred,6,8095.38354572747,,4,52.15023656085601,True
field_work,Img_118.tif,pred,7,84.73674804344773,,1,87.07467868859658,True
field_work,Img_118.tif,pred,8,323.419625743918,,1,90.7192172469759,True
field_work,Img_118.tif,pred,9,142.41111129765656,,1,79.55320898977753,True
field_work,Img_118.tif,pred,10,144.18571319870534,,1,96.40944865080502,True
field_work,Img_118.tif,pred,11,2769.2530978644645,,3,20.632099506032162,False
field_work,Img_118.tif,pred,12,287.9277326901856,,1,95.40625480008394,True
field_work,Img_118.tif,pred,13,85.18043849430978,,1,92.24036752089987,True
field_work,Img_118.tif,pred,14,74.97669361089356,,1,86.47345115047091,True
field_work,Img_118.tif,pred,15,294.5824854397797,,1,9.717554468373711,False
field_work,Img_118.tif,pred,16,5290.506539187877,,6,66.09990323343125,True
field_work,Img_118.tif,pred,17,316.32115795178106,,1,26.457659711950914,False
field_work,Img_118.tif,pred,18,3307.3985647474183,,3,42.951920998475096,False
field_work,Img_118.tif,pred,19,145.51661925925873,,1,92.24036752089987,True
field_work,Img_118.tif,pred,20,35.935513547336996,,0,0.0,False
field_work,Img_118.tif,pred,21,1244.8772245739083,,1,1.1640971313324258,False
field_work,Img_118.tif,pred,22,5068.682084166299,,3,67.76538936346478,True
field_work,Img_118.tif,pred,23,95.38434866978787,,2,2.030454472328335,False
field_work,Img_118.tif,pred,24,147.2912157701212,,1,11.018783646789625,False
field_work,Img_119.tif,gt,0,1217.3412186511948,large,1,97.52744639751555,True
field_work,Img_119.tif,gt,1,1113.304847357534,medium,1,99.54712461891701,True
field_work,Img_119.tif,gt,2,93.1501263280639,small,0,0.0,False
field_work,Img_119.tif,gt,3,102.117691586144,small,0,0.0,False
field_work,Img_119.tif,gt,4,128.354643315678,small,1,92.68288623545186,True
field_work,Img_119.tif,gt,5,296.4905372082678,medium,1,94.37631084212813,True
field_work,Img_119.tif,gt,6,186.9453450049379,small,1,96.42383778104686,True
field_work,Img_119.tif,gt,7,54.66041506286399,small,1,75.75043769121443,True
field_work,Img_119.tif,gt,8,120.49100902300812,small,1,83.4330302871634,True
field_work,Img_119.tif,gt,9,24.744887026677983,small,0,0.0,False
field_work,Img_119.tif,gt,10,76.1646958968739,small,1,86.47250247035994,True
field_work,Img_119.tif,gt,11,86.68245473479772,small,0,0.0,False
field_work,Img_119.tif,gt,12,138.37251154116038,small,1,90.73807610127493,True
field_work,Img_119.tif,pred,0,224.04250948526897,,1,96.42383778104686,True
field_work,Img_119.tif,pred,1,335.8415785364632,,1,94.37631084212809,True
field_work,Img_119.tif,pred,2,1318.0793125218224,,1,97.52744639751553,True
field_work,Img_119.tif,pred,3,1195.632187448453,,1,99.54712461891704,True
field_work,Img_119.tif,pred,4,149.9530781970825,,1,92.68288623545186,True
field_work,Img_119.tif,pred,5,113.57407418889125,,1,83.43303028716342,True
field_work,Img_119.tif,pred,6,51.01966766070109,,1,75.75043769121443,True
field_work,Img_119.tif,pred,7,145.07303660735488,,1,90.73807610127493,True
field_work,Img_119.tif,pred,8,76.75121106905863,,1,86.47250247035994,True
field_work,Img_12.tif,gt,0,2762.4909398508767,large,1,88.51776349893744,True
field_work,Img_12.tif,gt,1,84.92867579370181,small,0,0.0,False
field_work,Img_12.tif,gt,2,54740.29691133031,large,4,97.2286838881249,True
field_work,Img_12.tif,gt,3,8412.294009135045,large,2,98.24328993804443,True
field_work,Img_12.tif,gt,4,1631.6652192840743,large,1,6.295675125619879,False
field_work,Img_12.tif,gt,5,5014.396397585904,large,0,0.0,False
field_work,Img_12.tif,gt,6,403.74126353724716,medium,1,89.83988467690679,True
field_work,Img_12.tif,gt,7,1831.110710276718,large,3,97.59657151831492,True
field_work,Img_12.tif,pred,0,2938.282761564773,,1,88.51776349893746,True
field_work,Img_12.tif,pred,1,9548.643656871838,,3,13.287272140000594,False
field_work,Img_12.tif,pred,2,47380.310493260826,,1,83.62906624399491,True
field_work,Img_12.tif,pred,3,2545.654165921557,,1,97.59657151831496,True
field_work,Img_12.tif,pred,4,411.70540600898676,,1,89.8398846769068,True
field_work,Img_12.tif,pred,5,2622.849021121463,,1,0.9105360434173948,False
field_work,Img_12.tif,pred,6,33166.70504706513,,1,58.64950289856545,True
field_work,Img_12.tif,pred,7,30136.58817208051,,3,45.8447968794353,False
field_work,Img_120.tif,gt,0,560.4526482747657,medium,1,99.67613775028997,True
field_work,Img_120.tif,gt,1,1657.6533931473873,large,3,93.79284813799794,True
field_work,Img_120.tif,gt,2,1345.516537420224,large,3,90.82709924920327,True
field_work,Img_120.tif,gt,3,105.62465802816182,small,0,0.0,False
field_work,Img_120.tif,gt,4,2927.911275801694,large,1,97.3273717792512,True
field_work,Img_120.tif,gt,5,599.3143881753338,medium,1,98.40241317475054,True
field_work,Img_120.tif,gt,6,50.53111448769822,small,0,0.0,False
field_work,Img_120.tif,gt,7,445.0641296362821,medium,0,0.0,False
field_work,Img_120.tif,gt,8,353.1091216823817,medium,0,0.0,False
field_work,Img_120.tif,gt,9,66.7440678530602,small,0,0.0,False
field_work,Img_120.tif,gt,10,1984.2886265181455,large,1,91.59304416828543,True
field_work,Img_120.tif,gt,11,375.3226638775634,medium,1,91.01634236740847,True
field_work,Img_120.tif,gt,12,3217.6862040331052,large,1,97.85925425925201,True
field_work,Img_120.tif,pred,0,3317.1585904334206,,1,97.85925425925205,True
field_work,Img_120.tif,pred,1,2964.4575606335166,,1,97.32737177925121,True
field_work,Img_120.tif,pred,2,737.3434813118074,,1,99.67613775029001,True
field_work,Img_120.tif,pred,3,644.1774411641527,,1,98.4024131747505,True
field_work,Img_120.tif,pred,4,1908.5750945201144,,1,93.68579354537945,True
field_work,Img_120.tif,pred,5,437.88089319644496,,1,91.01634236740846,True
field_work,Img_120.tif,pred,6,2171.2148463530466,,1,91.59304416828535,True
field_work,Img_120.tif,pred,7,1199.1814094423316,,1,76.21253356131363,True
field_work,Img_120.tif,pred,8,775.0534397778101,,1,41.920303467527056,False
field_work,Img_120.tif,pred,9,500.4351417312864,,1,33.44939903346563,False
field_work,Img_120.tif,pred,10,806.1092847660184,,1,51.09231041563951,True
field_work,Img_120.tif,pred,11,1084.7201752271503,,1,52.10324212775359,True
field_work,Img_121.tif,gt,0,1373.7193261731418,large,1,99.03636526255895,True
field_work,Img_121.tif,gt,1,1480.4626978904357,large,1,96.50311892858583,True
field_work,Img_121.tif,gt,2,593.8533153085258,medium,1,99.03370990880998,True
field_work,Img_121.tif,gt,3,2447.3283303952057,large,4,99.07494531124438,True
field_work,Img_121.tif,gt,4,170.93894818002596,small,1,99.06204772047272,True
field_work,Img_121.tif,gt,5,894.0211965910419,medium,1,97.5832815703069,True
field_work,Img_121.tif,gt,6,1988.631789449682,large,1,96.83270740060065,True
field_work,Img_121.tif,gt,7,755.3800107453859,medium,2,98.33485780907847,True
field_work,Img_121.tif,gt,8,17.799944893665973,small,0,0.0,False
field_work,Img_121.tif,gt,9,351.86073275602615,medium,1,95.10157257556112,True
field_work,Img_121.tif,gt,10,133.266803288476,small,1,92.28739746619115,True
field_work,Img_121.tif,gt,11,733.705606313862,medium,2,96.93787659678308,True
field_work,Img_121.tif,gt,12,1091.7365881441758,medium,1,97.24496585523946,True
field_work,Img_121.tif,gt,13,41.064759053916084,small,1,81.32964890345893,True
field_work,Img_121.tif,gt,14,28.104587718090027,small,1,88.66814229570302,True
field_work,Img_121.tif,gt,15,930.87600054514,medium,2,97.0327713855261,True
field_work,Img_121.tif,gt,16,123.37215245531803,small,2,100.0,True
field_work,Img_121.tif,gt,17,639.7155450780381,medium,1,99.2561983661306,True
field_work,Img_121.tif,gt,18,405.24029201489594,medium,1,98.71315423947055,True
field_work,Img_121.tif,gt,19,490.48945235791825,medium,1,97.66056423020841,True
field_work,Img_121.tif,gt,20,736.2350108678502,medium,1,94.27117432805424,True
field_work,Img_121.tif,gt,21,48.134237676980014,small,1,81.02073116173645,True
field_work,Img_121.tif,gt,22,219.37890387179,medium,1,96.2042854883496,True
field_work,Img_121.tif,gt,23,307.49941026555405,medium,1,96.97868499841411,True
field_work,Img_121.tif,gt,24,485.54954889862194,medium,1,94.17199431526927,True
field_work,Img_121.tif,gt,25,348.9969638861936,medium,1,96.76116036334419,True
field_work,Img_121.tif,gt,26,1835.4610261896994,large,2,94.99458541171224,True
field_work,Img_121.tif,gt,27,88.79512560698004,small,2,91.7589930615686,True
field_work,Img_121.tif,gt,28,476.8470980357498,medium,1,90.63164276596534,True
field_work,Img_121.tif,gt,29,320.5829567491199,medium,1,93.72478535186148,True
field_work,Img_121.tif,gt,30,445.00789503669176,medium,1,98.16811488557063,True
field_work,Img_121.tif,gt,31,56.22550269382798,small,1,78.5331886032537,True
field_work,Img_121.tif,gt,32,492.37576182368616,medium,1,90.5344306460978,True
field_work,Img_121.tif,gt,33,158.11982880010208,small,2,95.78918919802688,True
field_work,Img_121.tif,gt,34,246.8034521373459,medium,1,81.02452115631141,True
field_work,Img_121.tif,gt,35,945.930618864608,medium,1,97.67313493317232,True
field_work,Img_121.tif,gt,36,1549.7237747298586,large,1,97.27352423481523,True
field_work,Img_121.tif,gt,37,402.9079321770617,medium,1,92.10828641022722,True
field_work,Img_121.tif,gt,38,70.70484584849393,small,1,75.6831898900012,True
field_work,Img_121.tif,gt,39,108.60894533192614,small,1,83.3021056417071,True
field_work,Img_121.tif,gt,40,217.56315301195835,medium,1,96.13518650273407,True
field_work,Img_121.tif,gt,41,228.02640179085017,medium,1,87.43846367304205,True
field_work,Img_121.tif,gt,42,255.65479986480221,medium,1,96.3999969920326,True
field_work,Img_121.tif,gt,43,334.3933245118188,medium,1,95.3973149644771,True
field_work,Img_121.tif,pred,0,1517.2772142107133,,1,99.036365262559,True
field_work,Img_121.tif,pred,1,2230.663358751568,,1,96.83270740060063,True
field_work,Img_121.tif,pred,2,571.4190560749266,,1,97.66056423020834,True
field_work,Img_121.tif,pred,3,766.6241764193401,,1,99.25619836613062,True
field_work,Img_121.tif,pred,4,1585.1556583227357,,1,96.5031189285859,True
field_work,Img_121.tif,pred,5,1617.541575724259,,1,97.27352423481527,True
field_work,Img_121.tif,pred,6,1262.6232077637105,,1,97.24496585523957,True
field_work,Img_121.tif,pred,7,496.44261472568724,,1,94.17199431526927,True
field_work,Img_121.tif,pred,8,488.0130919193034,,1,98.7131542394706,True
field_work,Img_121.tif,pred,9,521.730396883795,,1,90.63164276596531,True
field_work,Img_121.tif,pred,10,486.6821139929234,,1,98.16811488557063,True
field_work,Img_121.tif,pred,11,1047.0100155363325,,1,97.58328157030698,True
field_work,Img_121.tif,pred,12,1026.15872033278,,1,97.67313493317234,True
field_work,Img_121.tif,pred,13,802.1162288140913,,1,94.27117432805427,True
field_work,Img_121.tif,pred,14,205.85277846397366,,1,81.0245211563114,True
field_work,Img_121.tif,pred,15,352.70039990422083,,1,93.72478535186148,True
field_work,Img_121.tif,pred,16,388.2411344689317,,1,95.39731496447705,True
field_work,Img_121.tif,pred,17,393.9596951244894,,1,96.76116036334419,True
field_work,Img_121.tif,pred,18,644.1773980442376,,1,65.59601875769674,True
field_work,Img_121.tif,pred,19,926.3377815692074,,1,98.33485780907849,True
field_work,Img_121.tif,pred,20,524.8361343677461,,2,89.65621169562455,True
field_work,Img_121.tif,pred,21,158.82612363540102,,1,92.28739746619115,True
field_work,Img_121.tif,pred,22,322.08868526648394,,1,96.97868499841415,True
field_work,Img_121.tif,pred,23,1587.816909887828,,3,95.25153160050041,True
field_work,Img_121.tif,pred,24,747.1038807021687,,1,99.03370990880991,True
field_work,Img_121.tif,pred,25,261.75254700376536,,1,96.20428548834956,True
field_work,Img_121.tif,pred,26,1714.7006978750287,,1,58.20411396317834,True
field_work,Img_121.tif,pred,27,573.1935950933257,,2,75.45733541391836,True
field_work,Img_121.tif,pred,28,1269.2776051129913,,1,43.8189658165942,False
field_work,Img_121.tif,pred,29,1530.586712298944,,1,77.38783608013092,True
field_work,Img_121.tif,pred,30,348.2639381589779,,1,17.6067493315813,False
field_work,Img_121.tif,pred,31,523.5049853099918,,2,30.284390400362593,False
field_work,Img_121.tif,pred,32,331.84893671330065,,2,65.02530252020556,True
field_work,Img_121.tif,pred,33,266.6329874508083,,2,17.68123680758204,False
field_work,Img_121.tif,pred,34,173.0227609751746,,1,99.99010878924103,True
field_work,Img_121.tif,pred,35,258.20331445513875,,1,99.06204772047266,True
field_work,Img_121.tif,pred,36,121.5597216574306,,1,91.7589890148284,True
field_work,Img_121.tif,pred,37,342.05283453710854,,1,31.341857839086344,False
field_work,Img_121.tif,pred,38,62.55444257357158,,1,81.02073116173645,True
field_work,Img_121.tif,pred,39,47.026653031934984,,1,78.5331886032537,True
field_work,Img_121.tif,pred,40,2917.431457995932,,1,98.36979093059493,True
field_work,Img_121.tif,pred,41,114.90486975493332,,1,71.50178124049857,True
field_work,Img_121.tif,pred,42,44.80843074945733,,1,88.66814229570302,True
field_work,Img_121.tif,pred,43,49.24496514699422,,1,81.32964890345893,True
field_work,Img_121.tif,pred,44,1791.0083487510565,,1,59.53295450458329,True
field_work,Img_121.tif,pred,45,154.389630560996,,1,89.96313259349965,True
field_work,Img_122.tif,gt,0,2128.7710794917075,large,1,97.502954315735,True
field_work,Img_122.tif,gt,1,104.59631658304409,small,1,92.41180073609998,True
field_work,Img_122.tif,gt,2,329.1251211201719,medium,1,91.59641939013056,True
field_work,Img_122.tif,gt,3,444.00214756188205,medium,1,99.82099570784439,True
field_work,Img_122.tif,gt,4,477.81775270416205,medium,1,93.25263687637513,True
field_work,Img_122.tif,gt,5,229.87035692277837,medium,0,0.0,False
field_work,Img_122.tif,gt,6,1730.7041870522573,large,2,98.21190269457712,True
field_work,Img_122.tif,gt,7,7260.609698227101,large,1,96.34204213431346,True
field_work,Img_122.tif,gt,8,57.96927022803796,small,0,0.0,False
field_work,Img_122.tif,gt,9,252.65008872615206,medium,0,0.0,False
field_work,Img_122.tif,pred,0,8695.506842305884,,2,77.90814780792648,True
field_work,Img_122.tif,pred,1,330.07438691542484,,1,91.5964193901306,True
field_work,Img_122.tif,pred,2,512.8575724339316,,1,93.25263687637513,True
field_work,Img_122.tif,pred,3,796.3486693840932,,1,99.82099570784439,True
field_work,Img_122.tif,pred,4,2631.2786844036164,,1,97.50295431573498,True
field_work,Img_122.tif,pred,5,2487.535918065347,,1,98.2119026945771,True
field_work,Img_122.tif,pred,6,127.770718827378,,1,92.41180073609998,True
field_work,Img_123.tif,gt,0,757.1075519369178,medium,1,94.55764190600955,True
field_work,Img_123.tif,gt,1,1227.0119527163422,large,1,99.28550316821591,True
field_work,Img_123.tif,gt,2,296.5687321177356,medium,0,0.0,False
field_work,Img_123.tif,gt,3,1081.998976123754,medium,1,94.51820298915563,True
field_work,Img_123.tif,gt,4,5147.628399901234,large,1,96.6008860455842,True
field_work,Img_123.tif,pred,0,5554.033399898079,,1,96.60088604558415,True
field_work,Img_123.tif,pred,1,1285.2493213652197,,1,99.2855031682159,True
field_work,Img_123.tif,pred,2,1149.0491172926268,,1,94.5182029891556,True
field_work,Img_123.tif,pred,3,1081.1711061742972,,1,94.55764190600952,True
field_work,Img_123.tif,pred,4,356.69317647628486,,0,0.0,False
field_work,Img_13.tif,gt,0,114.38700153348,small,1,77.81537148400125,True
field_work,Img_13.tif,gt,1,143.0447293773936,small,1,91.47490024408056,True
field_work,Img_13.tif,gt,2,626.5070040289058,medium,2,91.1028525392217,True
field_work,Img_13.tif,gt,3,644.3188771433438,medium,3,98.50905287185388,True
field_work,Img_13.tif,gt,4,772.108002809026,medium,3,94.15148519076594,True
field_work,Img_13.tif,gt,5,559.7092526924345,medium,2,91.78030855700655,True
field_work,Img_13.tif,gt,6,1287.5667554775484,large,1,97.47859693768362,True
field_work,Img_13.tif,gt,7,837.7609203101839,medium,1,95.33871155352355,True
field_work,Img_13.tif,gt,8,394.41318500467014,medium,1,92.3999276379827,True
field_work,Img_13.tif,gt,9,45.464901572869955,small,1,20.069332377013886,False
field_work,Img_13.tif,gt,10,1764.5970014179254,large,2,95.98852235509884,True
field_work,Img_13.tif,gt,11,29.234790523068003,small,0,0.0,False
field_work,Img_13.tif,gt,12,2388.720407691123,large,2,95.91962404945443,True
field_work,Img_13.tif,gt,13,79.16890146222201,small,2,91.12333787808275,True
field_work,Img_13.tif,gt,14,329.41038170929187,medium,1,89.82556864553099,True
field_work,Img_13.tif,gt,15,118.27887100754366,small,1,96.85054676511304,True
field_work,Img_13.tif,gt,16,109.64009984423572,small,1,99.99999999999999,True
field_work,Img_13.tif,gt,17,798.1593803955722,medium,1,93.87313567071305,True
field_work,Img_13.tif,gt,18,1842.3127897153984,large,1,97.22367163433097,True
field_work,Img_13.tif,gt,19,29.089653900034072,small,1,67.78002144699431,True
field_work,Img_13.tif,gt,20,223.56768380159193,medium,2,97.02466461983154,True
field_work,Img_13.tif,gt,21,126.34699376129977,small,1,92.88947777641397,True
field_work,Img_13.tif,gt,22,59.52756802881173,small,1,84.99605365104826,True
field_work,Img_13.tif,gt,23,588.4182926962592,medium,1,96.64161830384022,True
field_work,Img_13.tif,gt,24,39.47524208391381,small,1,84.84813993785203,True
field_work,Img_13.tif,pred,0,1324.2905245609581,,1,97.47859693768358,True
field_work,Img_13.tif,pred,1,621.5511685581878,,1,96.64161830384019,True
field_work,Img_13.tif,pred,2,2669.8756395112723,,2,95.08990670790273,True
field_work,Img_13.tif,pred,3,323.41950087668374,,1,89.82556864553094,True
field_work,Img_13.tif,pred,4,878.4236703787465,,1,95.33871155352361,True
field_work,Img_13.tif,pred,5,431.6697515081614,,2,84.92398488340459,True
field_work,Img_13.tif,pred,6,857.1287422183668,,1,93.87313567071303,True
field_work,Img_13.tif,pred,7,1803.87378537911,,1,95.36688159872723,True
field_work,Img_13.tif,pred,8,145.07302942080423,,1,96.85054676511304,True
field_work,Img_13.tif,pred,9,151.28392676450312,,1,92.88947777641398,True
field_work,Img_13.tif,pred,10,171.2483441294171,,1,91.4749002440805,True
field_work,Img_13.tif,pred,11,275.5054381964728,,1,97.02466461983154,True
field_work,Img_13.tif,pred,12,114.90483123916783,,1,77.81537148400126,True
field_work,Img_13.tif,pred,13,232.02806442626752,,1,11.902641087080719,False
field_work,Img_13.tif,pred,14,2176.0949418421915,,3,86.69424467535715,True
field_work,Img_13.tif,pred,15,113.57351554185152,,1,84.99605365104823,True
field_work,Img_13.tif,pred,16,86.06739538582042,,1,84.848139937852,True
field_work,Img_13.tif,pred,17,2335.36448104016,,4,72.49275398871742,True
field_work,Img_13.tif,pred,18,710.2809509941145,,2,43.05135830474284,False
field_work,Img_13.tif,pred,19,677.0071280684788,,2,46.20346576315492,False
field_work,Img_13.tif,pred,20,595.3761053818744,,2,38.34698396529734,False
field_work,Img_13.tif,pred,21,141.08033280004747,,2,3.73073250484248,False
field_work,Img_13.tif,pred,22,234.2463873210363,,0,0.0,False
field_work,Img_13.tif,pred,23,566.095471360255,,1,99.99999999999999,True
field_work,Img_14.tif,gt,0,1803.3583709327424,large,1,96.72601168643857,True
field_work,Img_14.tif,gt,1,1569.120505609358,large,1,97.6012196398018,True
field_work,Img_14.tif,gt,2,237.50360654669993,medium,2,98.05360913115312,True
field_work,Img_14.tif,gt,3,764.4190988287615,medium,1,96.29310732718156,True
field_work,Img_14.tif,gt,4,1402.2378250918696,large,1,96.5140059864157,True
field_work,Img_14.tif,gt,5,266.07442164014384,medium,0,0.0,False
field_work,Img_14.tif,gt,6,39.33475411075588,small,0,0.0,False
field_work,Img_14.tif,gt,7,158.41633338510235,small,1,69.73802315272283,True
field_work,Img_14.tif,gt,8,73.64138197140387,small,0,0.0,False
field_work,Img_14.tif,gt,9,35.170799620164104,small,1,98.70591859673716,True
field_work,Img_14.tif,gt,10,45.295419979992225,small,0,0.0,False
field_work,Img_14.tif,gt,11,273.76618425980206,medium,1,89.95288707713303,True
field_work,Img_14.tif,gt,12,45.410762866663966,small,0,0.0,False
field_work,Img_14.tif,gt,13,107.83301240977204,small,0,0.0,False
field_work,Img_14.tif,gt,14,70.16380189733219,small,0,0.0,False
field_work,Img_14.tif,gt,15,409.31027569783004,medium,0,0.0,False
field_work,Img_14.tif,gt,16,80.810311405928,small,1,75.29013187717165,True
field_work,Img_14.tif,gt,17,71.63429818272024,small,0,0.0,False
field_work,Img_14.tif,gt,18,66.30442818469612,small,0,0.0,False
field_work,Img_14.tif,gt,19,53.0396932585518,small,0,0.0,False
field_work,Img_14.tif,gt,20,99.45887838161585,small,1,71.41520356407678,True
field_work,Img_14.tif,gt,21,109.88874263416375,small,1,99.93417072540619,True
field_work,Img_14.tif,pred,0,1924.9901463838905,,1,96.72601168643857,True
field_work,Img_14.tif,pred,1,1452.5045233033743,,2,82.5391547624116,True
field_work,Img_14.tif,pred,2,1680.9836327640514,,1,97.60121963980177,True
field_work,Img_14.tif,pred,3,792.7994066853717,,1,96.29310732718153,True
field_work,Img_14.tif,pred,4,254.21033126783732,,1,89.95288707713298,True
field_work,Img_14.tif,pred,5,317.6522652373242,,1,98.02294875018059,True
field_work,Img_14.tif,pred,6,130.43276810634416,,1,69.73802315272283,True
field_work,Img_14.tif,pred,7,283.9350154076783,,2,99.63637156770085,True
field_work,Img_14.tif,pred,8,74.9765858114697,,1,71.41520356407678,True
field_work,Img_14.tif,pred,9,72.7583275961224,,1,75.29013187717165,True
field_work,Img_15.tif,gt,0,409.5809048287064,medium,4,95.91039904377438,True
field_work,Img_15.tif,gt,1,265.8992766848859,medium,4,94.05309836175087,True
field_work,Img_15.tif,gt,2,868.8993452241698,medium,1,94.66743382937673,True
field_work,Img_15.tif,gt,3,86.99080552486966,small,0,0.0,False
field_work,Img_15.tif,pred,0,864.2271520680661,,1,94.66743382937675,True
field_work,Img_15.tif,pred,1,576.7427701487904,,2,56.698503103431186,True
field_work,Img_15.tif,pred,2,332.73623856232734,,2,37.358085332669766,False
field_work,Img_15.tif,pred,3,872.6562442949507,,2,93.59871319036321,True
field_work,Img_15.tif,pred,4,468.04907700483454,,2,58.48051490384824,True
field_work,Img_16.tif,gt,0,636.655454086028,medium,5,92.05049625821734,True
field_work,Img_16.tif,gt,1,175.69047555474987,small,2,92.37698967354795,True
field_work,Img_16.tif,gt,2,26.395124498470054,small,0,0.0,False
field_work,Img_16.tif,gt,3,109.35581759543997,small,0,0.0,False
field_work,Img_16.tif,gt,4,287.06564056820014,medium,1,74.25139771366915,True
field_work,Img_16.tif,gt,5,165.74026486159997,small,1,83.74133557006755,True
field_work,Img_16.tif,gt,6,2414.234428681062,large,2,94.22570648952401,True
field_work,Img_16.tif,gt,7,5431.058596148095,large,1,97.03473811184564,True
field_work,Img_16.tif,gt,8,1585.565345386594,large,1,76.61986647337348,True
field_work,Img_16.tif,pred,0,2233.325670678938,,1,87.56137769396356,True
field_work,Img_16.tif,pred,1,5525.6395699964105,,1,97.03473811184561,True
field_work,Img_16.tif,pred,2,231.58442287797106,,1,83.74133557006755,True
field_work,Img_16.tif,pred,3,1318.5226978221326,,1,76.61986647337348,True
field_work,Img_16.tif,pred,4,186.3323066745652,,2,19.976762720606782,False
field_work,Img_16.tif,pred,5,214.2820813485887,,2,20.17796892324451,False
field_work,Img_16.tif,pred,6,270.6253786403104,,1,74.25139771366914,True
field_work,Img_16.tif,pred,7,240.0136553000193,,1,28.422171173776885,False
field_work,Img_16.tif,pred,8,233.3590576241404,,1,6.664328795560396,False
field_work,Img_16.tif,pred,9,372.2209193049639,,1,47.35265408848533,False
field_work,Img_16.tif,pred,10,635.3044226753409,,1,73.899210442211,True
field_work,Img_17.tif,gt,0,5503.56263959203,large,1,98.18251321517477,True
field_work,Img_17.tif,gt,1,666.836332366048,medium,2,86.18555890236983,True
field_work,Img_17.tif,gt,2,1836.4376343421202,large,1,99.07567945844247,True
field_work,Img_17.tif,gt,3,24157.06438541233,large,2,98.02764746076454,True
field_work,Img_17.tif,gt,4,11576.253945303457,large,2,66.10875654967168,True
field_work,Img_17.tif,gt,5,1674.1788112816523,large,1,4.79169966150617,False
field_work,Img_17.tif,pred,0,25520.424261437787,,2,69.30236641081305,True
field_work,Img_17.tif,pred,1,2065.6275361417793,,1,99.07567945844247,True
field_work,Img_17.tif,pred,2,5787.392668629356,,2,87.67256712151476,True
field_work,Img_17.tif,pred,3,603.8053381965437,,1,86.18555890236986,True
field_work,Img_17.tif,pred,4,8257.183704292522,,3,20.716614660832526,False
field_work,Img_18.tif,gt,0,6050.361608388862,large,4,98.09809829026923,True
field_work,Img_18.tif,gt,1,180.53357196084593,small,1,89.24553993345128,True
field_work,Img_18.tif,gt,2,295.680957238212,medium,2,76.77155645000309,True
field_work,Img_18.tif,gt,3,1969.1956357627319,large,1,94.36259707685994,True
field_work,Img_18.tif,gt,4,178.68849328514605,small,1,77.76409511998898,True
field_work,Img_18.tif,gt,5,236.1953182740061,medium,0,0.0,False
field_work,Img_18.tif,gt,6,644.743771529936,medium,2,94.80961644554935,True
field_work,Img_18.tif,gt,7,520.6048437402542,medium,2,43.684824989050284,False
field_work,Img_18.tif,gt,8,846.9911032629283,medium,3,85.41455674139097,True
field_work,Img_18.tif,gt,9,220.01107817730605,medium,1,10.06709600342133,False
field_work,Img_18.tif,gt,10,1505.9045744473901,large,1,90.59703998850752,True
field_work,Img_18.tif,gt,11,112.98285794629597,small,0,0.0,False
field_work,Img_18.tif,pred,0,1987.988121302813,,2,82.04538306419563,True
field_work,Img_18.tif,pred,1,1415.6816681562486,,1,90.59703998850756,True
field_work,Img_18.tif,pred,2,2717.7895773242208,,1,43.14022653454101,False
field_work,Img_18.tif,pred,3,163.26260592986364,,1,77.76409511998898,True
field_work,Img_18.tif,pred,4,3669.4152367233546,,2,52.39668126110759,True
field_work,Img_18.tif,pred,5,421.9095946659854,,1,49.79782793380975,False
field_work,Img_18.tif,pred,6,651.7193986308225,,1,92.77082262389247,True
field_work,Img_18.tif,pred,7,811.876459880219,,2,54.84109835708587,True
field_work,Img_18.tif,pred,8,283.93494230632496,,1,76.75717161121254,True
field_work,Img_18.tif,pred,9,1645.9352977139988,,4,66.62377169360347,True
field_work,Img_18.tif,pred,10,1122.4300886644323,,1,17.76711578304656,False
field_work,Img_18.tif,pred,11,515.0757974112639,,1,8.081353403388714,False
field_work,Img_19.tif,gt,0,592.7601159904839,medium,1,82.66457974022462,True
field_work,Img_19.tif,gt,1,1481.2031143059523,large,2,89.8427846769718,True
field_work,Img_19.tif,gt,2,187.48248308319393,small,1,83.47987134130445,True
field_work,Img_19.tif,gt,3,142.385443890768,small,1,74.4912404787968,True
field_work,Img_19.tif,gt,4,453.8762670839281,medium,1,75.39213432882511,True
field_work,Img_19.tif,gt,5,277.9620079118737,medium,1,69.9683945388202,True
field_work,Img_19.tif,gt,6,1690.047563439431,large,1,95.72772648494148,True
field_work,Img_19.tif,gt,7,393.22046213080796,medium,2,96.6876015948734,True
field_work,Img_19.tif,gt,8,974.8594508885972,medium,2,99.74718129423039,True
field_work,Img_19.tif,gt,9,500.0464012641498,medium,1,90.39659050248899,True
field_work,Img_19.tif,gt,10,1425.0951886777837,large,2,86.16482240899185,True
field_work,Img_19.tif,gt,11,781.061302826792,medium,3,98.83528246552102,True
field_work,Img_19.tif,gt,12,291.71768439650197,medium,2,63.596359859649034,True
field_work,Img_19.tif,gt,13,24805.145634374323,large,3,86.84285345795104,True
field_work,Img_19.tif,gt,14,3448.722184202151,large,2,95.05986390495401,True
field_work,Img_19.tif,gt,15,1109.91857543359,medium,1,15.129095079209199,False
field_work,Img_19.tif,gt,16,2964.6703222182796,large,3,99.30336223735961,True
field_work,Img_19.tif,gt,17,981.9863015620308,medium,1,94.83485352858126,True
field_work,Img_19.tif,gt,18,3167.575210047715,large,1,92.01187378914035,True
field_work,Img_19.tif,gt,19,896.4977992947346,medium,4,97.58149046623255,True
field_work,Img_19.tif,gt,20,17720.30273387207,large,2,98.85299062405176,True
field_work,Img_19.tif,pred,0,1802.0995122655295,,1,95.72772648494148,True
field_work,Img_19.tif,pred,1,505.3154528189334,,1,90.396590502489,True
field_work,Img_19.tif,pred,2,48933.07908005767,,8,86.30141134233837,True
field_work,Img_19.tif,pred,3,1555.8748464329983,,1,96.08823895864674,True
field_work,Img_19.tif,pred,4,491.1187752790829,,1,82.66457974022464,True
field_work,Img_19.tif,pred,5,1061.6502283410518,,1,94.83485352858128,True
field_work,Img_19.tif,pred,6,3100.657413629,,1,92.01187378914037,True
field_work,Img_19.tif,pred,7,212.5075638901326,,1,63.59635985964904,True
field_work,Img_19.tif,pred,8,376.65749569919717,,1,75.39213432882505,True
field_work,Img_19.tif,pred,9,201.85970454546623,,1,69.9683945388202,True
field_work,Img_19.tif,pred,10,158.38247091429366,,1,83.47987134130447,True
field_work,Img_19.tif,pred,11,1181.4355386550014,,0,0.0,False
field_work,Img_19.tif,pred,12,1184.5414068452083,,2,39.50316371346386,False
field_work,Img_19.tif,pred,13,445.8667928702889,,0,0.0,False
field_work,Img_19.tif,pred,14,670.7963025911013,,1,79.66068752704395,True
field_work,Img_19.tif,pred,15,3135.704963483615,,3,92.78467460270352,True
field_work,Img_19.tif,pred,16,402.8327360712574,,1,27.86473907740414,False
field_work,Img_19.tif,pred,17,384.6429475573823,,1,92.57266026019384,True
field_work,Img_19.tif,pred,18,108.25019122956678,,1,74.4912404787968,True
field_work,Img_19.tif,pred,19,7596.590674064667,,3,22.399730853240953,False
field_work,Img_19.tif,pred,20,951.6257882529408,,1,62.7698025935687,True
field_work,Img_19.tif,pred,21,28267.053530316552,,5,57.02704471262584,True
field_work,Img_19.tif,pred,22,464.94324744242476,,1,1.929427080381901,False
field_work,Img_2.tif,gt,0,1373.7544978572507,large,1,97.15128577635203,True
field_work,Img_2.tif,gt,1,2390.152294336898,large,1,93.8871589187598,True
field_work,Img_2.tif,gt,2,441.8873884273419,medium,0,0.0,False
field_work,Img_2.tif,gt,3,1395.0127202516958,large,0,0.0,False
field_work,Img_2.tif,gt,4,2475.563554859798,large,1,99.15936543610391,True
field_work,Img_2.tif,gt,5,2094.757072309096,large,1,95.87989832297879,True
field_work,Img_2.tif,gt,6,1341.6882011585549,large,1,98.61791280453156,True
field_work,Img_2.tif,gt,7,8240.093026755723,large,1,99.34677424407099,True
field_work,Img_2.tif,gt,8,583.7769244593774,medium,0,0.0,False
field_work,Img_2.tif,gt,9,1388.3059238974633,large,0,0.0,False
field_work,Img_2.tif,gt,10,2364.7710969172936,large,1,57.86504026241141,True
field_work,Img_2.tif,gt,11,1704.2777520261993,large,1,67.8053092412674,True
field_work,Img_2.tif,gt,12,4637.486614306858,large,2,45.949888482638016,False
field_work,Img_2.tif,gt,13,1744.9960787602204,large,1,92.97349368077903,True
field_work,Img_2.tif,pred,0,8982.993252199143,,1,99.34677424407101,True
field_work,Img_2.tif,pred,1,2738.197538712775,,1,99.15936543610387,True
field_work,Img_2.tif,pred,2,1536.7981639101927,,1,97.15128577635203,True
field_work,Img_2.tif,pred,3,2167.221783214947,,1,95.87989832297878,True
field_work,Img_2.tif,pred,4,1489.327691068378,,1,30.316869217215096,False
field_work,Img_2.tif,pred,5,2505.72565211863,,1,93.88715891875972,True
field_work,Img_2.tif,pred,6,1556.7615967087913,,1,57.865040262411426,True
field_work,Img_2.tif,pred,7,1455.167155597359,,1,98.6179128045316,True
field_work,Img_2.tif,pred,8,1698.285671164158,,1,92.97349368077901,True
field_work,Img_2.tif,pred,9,829.1788579481072,,1,15.948716552285418,False
field_work,Img_2.tif,pred,10,1211.603272401553,,1,67.80530924126738,True
field_work,Img_20.tif,gt,0,890.8946810836017,medium,1,85.68188769876922,True
field_work,Img_20.tif,gt,1,8130.415953806019,large,1,89.26825334396476,True
field_work,Img_20.tif,gt,2,3049.902832161795,large,1,99.01479260476862,True
field_work,Img_20.tif,gt,3,430.52684994927415,medium,0,0.0,False
field_work,Img_20.tif,gt,4,8028.907668182571,large,2,95.67677725191126,True
field_work,Img_20.tif,gt,5,1158.6572350861566,large,1,94.44974516282797,True
field_work,Img_20.tif,gt,6,793.6620524101093,medium,1,96.15739293145322,True
field_work,Img_20.tif,gt,7,1295.0953900823115,large,1,95.69903007037297,True
field_work,Img_20.tif,gt,8,927.2612955695181,medium,1,88.93495768239124,True
field_work,Img_20.tif,gt,9,1082.2250325743994,medium,0,0.0,False
field_work,Img_20.tif,gt,10,171.22039782049794,small,0,0.0,False
field_work,Img_20.tif,gt,11,623.685438441391,medium,1,100.0,True
field_work,Img_20.tif,pred,0,8195.072458763956,,1,89.26825334396474,True
field_work,Img_20.tif,pred,1,864.670689354185,,1,88.93495768239123,True
field_work,Img_20.tif,pred,2,7840.153479042838,,1,95.67669829752617,True
field_work,Img_20.tif,pred,3,3476.8713421726134,,1,99.01479260476866,True
field_work,Img_20.tif,pred,4,1051.0028711050618,,1,85.68188769876924,True
field_work,Img_20.tif,pred,5,1202.7305916839978,,2,11.911264372509512,False
field_work,Img_20.tif,pred,6,946.7457115163561,,1,100.0,True
field_work,Img_20.tif,pred,7,314.54677872351385,,0,0.0,False
field_work,Img_20.tif,pred,8,1392.6122458929021,,1,95.69903007037297,True
field_work,Img_20.tif,pred,9,1121.0992923123122,,1,96.1573929314532,True
field_work,Img_21.tif,gt,0,1211.167839501204,large,1,91.49995943308717,True
field_work,Img_21.tif,gt,1,436.8929539415223,medium,1,95.201457037566,True
field_work,Img_21.tif,gt,2,99.19610806643188,small,0,0.0,False
field_work,Img_21.tif,gt,3,4966.813275673314,large,1,99.41883364851559,True
field_work,Img_21.tif,pred,0,5285.878707661293,,1,99.4188336485155,True
field_work,Img_21.tif,pred,1,1204.5051003835433,,1,91.49995943308717,True
field_work,Img_21.tif,pred,2,502.20958373020403,,1,95.201457037566,True
field_work,Img_22.tif,gt,0,8797.038679062818,large,1,98.54891018875067,True
field_work,Img_22.tif,gt,1,24.76044832900591,small,1,2.921140683925273,False
field_work,Img_22.tif,gt,2,765.5816880646735,medium,1,95.34820734816701,True
field_work,Img_22.tif,gt,3,2897.025752931233,large,2,96.1646044253481,True
field_work,Img_22.tif,gt,4,11240.232129960985,large,2,99.067703862211,True
field_work,Img_22.tif,gt,5,135.94437006033,small,1,88.16508626135285,True
field_work,Img_22.tif,gt,6,12250.451452760639,large,3,98.51641949013612,True
field_work,Img_22.tif,gt,7,4202.319706374997,large,2,99.02798640828654,True
field_work,Img_22.tif,gt,8,187.46879166750793,small,2,100.00000000000003,True
field_work,Img_22.tif,gt,9,7309.965183339179,large,3,97.91724458449235,True
field_work,Img_22.tif,pred,0,12106.274897433934,,2,80.22085928781382,True
field_work,Img_22.tif,pred,1,11862.268923821255,,2,59.87488964280943,True
field_work,Img_22.tif,pred,2,3260.371408652514,,2,20.534939178419915,False
field_work,Img_22.tif,pred,3,9124.370590370061,,1,98.54891018875063,True
field_work,Img_22.tif,pred,4,821.6368407425471,,2,92.4525808808953,True
field_work,Img_22.tif,pred,5,14517.503575384319,,4,56.14220919924977,True
field_work,Img_22.tif,pred,6,152.61520293541253,,1,88.16508626135285,True
field_work,Img_22.tif,pred,7,24897.09995648762,,4,98.22510642886208,True
field_work,Img_23.tif,gt,0,959.7766552552359,medium,1,95.28174843246339,True
field_work,Img_23.tif,gt,1,419.7593134380879,medium,1,96.68135564881337,True
field_work,Img_23.tif,gt,2,508.23509408607,medium,1,99.14951160559362,True
field_work,Img_23.tif,gt,3,190.41570177801603,small,3,89.93974605190691,True
field_work,Img_23.tif,gt,4,255.6650273652281,medium,1,92.43506517151808,True
field_work,Img_23.tif,gt,5,224.85379417319004,medium,2,68.70692140329709,True
field_work,Img_23.tif,gt,6,1268.866759523065,large,4,94.09065757602546,True
field_work,Img_23.tif,gt,7,1232.5954112649576,large,4,95.70335831497708,True
field_work,Img_23.tif,gt,8,1484.9203571639835,large,3,94.4154374391082,True
field_work,Img_23.tif,gt,9,2002.6851630989056,large,1,93.08998109897638,True
field_work,Img_23.tif,gt,10,2762.625807609045,large,3,96.14797724387529,True
field_work,Img_23.tif,gt,11,515.4350806553259,medium,2,90.94918240105011,True
field_work,Img_23.tif,gt,12,2538.4049163260584,large,1,95.31979954861052,True
field_work,Img_23.tif,gt,13,499.10708992960406,medium,2,90.17100359559672,True
field_work,Img_23.tif,gt,14,1450.4170185693747,large,1,94.95423746211877,True
field_work,Img_23.tif,gt,15,154.18373339392411,small,1,85.39931235096938,True
field_work,Img_23.tif,gt,16,764.2230430793142,medium,2,95.76435622559691,True
field_work,Img_23.tif,gt,17,1073.5050278555982,medium,3,89.07842577901128,True
field_work,Img_23.tif,gt,18,969.7780993732263,medium,3,79.30644530919272,True
field_work,Img_23.tif,gt,19,2390.3618380317785,large,2,66.46536432896262,True
field_work,Img_23.tif,gt,20,6276.16879606361,large,2,97.9158932579871,True
field_work,Img_23.tif,gt,21,135.67295243764605,small,0,0.0,False
field_work,Img_23.tif,gt,22,163.59896131009597,small,1,6.506904112737794,False
field_work,Img_23.tif,gt,23,665.0258045512642,medium,1,89.63247119661052,True
field_work,Img_23.tif,gt,24,903.677153067364,medium,1,98.33604794467966,True
field_work,Img_23.tif,gt,25,53.13421214503999,small,0,0.0,False
field_work,Img_23.tif,gt,26,326.649312399774,medium,0,0.0,False
field_work,Img_23.tif,gt,27,188.92375225372996,small,0,0.0,False
field_work,Img_23.tif,gt,28,80.46020827725398,small,0,0.0,False
field_work,Img_23.tif,gt,29,103.76487322427192,small,1,93.66298908135995,True
field_work,Img_23.tif,gt,30,3618.348846806903,large,2,95.63279127127124,True
field_work,Img_23.tif,gt,31,864.207315960716,medium,1,89.8013319956765,True
field_work,Img_23.tif,gt,32,547.5308368942351,medium,1,97.92594951588612,True
field_work,Img_23.tif,gt,33,172.85338924484807,small,2,82.53823469213008,True
field_work,Img_23.tif,gt,34,1334.0432104522904,large,0,0.0,False
field_work,Img_23.tif,pred,0,1118.8810592500377,,1,95.28174843246342,True
field_work,Img_23.tif,pred,1,1975.5657193467487,,1,93.08998109897637,True
field_work,Img_23.tif,pred,2,3627.7122935546795,,1,95.63279127127122,True
field_work,Img_23.tif,pred,3,2579.8152115308912,,2,80.50109317236233,True
field_work,Img_23.tif,pred,4,809.6581543902867,,1,89.80133199567652,True
field_work,Img_23.tif,pred,5,1503.524125386146,,1,94.95423746211877,True
field_work,Img_23.tif,pred,6,636.6355227743043,,1,99.14951160559362,True
field_work,Img_23.tif,pred,7,809.6580789307482,,1,95.76435622559684,True
field_work,Img_23.tif,pred,8,584.7285478747799,,1,96.68135564881337,True
field_work,Img_23.tif,pred,9,155.7205128155765,,1,85.39931235096937,True
field_work,Img_23.tif,pred,10,525.2796402125387,,1,90.17100359559672,True
field_work,Img_23.tif,pred,11,108.25009746667638,,1,93.66298908135995,True
field_work,Img_23.tif,pred,12,748.8783365128438,,1,66.71343394110679,True
field_work,Img_23.tif,pred,13,8292.674425253903,,4,74.51025504144934,True
field_work,Img_23.tif,pred,14,643.7334955881815,,1,97.92594951588612,True
field_work,Img_23.tif,pred,15,663.2542144175604,,1,89.63247119661048,True
field_work,Img_23.tif,pred,16,811.8764117074461,,1,79.22068046343173,True
field_work,Img_23.tif,pred,17,3446.70354644116,,3,45.111457741719555,False
field_work,Img_23.tif,pred,18,286.1531859239549,,1,92.43506517151808,True
field_work,Img_23.tif,pred,19,178.79028587561334,,2,37.20592691334307,False
field_work,Img_23.tif,pred,20,4407.6461558119045,,4,92.74029137909278,True
field_work,Img_23.tif,pred,21,1062.0940515196908,,2,84.25988494756803,True
field_work,Img_23.tif,pred,22,178.34637623291928,,1,85.90713245735546,True
field_work,Img_23.tif,pred,23,255.5413711788715,,1,22.288436266177257,False
field_work,Img_23.tif,pred,24,1674.7725557551603,,1,55.51168566173913,True
field_work,Img_23.tif,pred,25,1271.0521405376494,,2,47.59768657597345,False
field_work,Img_23.tif,pred,26,315.4339692921494,,2,69.03195156991018,True
field_work,Img_23.tif,pred,27,2333.1466791752027,,3,53.06320854459259,True
field_work,Img_23.tif,pred,28,1049.6718988493049,,2,49.29485861383086,False
field_work,Img_23.tif,pred,29,2739.083595480304,,4,59.504892404805034,True
field_work,Img_23.tif,pred,30,1406.3648136877455,,2,37.73631620961991,False
field_work,Img_23.tif,pred,31,893.5077533003641,,2,9.601118901605357,False
field_work,Img_24.tif,gt,0,75.54974053795996,small,1,85.74730219083199,True
field_work,Img_24.tif,gt,1,125.45632508260809,small,1,92.27075486542262,True
field_work,Img_24.tif,gt,2,19.73490243545606,small,0,0.0,False
field_work,Img_24.tif,pred,0,86.51146672689356,,1,85.747302190832,True
field_work,Img_24.tif,pred,1,175.68474916781997,,1,92.27075486542259,True
field_work,Img_25.tif,gt,0,227.31968384351205,medium,1,97.06749437111019,True
field_work,Img_25.tif,gt,1,57.695046028100094,small,1,80.99836982391328,True
field_work,Img_25.tif,gt,2,585.0894068723335,medium,1,97.45664061473815,True
field_work,Img_25.tif,gt,3,74.10913120156017,small,2,82.0184970802008,True
field_work,Img_25.tif,gt,4,141.9304058103881,small,1,99.02575629739731,True
field_work,Img_25.tif,gt,5,65.60985861679592,small,1,88.50084892493743,True
field_work,Img_25.tif,pred,0,692.534655298572,,1,97.45664061473818,True
field_work,Img_25.tif,pred,1,279.9423858243972,,3,73.44920314369134,True
field_work,Img_25.tif,pred,2,305.23024057853036,,1,97.06749437111021,True
field_work,Img_25.tif,pred,3,59.892576553393155,,1,80.99836982391328,True
field_work,Img_25.tif,pred,4,72.31454371917062,,1,76.22490039292803,True
field_work,Img_26.tif,gt,0,870.9260997764485,medium,1,97.8216981324745,True
field_work,Img_26.tif,gt,1,91.61482896524531,small,0,0.0,False
field_work,Img_26.tif,pred,0,951.9779583364816,,1,97.82169813247448,True
field_work,Img_27.tif,gt,0,3429.8659636168263,large,1,97.92629476068424,True
field_work,Img_27.tif,gt,1,333.25679645412833,medium,1,97.99359760735277,True
field_work,Img_27.tif,gt,2,44.5755630319355,small,0,0.0,False
field_work,Img_27.tif,gt,3,2017.4011844244287,large,1,94.88949156566487,True
field_work,Img_27.tif,gt,4,219.02489126484747,medium,1,70.30723161677166,True
field_work,Img_27.tif,gt,5,170.33813066695842,small,0,0.0,False
field_work,Img_27.tif,gt,6,166.3333302811686,small,0,0.0,False
field_work,Img_27.tif,gt,7,95.50416126487636,small,1,91.68243990402004,True
field_work,Img_27.tif,gt,8,552.3148545180813,medium,2,74.83284580849721,True
field_work,Img_27.tif,gt,9,283.7765995873297,medium,1,72.83589810857812,True
field_work,Img_27.tif,gt,10,1065.3949994033537,medium,2,94.73698217969327,True
field_work,Img_27.tif,pred,0,2021.8493365937175,,1,94.88949156566484,True
field_work,Img_27.tif,pred,1,492.7678706791339,,1,97.99359760735278,True
field_work,Img_27.tif,pred,2,326.74567432717595,,1,54.128831730622586,True
field_work,Img_27.tif,pred,3,1040.2875677834381,,1,92.7314361728696,True
field_work,Img_27.tif,pred,4,3631.292408326408,,2,75.3823616996998,True
field_work,Img_27.tif,pred,5,624.3493655324564,,1,72.83589810857812,True
field_work,Img_27.tif,pred,6,172.20380312699126,,1,70.30723161677166,True
field_work,Img_27.tif,pred,7,98.02372152161843,,1,91.68243990402004,True
field_work,Img_27.tif,pred,8,121.42575118994864,,1,20.70401407787463,False
field_work,Img_28.tif,gt,0,378.8305168883695,medium,1,92.77227096077999,True
field_work,Img_28.tif,gt,1,140.68464965989884,small,1,75.65203717686933,True
field_work,Img_28.tif,gt,2,444.14477446782524,medium,1,91.63586800046055,True
field_work,Img_28.tif,gt,3,237.31343032009246,medium,1,88.55861214646376,True
field_work,Img_28.tif,gt,4,280.9082264520592,medium,1,76.85889993945038,True
field_work,Img_28.tif,pred,0,388.5624970123172,,1,92.77227096077999,True
field_work,Img_28.tif,pred,1,232.2544113348995,,1,88.55861214646374,True
field_work,Img_28.tif,pred,2,440.66509783879155,,1,91.63586800046053,True
field_work,Img_28.tif,pred,3,227.3973378216615,,1,76.8588999394504,True
field_work,Img_28.tif,pred,4,117.45192774711177,,1,75.65203717686934,True
field_work,Img_29.tif,gt,0,2644.4484639962748,large,1,97.62804661303183,True
field_work,Img_29.tif,gt,1,2331.0864993299087,large,1,98.16394589544777,True
field_work,Img_29.tif,pred,0,2840.479660264129,,1,97.6280466130319,True
field_work,Img_29.tif,pred,1,2371.114278947076,,1,98.16394589544774,True
field_work,Img_29.tif,pred,2,330.27801993550383,,0,0.0,False
field_work,Img_3.tif,gt,0,1490.3878692616931,large,1,94.9102231737465,True
field_work,Img_3.tif,gt,1,1785.4923456329977,large,1,98.78841196836302,True
field_work,Img_3.tif,gt,2,1947.730600582259,large,1,8.156174113844383,False
field_work,Img_3.tif,gt,3,2611.02172793423,large,1,98.96858944102162,True
field_work,Img_3.tif,gt,4,316.2673167175074,medium,0,0.0,False
field_work,Img_3.tif,gt,5,111.74009201633228,small,0,0.0,False
field_work,Img_3.tif,gt,6,91.063323207662,small,0,0.0,False
field_work,Img_3.tif,gt,7,77.38497911260998,small,0,0.0,False
field_work,Img_3.tif,gt,8,4655.9237741196475,large,3,94.30553951030275,True
field_work,Img_3.tif,gt,9,723.1265893790663,medium,5,99.95610903420668,True
field_work,Img_3.tif,gt,10,2379.589371307255,large,5,98.97668270329902,True
field_work,Img_3.tif,gt,11,1581.7713755574905,large,1,98.75726753482404,True
field_work,Img_3.tif,gt,12,513.7201555466761,medium,2,48.250584233633575,False
field_work,Img_3.tif,gt,13,5930.376530256308,large,1,88.02910248993341,True
field_work,Img_3.tif,gt,14,180.794020019314,small,0,0.0,False
field_work,Img_3.tif,gt,15,1755.5448747638368,large,1,98.7580499753618,True
field_work,Img_3.tif,gt,16,1382.9553468607764,large,1,99.4273655011221,True
field_work,Img_3.tif,gt,17,2063.5506634402914,large,1,96.60656550614108,True
field_work,Img_3.tif,gt,18,948.295729568356,medium,0,0.0,False
field_work,Img_3.tif,gt,19,215.90098289767806,medium,0,0.0,False
field_work,Img_3.tif,gt,20,2089.24338558624,large,1,96.14274586439812,True
field_work,Img_3.tif,gt,21,1212.7639794172758,large,2,4.272542820202202,False
field_work,Img_3.tif,pred,0,2219.128864116821,,1,96.6065655061411,True
field_work,Img_3.tif,pred,1,1961.3692526890663,,1,98.75804997536183,True
field_work,Img_3.tif,pred,2,1916.5606458666734,,1,98.75726753482404,True
field_work,Img_3.tif,pred,3,7895.609080119175,,3,85.90794488641545,True
field_work,Img_3.tif,pred,4,5743.913293385878,,4,62.781122867364466,True
field_work,Img_3.tif,pred,5,892.1769316827413,,2,22.63249539089078,False
field_work,Img_3.tif,pred,6,2314.0696570849395,,1,96.14274586439808,True
field_work,Img_3.tif,pred,7,7383.639930646634,,4,72.14051227877147,True
field_work,Img_3.tif,pred,8,3091.7850905575615,,2,60.16891191980645,True
field_work,Img_3.tif,pred,9,1566.9664986378048,,2,40.95260729288729,False
field_work,Img_3.tif,pred,10,1732.4468309733056,,1,99.42736550112217,True
field_work,Img_3.tif,pred,11,5094.859447060619,,4,47.59867625005963,False
field_work,Img_3.tif,pred,12,2325.1612967127003,,1,98.78841196836306,True
field_work,Img_30.tif,gt,0,747.979270661688,medium,1,99.67574986827586,True
field_work,Img_30.tif,pred,0,932.1082393248798,,1,99.67574986827583,True
field_work,Img_31.tif,gt,0,303.6800072965623,medium,1,87.50817132937473,True
field_work,Img_31.tif,pred,0,337.6163246752167,,1,87.50817132937476,True
field_work,Img_32.tif,gt,0,166.3863451786639,small,1,97.4754482974436,True
field_work,Img_32.tif,gt,1,405.84188052634204,medium,1,96.78411900960664,True
field_work,Img_32.tif,gt,2,36.10085273722193,small,1,68.22313442971392,True
field_work,Img_32.tif,pred,0,495.5551890761344,,2,94.4510658315745,True
field_work,Img_32.tif,pred,1,215.16941733384738,,1,97.4754482974436,True
field_work,Img_33.tif,gt,0,640.3561578719501,medium,1,98.19527768927789,True
field_work,Img_33.tif,gt,1,17.73510599133002,small,0,0.0,False
field_work,Img_33.tif,gt,2,32.48962886449805,small,0,0.0,False
field_work,Img_33.tif,gt,3,67.50069691819994,small,1,73.90696029890323,True
field_work,Img_33.tif,gt,4,33.74996220081204,small,1,71.97556737445234,True
field_work,Img_33.tif,gt,5,34.500397297651965,small,0,0.0,False
field_work,Img_33.tif,gt,6,93.82000995476196,small,1,57.50854636469609,True
field_work,Img_33.tif,gt,7,150.49404752582217,small,1,93.95850446465656,True
field_work,Img_33.tif,gt,8,28.340240076953947,small,1,85.65501309004877,True
field_work,Img_33.tif,gt,9,84.49912755102004,small,0,0.0,False
field_work,Img_33.tif,pred,0,787.0321728429117,,1,98.19527768927799,True
field_work,Img_33.tif,pred,1,65.21630140714115,,1,57.5085463646961,True
field_work,Img_33.tif,pred,2,195.2052034398148,,1,93.95850446465653,True
field_work,Img_33.tif,pred,3,35.048203838057816,,1,71.97556737445235,True
field_work,Img_33.tif,pred,4,32.38631625808193,,1,85.65501309004877,True
field_work,Img_33.tif,pred,5,77.19481617881684,,1,73.90696029890323,True
field_work,Img_34.tif,gt,0,356.70133452980053,medium,0,0.0,False
field_work,Img_34.tif,gt,1,1032.7602310179698,medium,1,98.34354079982796,True
field_work,Img_34.tif,gt,2,322.93010637115816,medium,1,92.4888393651218,True
field_work,Img_34.tif,gt,3,104.28487472821602,small,0,0.0,False
field_work,Img_34.tif,gt,4,90.00600640023178,small,0,0.0,False
field_work,Img_34.tif,gt,5,123.70151773595191,small,1,89.10482008564044,True
field_work,Img_34.tif,gt,6,431.21399816609414,medium,1,92.98831980578916,True
field_work,Img_34.tif,gt,7,60.08449920556213,small,0,0.0,False
field_work,Img_34.tif,gt,8,159.46939557460615,small,1,85.3720718569943,True
field_work,Img_34.tif,gt,9,3624.1224291589965,large,1,98.98842091365992,True
field_work,Img_34.tif,gt,10,121.05237225686807,small,0,0.0,False
field_work,Img_34.tif,gt,11,112.08132361371403,small,1,82.775313565254,True
field_work,Img_34.tif,gt,12,383.667579919572,medium,1,87.21970567943657,True
field_work,Img_34.tif,gt,13,60.12899956934018,small,0,0.0,False
field_work,Img_34.tif,gt,14,124.25411670079215,small,0,0.0,False
field_work,Img_34.tif,gt,15,496.6342725713979,medium,1,89.53039179025927,True
field_work,Img_34.tif,gt,16,136.43244834374974,small,0,0.0,False
field_work,Img_34.tif,gt,17,2471.9963550179286,large,2,92.7572595821685,True
field_work,Img_34.tif,gt,18,847.51221418968,medium,1,93.98793686400437,True
field_work,Img_34.tif,gt,19,594.6669171858741,medium,1,93.03595082794575,True
field_work,Img_34.tif,gt,20,282.83133030006405,medium,0,0.0,False
field_work,Img_34.tif,gt,21,176.9035879595416,small,0,0.0,False
field_work,Img_34.tif,gt,22,724.6654213596472,medium,1,89.02619801127484,True
field_work,Img_34.tif,gt,23,418.12461651508585,medium,1,79.32964511815871,True
field_work,Img_34.tif,gt,24,614.3211389229714,medium,1,84.914095662348,True
field_work,Img_34.tif,gt,25,731.3908206575879,medium,1,81.5569434429966,True
field_work,Img_34.tif,gt,26,254.6306887181726,medium,1,89.41262970483098,True
field_work,Img_34.tif,gt,27,32.72520862163799,small,0,0.0,False
field_work,Img_34.tif,gt,28,125.30526992139006,small,0,0.0,False
field_work,Img_34.tif,gt,29,116.52489437295189,small,0,0.0,False
field_work,Img_34.tif,gt,30,335.97141191650394,medium,1,94.54578802123366,True
field_work,Img_34.tif,gt,31,290.5547003441415,medium,1,92.21531493776362,True
field_work,Img_34.tif,pred,0,3961.7794705168635,,1,98.98842091365991,True
field_work,Img_34.tif,pred,1,1066.5306032099295,,1,98.34354079982796,True
field_work,Img_34.tif,pred,2,506.2027672443801,,1,92.98831980578915,True
field_work,Img_34.tif,pred,3,494.66816121712327,,1,89.53039179025922,True
field_work,Img_34.tif,pred,4,390.41050968194395,,1,87.21970567943659,True
field_work,Img_34.tif,pred,5,377.100926758023,,1,92.21531493776362,True
field_work,Img_34.tif,pred,6,170.80447401315905,,1,85.3720718569943,True
field_work,Img_34.tif,pred,7,916.5777289331891,,2,24.53676639504754,False
field_work,Img_34.tif,pred,8,3352.206715218723,,2,92.35647425497659,True
field_work,Img_34.tif,pred,9,525.2795629563043,,1,84.91409566234799,True
field_work,Img_34.tif,pred,10,96.7152628150543,,1,82.77531356525398,True
field_work,Img_34.tif,pred,11,340.21750209922357,,1,89.41262970483098,True
field_work,Img_34.tif,pred,12,417.91677205461747,,1,92.48883936512179,True
field_work,Img_34.tif,pred,13,673.9017009563977,,1,81.55694344299657,True
field_work,Img_34.tif,pred,14,373.1078726029955,,1,79.32964511815874,True
field_work,Img_34.tif,pred,15,135.3127881361288,,1,89.10482008564044,True
field_work,Img_34.tif,pred,16,814.0947426878847,,1,89.02619801127484,True
field_work,Img_34.tif,pred,17,459.17586447752547,,1,94.54578802123363,True
field_work,Img_35.tif,gt,0,975.815431330482,medium,1,98.5304957896432,True
field_work,Img_35.tif,gt,1,244.04135130356948,medium,1,82.75895526654686,True
field_work,Img_35.tif,gt,2,1871.099818351327,large,1,98.52093295580761,True
field_work,Img_35.tif,gt,3,1649.098497519529,large,1,95.72559503146702,True
field_work,Img_35.tif,pred,0,1778.556224638014,,1,95.72559503146707,True
field_work,Img_35.tif,pred,1,2050.9915130984837,,1,98.52093295580768,True
field_work,Img_35.tif,pred,2,1150.6746528560761,,1,98.53049578964323,True
field_work,Img_35.tif,pred,3,264.0458216442712,,1,82.75895526654689,True
field_work,Img_36.tif,gt,0,344.6145629057296,medium,1,94.3137894496258,True
field_work,Img_36.tif,gt,1,781.3029855378435,medium,1,92.20685619982525,True
field_work,Img_36.tif,pred,0,409.75677230711153,,1,94.31378944962577,True
field_work,Img_36.tif,pred,1,761.6707374383468,,1,92.20685619982525,True
field_work,Img_37.tif,gt,0,1133.6346135254212,medium,1,97.27842361634833,True
field_work,Img_37.tif,pred,0,1193.504342517117,,1,97.27842361634835,True
field_work,Img_38.tif,gt,0,781.5720374627804,medium,1,93.48911024422729,True
field_work,Img_38.tif,pred,0,915.3294898053864,,1,93.48911024422725,True
field_work,Img_39.tif,gt,0,645.7709233194953,medium,2,97.12709884577473,True
field_work,Img_39.tif,gt,1,837.5417660868961,medium,1,74.27359833597025,True
field_work,Img_39.tif,gt,2,312.0509889978,medium,0,0.0,False
field_work,Img_39.tif,gt,3,399.77496980769405,medium,1,92.05326528635,True
field_work,Img_39.tif,gt,4,107.824055011608,small,0,0.0,False
field_work,Img_39.tif,gt,5,138.68664943034196,small,1,97.11560764218262,True
field_work,Img_39.tif,gt,6,227.02046033107976,medium,1,84.76448843599893,True
field_work,Img_39.tif,gt,7,295.045189931856,medium,1,88.61878874229826,True
field_work,Img_39.tif,gt,8,893.029147735036,medium,1,86.96043708133416,True
field_work,Img_39.tif,gt,9,130.60504500713802,small,1,78.82553115876524,True
field_work,Img_39.tif,gt,10,198.24509401671006,medium,1,93.78703719320832,True
field_work,Img_39.tif,gt,11,195.09200749069194,small,1,92.24797969418732,True
field_work,Img_39.tif,gt,12,204.26524458943223,medium,1,75.69774145596523,True
field_work,Img_39.tif,gt,13,209.58669656732604,medium,1,87.88102259419787,True
field_work,Img_39.tif,gt,14,234.44945448982193,medium,1,86.13993864411722,True
field_work,Img_39.tif,gt,15,1636.139015039622,large,2,91.3217483862209,True
field_work,Img_39.tif,gt,16,227.9900737566918,medium,1,91.93187310534783,True
field_work,Img_39.tif,gt,17,388.6794970146399,medium,1,87.50039770973987,True
field_work,Img_39.tif,gt,18,371.23899163166385,medium,0,0.0,False
field_work,Img_39.tif,gt,19,94.5850079019301,small,1,98.74897427139418,True
field_work,Img_39.tif,gt,20,103.54500817447773,small,0,0.0,False
field_work,Img_39.tif,gt,21,152.24178490518474,small,1,97.44642399521705,True
field_work,Img_39.tif,gt,22,263.6108982297441,medium,3,99.33843537023203,True
field_work,Img_39.tif,gt,23,658.8411659293891,medium,2,99.20317118683973,True
field_work,Img_39.tif,gt,24,59.60975467805806,small,1,0.6983423064416454,False
field_work,Img_39.tif,gt,25,2792.3749725032217,large,2,100.00000000000003,True
field_work,Img_39.tif,gt,26,1376.237249955491,large,2,97.91478498885229,True
field_work,Img_39.tif,gt,27,205.61077868762595,medium,1,93.48262997669977,True
field_work,Img_39.tif,gt,28,394.91927928466,medium,3,98.4171833132263,True
field_work,Img_39.tif,gt,29,601.3272824554323,medium,2,94.5375626101516,True
field_work,Img_39.tif,gt,30,4184.308838781604,large,3,98.3550754895766,True
field_work,Img_39.tif,gt,31,183.64687516692382,small,1,81.8428709712185,True
field_work,Img_39.tif,gt,32,257.0168948584121,medium,1,90.7585053914261,True
field_work,Img_39.tif,gt,33,1054.344804937008,medium,1,97.51527755327561,True
field_work,Img_39.tif,gt,34,5593.5924059405515,large,1,94.6484571641025,True
field_work,Img_39.tif,gt,35,99.3792801478621,small,1,98.49653893257918,True
field_work,Img_39.tif,gt,36,763.3987730989356,medium,1,95.4602225274635,True
field_work,Img_39.tif,gt,37,164.4083783185219,small,0,0.0,False
field_work,Img_39.tif,gt,38,896.5440873868183,medium,1,95.62800809543128,True
field_work,Img_39.tif,gt,39,108.37503420203183,small,0,0.0,False
field_work,Img_39.tif,pred,0,5612.594423595816,,1,94.64845716410248,True
field_work,Img_39.tif,pred,1,5696.000818947796,,4,82.08661137932268,True
field_work,Img_39.tif,pred,2,1128.1975705574732,,1,97.51527755327561,True
field_work,Img_39.tif,pred,3,315.87758967341506,,1,88.61878874229826,True
field_work,Img_39.tif,pred,4,1057.2140981908888,,2,95.80996130153872,True
field_work,Img_39.tif,pred,5,163.70618858165108,,1,81.84287097121853,True
field_work,Img_39.tif,pred,6,468.0489620184526,,1,98.4171833132263,True
field_work,Img_39.tif,pred,7,148.62222244299483,,1,98.74897427139415,True
field_work,Img_39.tif,pred,8,247.55578030495963,,1,93.78703719320833,True
field_work,Img_39.tif,pred,9,216.94395455531776,,1,97.44642399521702,True
field_work,Img_39.tif,pred,10,271.51277032203507,,1,90.75850539142608,True
field_work,Img_39.tif,pred,11,606.0235939978122,,1,92.05326528634995,True
field_work,Img_39.tif,pred,12,1001.7580272884225,,1,95.62800809543131,True
field_work,Img_39.tif,pred,13,169.91738416953012,,1,75.69774145596527,True
field_work,Img_39.tif,pred,14,131.3199346447882,,1,78.82553115876523,True
field_work,Img_39.tif,pred,15,224.04241257822287,,1,86.13993864411721,True
field_work,Img_39.tif,pred,16,1283.9187503809517,,1,71.3006615008965,True
field_work,Img_39.tif,pred,17,6187.120189593872,,7,48.45918271737421,False
field_work,Img_39.tif,pred,18,269.7382959833485,,1,92.2479796941873,True
field_work,Img_39.tif,pred,19,960.054247496184,,3,65.23290987011747,True
field_work,Img_39.tif,pred,20,926.7813444576459,,1,86.96043708133423,True
field_work,Img_39.tif,pred,21,262.63966974866344,,1,91.93187310534783,True
field_work,Img_39.tif,pred,22,208.9584103944362,,1,87.88102259419787,True
field_work,Img_39.tif,pred,23,311.88472775998525,,1,92.99079519812756,True
field_work,Img_39.tif,pred,24,4275.439017573604,,3,45.027972315104684,False
field_work,Img_39.tif,pred,25,575.4121802998125,,1,26.711905737402926,False
field_work,Img_39.tif,pred,26,1588.2613046264742,,2,83.28371033447944,True
field_work,Img_39.tif,pred,27,368.22814329432003,,1,87.50039770973989,True
field_work,Img_39.tif,pred,28,241.34475539898267,,1,84.76448843599894,True
field_work,Img_39.tif,pred,29,236.46451168583008,,1,97.1156076421826,True
field_work,Img_39.tif,pred,30,644.1773321295004,,1,74.27359833597025,True
field_work,Img_4.tif,gt,0,183.47910278123396,small,2,99.9316363174058,True
field_work,Img_4.tif,gt,1,49.548357297322006,small,0,0.0,False
field_work,Img_4.tif,gt,2,209.9965604001454,medium,0,0.0,False
field_work,Img_4.tif,gt,3,58.94523716031605,small,1,99.9999999998963,True
field_work,Img_4.tif,gt,4,241.09507576133188,medium,0,0.0,False
field_work,Img_4.tif,gt,5,75.489673023778,small,1,93.1139762896952,True
field_work,Img_4.tif,gt,6,100.59078197825802,small,1,87.46859178486082,True
field_work,Img_4.tif,gt,7,930.2071469643157,medium,1,83.10541257971767,True
field_work,Img_4.tif,gt,8,74.16132884575991,small,1,48.37314995694568,False
field_work,Img_4.tif,gt,9,38.95401612122802,small,1,88.5769916303398,True
field_work,Img_4.tif,gt,10,107.36972775773398,small,1,97.2974033542259,True
field_work,Img_4.tif,gt,11,1432.6145376789477,large,1,92.5594433959558,True
field_work,Img_4.tif,gt,12,669.8481294472243,medium,3,87.62814927798574,True
field_work,Img_4.tif,gt,13,1597.8439453592453,large,4,94.79485239564869,True
field_work,Img_4.tif,gt,14,260.10564470344997,medium,1,80.75040131452457,True
field_work,Img_4.tif,gt,15,1833.348146783686,large,2,89.77951160602223,True
field_work,Img_4.tif,gt,16,443.23279372522796,medium,5,94.0016403572701,True
field_work,Img_4.tif,gt,17,1434.3573074030203,large,3,88.9263008448732,True
field_work,Img_4.tif,gt,18,618.9491322534519,medium,3,93.94967376449284,True
field_work,Img_4.tif,gt,19,2540.3826106088027,large,5,88.80547641012244,True
field_work,Img_4.tif,gt,20,176.13352258319995,small,1,70.69184324217431,True
field_work,Img_4.tif,gt,21,83.41071074674004,small,1,2.127531714571559,False
field_work,Img_4.tif,gt,22,557.479948648324,medium,1,88.34765276441485,True
field_work,Img_4.tif,gt,23,173.03887595196798,small,0,0.0,False
field_work,Img_4.tif,gt,24,477.81951860916007,medium,1,96.06800887694922,True
field_work,Img_4.tif,gt,25,1791.9153190263519,large,3,85.20096219748021,True
field_work,Img_4.tif,gt,26,3146.1727509920747,large,2,44.82350025224701,False
field_work,Img_4.tif,gt,27,113.38983418461393,small,1,84.6895994249649,True
field_work,Img_4.tif,gt,28,965.9546453278801,medium,1,94.16379670875715,True
field_work,Img_4.tif,gt,29,24.884361357102048,small,1,3.8036395006188743,False
field_work,Img_4.tif,gt,30,31.92193173642198,small,1,90.50094283820621,True
field_work,Img_4.tif,gt,31,26.504613389747973,small,1,37.223857991715704,False
field_work,Img_4.tif,gt,32,95.04820476150994,small,1,79.29684689637045,True
field_work,Img_4.tif,gt,33,72.04516053885804,small,1,72.51260248878182,True
field_work,Img_4.tif,gt,34,829.3576512387142,medium,1,89.94217399919927,True
field_work,Img_4.tif,gt,35,629.2633852496939,medium,2,82.91089331123402,True
field_work,Img_4.tif,gt,36,44.55010701323001,small,0,0.0,False
field_work,Img_4.tif,gt,37,417.92982024151775,medium,2,23.425460177545787,False
field_work,Img_4.tif,gt,38,2254.5542899141346,large,2,90.25162875132398,True
field_work,Img_4.tif,gt,39,1456.5031698859716,large,3,94.77408707373358,True
field_work,Img_4.tif,gt,40,631.0793721007883,medium,2,96.31253720286527,True
field_work,Img_4.tif,gt,41,2400.458937916493,large,1,84.83698789292265,True
field_work,Img_4.tif,gt,42,23.359172082012023,small,0,0.0,False
field_work,Img_4.tif,gt,43,59.29534071689808,small,0,0.0,False
field_work,Img_4.tif,gt,44,249.85665573614224,medium,0,0.0,False
field_work,Img_4.tif,gt,45,1657.1182864197256,large,1,94.34857656948937,True
field_work,Img_4.tif,gt,46,618.9027997302543,medium,0,0.0,False
field_work,Img_4.tif,gt,47,382.442671374946,medium,0,0.0,False
field_work,Img_4.tif,gt,48,208.31905563214195,medium,0,0.0,False
field_work,Img_4.tif,gt,49,221.02827811050972,medium,1,98.1975997676875,True
field_work,Img_4.tif,gt,50,240.76813515006194,medium,0,0.0,False
field_work,Img_4.tif,gt,51,102.83276850230772,small,1,86.88548658986008,True
field_work,Img_4.tif,gt,52,77.38377112832599,small,0,0.0,False
field_work,Img_4.tif,gt,53,109.57409924299802,small,0,0.0,False
field_work,Img_4.tif,gt,54,675.1629403642771,medium,1,91.5641810626983,True
field_work,Img_4.tif,gt,55,73.27163765157614,small,1,99.00218883632952,True
field_work,Img_4.tif,gt,56,368.43671827632807,medium,0,0.0,False
field_work,Img_4.tif,gt,57,88.31501297361596,small,0,0.0,False
field_work,Img_4.tif,gt,58,1547.2873222058984,large,1,90.93194893823755,True
field_work,Img_4.tif,gt,59,121.34035569591038,small,1,95.30158474796077,True
field_work,Img_4.tif,gt,60,105.30109282651433,small,1,95.47754527410068,True
field_work,Img_4.tif,pred,0,1356.6766193810254,,2,63.54661740296721,True
field_work,Img_4.tif,pred,1,974.6954987669887,,2,91.89445245698533,True
field_work,Img_4.tif,pred,2,1472.9121253612684,,1,90.9319489382375,True
field_work,Img_4.tif,pred,3,554.5604417716313,,1,88.34765276441483,True
field_work,Img_4.tif,pred,4,2366.8638363085956,,2,94.4197418943551,True
field_work,Img_4.tif,pred,5,291.9208925112616,,1,98.19759976768749,True
field_work,Img_4.tif,pred,6,1660.1319588594733,,3,55.278155179635846,True
field_work,Img_4.tif,pred,7,695.1969129890203,,1,91.56418106269827,True
field_work,Img_4.tif,pred,8,110.46849806699902,,1,84.68959942496488,True
field_work,Img_4.tif,pred,9,827.4040620083106,,1,89.9421739991993,True
field_work,Img_4.tif,pred,10,2235.1003548890585,,2,72.31269202144594,True
field_work,Img_4.tif,pred,11,227.59155518183252,,1,6.663623501842543,False
field_work,Img_4.tif,pred,12,766.1807405882732,,3,16.667578346195317,False
field_work,Img_4.tif,pred,13,287.48392332321964,,1,99.93163631740582,True
field_work,Img_4.tif,pred,14,1689.8562416154891,,1,94.3485765694894,True
field_work,Img_4.tif,pred,15,556.7786977412761,,1,96.06800887694918,True
field_work,Img_4.tif,pred,16,1407.2523796449168,,1,53.39042984424432,True
field_work,Img_4.tif,pred,17,156.16410669626202,,1,95.47754527410068,True
field_work,Img_4.tif,pred,18,194.31795683807422,,2,4.451786659269554,False
field_work,Img_4.tif,pred,19,596.707046925726,,1,21.877274277222124,False
field_work,Img_4.tif,pred,20,145.9604013392236,,1,95.30158474796076,True
field_work,Img_4.tif,pred,21,521.7304310202608,,1,72.8413484602998,True
field_work,Img_4.tif,pred,22,665.0288591014637,,1,87.3609718263076,True
field_work,Img_4.tif,pred,23,217.38768049009832,,1,70.6918432421743,True
field_work,Img_4.tif,pred,24,200.97272250114474,,1,10.00486198497263,False
field_work,Img_4.tif,pred,25,110.91191902011633,,1,86.88548658986008,True
field_work,Img_4.tif,pred,26,75.42020136429801,,1,72.51260248878182,True
field_work,Img_4.tif,pred,27,1586.042803413773,,2,68.7781655287294,True
field_work,Img_4.tif,pred,28,1586.9296855753837,,1,83.59042220974882,True
field_work,Img_4.tif,pred,29,39.48468905216032,,1,88.57699163033979,True
field_work,Img_4.tif,pred,30,92.72246108979016,,1,93.11397628969519,True
field_work,Img_4.tif,pred,31,1108.233206474406,,1,59.29209815595563,True
field_work,Img_4.tif,pred,32,186.77595692521936,,2,76.99049979575207,True
field_work,Img_4.tif,pred,33,507.09036554116756,,2,99.44703534901058,True
field_work,Img_4.tif,pred,34,2064.739357524988,,2,88.65767048250723,True
field_work,Img_4.tif,pred,35,118.45411768738995,,1,79.29684689637045,True
field_work,Img_4.tif,pred,36,948.0763849098989,,1,29.060788073841774,False
field_work,Img_4.tif,pred,37,52.7941240327782,,1,90.50094283820621,True
field_work,Img_4.tif,pred,38,227.59160503897056,,1,26.243286356829014,False
field_work,Img_4.tif,pred,39,279.94212508490455,,1,16.537847202066132,False
field_work,Img_4.tif,pred,40,2691.170686252239,,3,83.07569591951727,True
field_work,Img_4.tif,pred,41,195.64891500132438,,0,0.0,False
field_work,Img_4.tif,pred,42,183.22676749633865,,1,3.001417517625032,False
field_work,Img_4.tif,pred,43,1913.4550211235764,,3,55.04594797366716,True
field_work,Img_4.tif,pred,44,39.928311566995035,,1,48.373149956945696,False
field_work,Img_4.tif,pred,45,2714.2405296063625,,4,57.57882689995129,True
field_work,Img_4.tif,pred,46,2279.9084707190073,,5,48.502404903415865,False
field_work,Img_4.tif,pred,47,923.2322304881818,,2,28.1015435617695,False
field_work,Img_4.tif,pred,48,1252.418877170945,,1,38.17397772000473,False
field_work,Img_40.tif,gt,0,40.52059921933397,small,1,65.29909192432595,True
field_work,Img_40.tif,gt,1,80.08845813867602,small,1,89.40220841747359,True
field_work,Img_40.tif,pred,0,30.16807960247388,,1,65.29909192432595,True
field_work,Img_40.tif,pred,1,114.46124319764203,,1,89.40220841747359,True
field_work,Img_41.tif,gt,0,141.90203529603417,small,1,95.94070312065479,True
field_work,Img_41.tif,gt,1,165.93558539378594,small,1,94.92906473575685,True
field_work,Img_41.tif,gt,2,34.65512269710384,small,0,0.0,False
field_work,Img_41.tif,pred,0,191.65598481532652,,1,95.94070312065476,True
field_work,Img_41.tif,pred,1,209.8456421737792,,1,94.92906473575692,True
field_work,Img_42.tif,gt,0,118.1493232470171,small,1,90.2669314033634,True
field_work,Img_42.tif,gt,1,826.9440816568614,medium,1,95.0503738352815,True
field_work,Img_42.tif,gt,2,210.63243044307197,medium,1,98.07212550307821,True
field_work,Img_42.tif,gt,3,82.72524454284655,small,3,84.03102114687873,True
field_work,Img_42.tif,gt,4,143.67051475673344,small,3,97.1776021054773,True
field_work,Img_42.tif,gt,5,125.43278277738892,small,0,0.0,False
field_work,Img_42.tif,gt,6,2657.002756440902,large,2,96.90721570119644,True
field_work,Img_42.tif,gt,7,232.95501094662254,medium,1,91.71725450244938,True
field_work,Img_42.tif,gt,8,194.70044828223206,small,1,83.56824187388808,True
field_work,Img_42.tif,gt,9,724.1344331095302,medium,3,87.96939488558974,True
field_work,Img_42.tif,gt,10,88.15243265025937,small,1,77.50436531644792,True
field_work,Img_42.tif,gt,11,49.180439566829506,small,1,90.2419388185107,True
field_work,Img_42.tif,pred,0,865.4344125823118,,1,95.0503738352816,True
field_work,Img_42.tif,pred,1,2704.483392498325,,1,96.89122409965071,True
field_work,Img_42.tif,pred,2,261.83789828105364,,1,98.0721255030782,True
field_work,Img_42.tif,pred,3,127.60751138292835,,1,90.26693140336339,True
field_work,Img_42.tif,pred,4,252.56558577623218,,2,7.407888100507484,False
field_work,Img_42.tif,pred,5,182.8010646738694,,1,83.5682418738881,True
field_work,Img_42.tif,pred,6,74.62155697541311,,1,77.50436531644792,True
field_work,Img_42.tif,pred,7,47.24566177083939,,1,90.2419388185107,True
field_work,Img_42.tif,pred,8,415.0553326171357,,1,55.8787714018308,True
field_work,Img_42.tif,pred,9,182.35953127488028,,2,53.50796344763617,True
field_work,Img_42.tif,pred,10,98.46536067186389,,2,31.04587592710154,False
field_work,Img_42.tif,pred,11,641.5696914681466,,1,82.34443697172485,True
field_work,Img_42.tif,pred,12,314.82384193420876,,2,78.16084911067618,True
field_work,Img_42.tif,pred,13,109.06242393469438,,1,14.864223322620754,False
field_work,Img_43.tif,gt,0,1550.0312139332539,large,1,92.36876604630143,True
field_work,Img_43.tif,gt,1,3219.0417928282122,large,1,96.89038189166997,True
field_work,Img_43.tif,gt,2,586.72733400151,medium,1,53.84587825785822,True
field_work,Img_43.tif,gt,3,211.78079105747213,medium,1,87.1134438562709,True
field_work,Img_43.tif,gt,4,687.139847724018,medium,1,93.75023645488693,True
field_work,Img_43.tif,gt,5,350.0128470751638,medium,1,96.96023107068655,True
field_work,Img_43.tif,gt,6,176.17626538618612,small,1,93.42278525316931,True
field_work,Img_43.tif,gt,7,126.6891549888116,small,0,0.0,False
field_work,Img_43.tif,gt,8,184.15735151010588,small,1,81.63274335381298,True
field_work,Img_43.tif,gt,9,122.05025421209412,small,0,0.0,False
field_work,Img_43.tif,gt,10,198.75408066950803,medium,1,98.44999243472448,True
field_work,Img_43.tif,gt,11,135.1418390187582,small,0,0.0,False
field_work,Img_43.tif,gt,12,1311.7146185587367,large,1,99.55596949953426,True
field_work,Img_43.tif,gt,13,60.68868732942609,small,0,0.0,False
field_work,Img_43.tif,gt,14,964.0626864067432,medium,1,97.72317265970749,True
field_work,Img_43.tif,pred,0,3510.589189558047,,1,96.89038189166993,True
field_work,Img_43.tif,pred,1,1499.9749072108389,,1,92.36876604630152,True
field_work,Img_43.tif,pred,2,1571.846635450027,,1,99.55596949953426,True
field_work,Img_43.tif,pred,3,366.0097883963899,,1,53.8458782578582,True
field_work,Img_43.tif,pred,4,216.94405303446183,,1,87.11344385627089,True
field_work,Img_43.tif,pred,5,842.488473716774,,1,93.75023645488692,True
field_work,Img_43.tif,pred,6,187.66325091373437,,1,81.632743353813,True
field_work,Img_43.tif,pred,7,1040.7991056162282,,1,97.72317265970747,True
field_work,Img_43.tif,pred,8,444.97925768082496,,1,96.96023107068658,True
field_work,Img_43.tif,pred,9,215.6131778541021,,1,93.42278525316934,True
field_work,Img_43.tif,pred,10,265.3015783269657,,1,98.44999243472449,True
field_work,Img_43.tif,pred,11,151.72778610058594,,0,0.0,False
field_work,Img_44.tif,gt,0,191.48391948785934,small,2,92.43975717552946,True
field_work,Img_44.tif,gt,1,869.7670904604082,medium,1,99.42752173603222,True
field_work,Img_44.tif,gt,2,697.6206994763527,medium,1,95.55719303245061,True
field_work,Img_44.tif,gt,3,573.634716983162,medium,1,96.6409031662772,True
field_work,Img_44.tif,gt,4,1077.5239111190097,medium,1,92.42192801204138,True
field_work,Img_44.tif,gt,5,683.4548581819885,medium,1,95.06609636474418,True
field_work,Img_44.tif,gt,6,29.5255295183632,small,1,83.27247232229858,True
field_work,Img_44.tif,gt,7,76.18908210066054,small,0,0.0,False
field_work,Img_44.tif,pred,0,1011.1452163241338,,2,81.48833801261993,True
field_work,Img_44.tif,pred,1,762.995122267399,,1,96.64090316627717,True
field_work,Img_44.tif,pred,2,873.8237299844623,,1,95.55719303245061,True
field_work,Img_44.tif,pred,3,699.8537347852252,,1,95.06609636474417,True
field_work,Img_44.tif,pred,4,1109.6108458552044,,1,92.42192801204139,True
field_work,Img_44.tif,pred,5,237.1112392898649,,1,92.43560683819008,True
field_work,Img_44.tif,pred,6,27.375888062873855,,1,83.27247232229857,True
field_work,Img_45.tif,gt,0,135.08445156017555,small,0,0.0,False
field_work,Img_46.tif,gt,0,1779.6216984131308,large,1,98.55646729157252,True
field_work,Img_46.tif,gt,1,1427.94635052212,large,1,99.40304002868734,True
field_work,Img_46.tif,gt,2,1660.1092625673923,large,1,98.71500102997021,True
field_work,Img_46.tif,pred,0,1910.793237749138,,1,98.55646729157252,True
field_work,Img_46.tif,pred,1,1917.447972869617,,1,98.7150010299702,True
field_work,Img_46.tif,pred,2,1612.2184545458294,,1,99.40304002868733,True
field_work,Img_47.tif,gt,0,1068.695724110239,medium,1,93.44527408745972,True
field_work,Img_47.tif,gt,1,294.6694263135571,medium,2,90.96785420149969,True
field_work,Img_47.tif,gt,2,2820.5704066422463,large,1,97.37225328887324,True
field_work,Img_47.tif,gt,3,106.35836772387167,small,0,0.0,False
field_work,Img_47.tif,pred,0,2847.544381055268,,1,97.37225328887332,True
field_work,Img_47.tif,pred,1,1125.0647549969144,,2,73.46835436134963,True
field_work,Img_47.tif,pred,2,321.8885878192377,,1,89.95102275270914,True
field_work,Img_48.tif,gt,0,37.285773115487004,small,0,0.0,False
field_work,Img_48.tif,gt,1,165.32863403947803,small,0,0.0,False
field_work,Img_48.tif,gt,2,298.4705798661731,medium,1,98.59395896498972,True
field_work,Img_48.tif,gt,3,526.1859878749376,medium,1,99.99559439250257,True
field_work,Img_48.tif,gt,4,113.86090151159121,small,1,96.2546250466767,True
field_work,Img_48.tif,gt,5,630.9244921053747,medium,1,98.1934587685771,True
field_work,Img_48.tif,gt,6,260.61029849740595,medium,1,97.45507736883405,True
field_work,Img_48.tif,gt,7,768.2007785384664,medium,1,99.68654225215377,True
field_work,Img_48.tif,gt,8,439.8895558139161,medium,1,98.69871097553516,True
field_work,Img_48.tif,gt,9,452.9574138819731,medium,2,99.07548176809003,True
field_work,Img_48.tif,gt,10,520.630117214012,medium,1,99.99999999999993,True
field_work,Img_48.tif,gt,11,86.40196815535938,small,1,99.3910801901961,True
field_work,Img_48.tif,gt,12,813.8514473748482,medium,0,0.0,False
field_work,Img_48.tif,gt,13,1925.2532414897084,large,1,99.34042221780318,True
field_work,Img_48.tif,gt,14,592.2221986075979,medium,1,99.2966677176391,True
field_work,Img_48.tif,gt,15,176.451496092326,small,0,0.0,False
field_work,Img_48.tif,gt,16,164.35583966071385,small,1,99.99999999999997,True
field_work,Img_48.tif,gt,17,323.33996454213985,medium,1,95.99950557149658,True
field_work,Img_48.tif,gt,18,1159.0249852338688,large,2,91.98803353467719,True
field_work,Img_48.tif,gt,19,2087.697162803357,large,3,96.34482639639907,True
field_work,Img_48.tif,gt,20,2405.664794779442,large,1,99.48931340659499,True
field_work,Img_48.tif,gt,21,119.53664998423199,small,0,0.0,False
field_work,Img_48.tif,gt,22,152.5214247121502,small,1,99.79130412295156,True
field_work,Img_48.tif,pred,0,743.1252768915147,,1,98.1934587685771,True
field_work,Img_48.tif,pred,1,736.0604987437837,,1,99.29666771763907,True
field_work,Img_48.tif,pred,2,2196.261062355712,,1,99.34042221780324,True
field_work,Img_48.tif,pred,3,862.3437540701125,,1,99.99999999999993,True
field_work,Img_48.tif,pred,4,649.0756911380449,,2,97.2148395539314,True
field_work,Img_48.tif,pred,5,350.58909758739173,,1,98.59395896498975,True
field_work,Img_48.tif,pred,6,637.5956901301397,,1,97.50902076645744,True
field_work,Img_48.tif,pred,7,331.6027330531142,,1,97.45507736883407,True
field_work,Img_48.tif,pred,8,195.60595266195014,,1,96.25462504667672,True
field_work,Img_48.tif,pred,9,4069.7510329070524,,3,65.5070898926352,True
field_work,Img_48.tif,pred,10,222.09888864075765,,0,0.0,False
field_work,Img_48.tif,pred,11,154.98308756877668,,1,99.3910801901961,True
field_work,Img_48.tif,pred,12,2648.847780636628,,4,88.73637859749101,True
field_work,Img_48.tif,pred,13,1134.7786976903444,,2,32.34144631757589,False
field_work,Img_48.tif,pred,14,2454.566187989898,,2,64.1239931023561,True
field_work,Img_49.tif,gt,0,1799.8960067297414,large,1,91.01668130215313,True
field_work,Img_49.tif,pred,0,1724.2457596538152,,1,91.01668130215313,True
field_work,Img_5.tif,gt,0,1018.3604846706974,medium,1,99.48402880214967,True
field_work,Img_5.tif,pred,0,1169.456599873025,,1,99.48402880214968,True
field_work,Img_50.tif,gt,0,222.95917147497184,medium,1,96.05038423740216,True
field_work,Img_50.tif,gt,1,667.5199261145642,medium,1,99.17006682817312,True
field_work,Img_50.tif,gt,2,559.9374472525558,medium,1,94.90544679192149,True
field_work,Img_50.tif,gt,3,111.65808239714043,small,1,92.8549054170402,True
field_work,Img_50.tif,gt,4,90.19634555678525,small,1,81.32186076389301,True
field_work,Img_50.tif,gt,5,342.9215283488743,medium,1,92.45063593306027,True
field_work,Img_50.tif,gt,6,160.878489991762,small,2,93.78622247681533,True
field_work,Img_50.tif,gt,7,230.74487891945353,medium,1,78.06070115698154,True
field_work,Img_50.tif,gt,8,408.39503746950385,medium,1,91.70113179886873,True
field_work,Img_50.tif,gt,9,319.81081969155395,medium,1,95.01812179700485,True
field_work,Img_50.tif,gt,10,345.6290865293703,medium,3,99.0793584551429,True
field_work,Img_50.tif,gt,11,400.8699487101404,medium,3,97.90502379985817,True
field_work,Img_50.tif,gt,12,831.1262133246271,medium,3,93.10996462445863,True
field_work,Img_50.tif,gt,13,137.40893673309884,small,1,93.88521240835126,True
field_work,Img_50.tif,gt,14,234.15211891910346,medium,1,93.894478342225,True
field_work,Img_50.tif,gt,15,157.77572434763977,small,2,91.53450767413923,True
field_work,Img_50.tif,gt,16,100.336187062142,small,1,93.42324190209577,True
field_work,Img_50.tif,gt,17,456.5450758866843,medium,2,83.45688421162805,True
field_work,Img_50.tif,gt,18,406.2870451774821,medium,1,95.88713714081864,True
field_work,Img_50.tif,gt,19,937.3887149724148,medium,3,79.673460430048,True
field_work,Img_50.tif,gt,20,251.45275721506488,medium,1,78.50471343837823,True
field_work,Img_50.tif,gt,21,53.58428696256017,small,0,0.0,False
field_work,Img_50.tif,gt,22,194.31711166719322,small,0,0.0,False
field_work,Img_50.tif,pred,0,676.4519018322462,,1,94.90544679192145,True
field_work,Img_50.tif,pred,1,410.1978593992535,,1,91.70113179886874,True
field_work,Img_50.tif,pred,2,296.27906277839793,,1,96.05038423740216,True
field_work,Img_50.tif,pred,3,343.52475678455085,,1,95.01812179700485,True
field_work,Img_50.tif,pred,4,157.19116322963964,,1,93.8852124083513,True
field_work,Img_50.tif,pred,5,90.9586978154257,,1,81.321860763893,True
field_work,Img_50.tif,pred,6,411.52279298147187,,1,92.45063593306023,True
field_work,Img_50.tif,pred,7,159.3987872065045,,1,92.85490541704021,True
field_work,Img_50.tif,pred,8,926.3682657066965,,2,44.2693976095292,False
field_work,Img_50.tif,pred,9,264.92870735377073,,2,56.652875588152604,True
field_work,Img_50.tif,pred,10,818.6304670623504,,1,92.93409943796385,True
field_work,Img_50.tif,pred,11,860.5774770826101,,2,98.30245805101444,True
field_work,Img_50.tif,pred,12,262.2796790311113,,1,78.06070115698151,True
field_work,Img_50.tif,pred,13,589.4668074431829,,1,57.453345340476645,True
field_work,Img_50.tif,pred,14,244.1756661280524,,1,93.78622247681533,True
field_work,Img_50.tif,pred,15,226.07294375100173,,1,91.43746310736334,True
field_work,Img_50.tif,pred,16,370.4590720157139,,2,44.949566037055675,False
field_work,Img_50.tif,pred,17,550.6109506352805,,1,61.597572366084464,True
field_work,Img_50.tif,pred,18,449.9376505250111,,2,29.05989992699334,False
field_work,Img_50.tif,pred,19,157.6319653308019,,1,73.1256955812995,True
field_work,Img_50.tif,pred,20,288.77228520810604,,1,57.468179041451904,True
field_work,Img_50.tif,pred,21,588.5839700724464,,2,66.83243288113508,True
field_work,Img_50.tif,pred,22,117.89319228660315,,1,93.42324190209577,True
field_work,Img_50.tif,pred,23,400.0424585873261,,1,82.07173688011238,True
field_work,Img_50.tif,pred,24,224.74812488164753,,1,78.50471343837825,True
field_work,Img_50.tif,pred,25,317.03168458351865,,1,22.124763499154394,False
field_work,Img_51.tif,gt,0,526.0029331851077,medium,1,93.37148943316497,True
field_work,Img_51.tif,gt,1,641.8391063802393,medium,1,95.0440359904439,True
field_work,Img_51.tif,gt,2,191.484933340901,small,2,91.99996260960114,True
field_work,Img_51.tif,gt,3,999.8892200753208,medium,1,95.29455498785165,True
field_work,Img_51.tif,gt,4,494.084616281296,medium,1,94.87985767392789,True
field_work,Img_51.tif,gt,5,477.8418975269641,medium,1,89.05123751017517,True
field_work,Img_51.tif,gt,6,523.3637729841115,medium,1,94.78789979283991,True
field_work,Img_51.tif,gt,7,494.00458481342747,medium,1,88.93494586860784,True
field_work,Img_51.tif,gt,8,480.5315548735547,medium,1,91.46538088795583,True
field_work,Img_51.tif,gt,9,1837.987562936276,large,2,97.09664437412113,True
field_work,Img_51.tif,gt,10,814.6341019028023,medium,1,96.06398186610782,True
field_work,Img_51.tif,gt,11,609.9970967439841,medium,1,86.10063232992704,True
field_work,Img_51.tif,gt,12,207.58486857214115,medium,1,80.7971864635298,True
field_work,Img_51.tif,gt,13,203.4525990794543,medium,1,98.0597267615338,True
field_work,Img_51.tif,gt,14,61.3654647710009,small,0,0.0,False
field_work,Img_51.tif,gt,15,30.438961452255707,small,0,0.0,False
field_work,Img_51.tif,pred,0,1089.741105334775,,2,79.9885958798416,True
field_work,Img_51.tif,pred,1,2448.384978510905,,2,95.28242432646766,True
field_work,Img_51.tif,pred,2,674.6857825760962,,1,93.3714894331651,True
field_work,Img_51.tif,pred,3,520.5853522983034,,1,94.78789979283991,True
field_work,Img_51.tif,pred,4,557.6753846431384,,1,86.10063232992701,True
field_work,Img_51.tif,pred,5,554.5845397225348,,1,94.87985767392787,True
field_work,Img_51.tif,pred,6,221.65705770347267,,1,98.05972676153381,True
field_work,Img_51.tif,pred,7,487.02783259074204,,1,88.93494586860783,True
field_work,Img_51.tif,pred,8,551.9352246162016,,1,89.05123751017517,True
field_work,Img_51.tif,pred,9,871.616009218269,,2,30.067348357810808,False
field_work,Img_51.tif,pred,10,789.4882518248633,,1,95.04403599044393,True
field_work,Img_51.tif,pred,11,256.0980156272344,,1,91.93548006857066,True
field_work,Img_51.tif,pred,12,133.78917613090016,,0,0.0,False
field_work,Img_51.tif,pred,13,185.00864921789616,,1,80.7971864635298,True
field_work,Img_52.tif,gt,0,1611.3427987899838,large,1,94.30790885336543,True
field_work,Img_52.tif,pred,0,1624.897383267511,,1,94.30790885336549,True
field_work,Img_53.tif,gt,0,372.0575667984239,medium,1,94.52852802164563,True
field_work,Img_53.tif,pred,0,405.49445117264986,,1,94.52852802164561,True
field_work,Img_54.tif,gt,0,144.4798674716281,small,1,95.96080581004313,True
field_work,Img_54.tif,gt,1,42.26026765246004,small,1,99.60035135760297,True
field_work,Img_54.tif,gt,2,724.0048914552087,medium,1,98.3606479726326,True
field_work,Img_54.tif,gt,3,306.97791752149595,medium,1,96.40244904973515,True
field_work,Img_54.tif,gt,4,332.350223955542,medium,2,99.27261107966812,True
field_work,Img_54.tif,gt,5,46.819558966219034,small,0,0.0,False
field_work,Img_54.tif,gt,6,261.48861909949983,medium,1,92.30683853506062,True
field_work,Img_54.tif,gt,7,777.8017491092155,medium,1,96.51480525018802,True
field_work,Img_54.tif,gt,8,891.524678551156,medium,1,97.78260969198547,True
field_work,Img_54.tif,gt,9,478.73700173842406,medium,1,65.72644265429354,True
field_work,Img_54.tif,gt,10,1085.2302622836346,medium,1,96.6282564521113,True
field_work,Img_54.tif,gt,11,905.6594597731458,medium,1,97.20068212949116,True
field_work,Img_54.tif,pred,0,805.8256830329774,,1,98.36064797263269,True
field_work,Img_54.tif,pred,1,912.2386494775733,,1,97.78260969198547,True
field_work,Img_54.tif,pred,2,388.1209743679792,,1,96.40244904973515,True
field_work,Img_54.tif,pred,3,2271.765766786688,,3,83.99990018023605,True
field_work,Img_54.tif,pred,4,1049.1183966844856,,2,96.42801856350522,True
field_work,Img_54.tif,pred,5,277.73387854071916,,1,92.30683853506062,True
field_work,Img_54.tif,pred,6,485.7031382933492,,1,98.95499626739343,True
field_work,Img_54.tif,pred,7,80.36175643544993,,1,99.60035135760303,True
field_work,Img_54.tif,pred,8,324.9793372946442,,1,65.72644265429352,True
field_work,Img_55.tif,gt,0,403.864589581024,medium,1,96.80343172449815,True
field_work,Img_55.tif,gt,1,94.73454686207192,small,0,0.0,False
field_work,Img_55.tif,gt,2,319.40561566375794,medium,1,95.4920158680028,True
field_work,Img_55.tif,gt,3,101.43291087578997,small,1,75.64065155760723,True
field_work,Img_55.tif,gt,4,487.819249994622,medium,1,88.05023469686026,True
field_work,Img_55.tif,gt,5,707.1460441941481,medium,1,89.72985362567108,True
field_work,Img_55.tif,gt,6,114.23934916140492,small,1,91.2456942854819,True
field_work,Img_55.tif,gt,7,381.2315841079719,medium,1,90.42060857593177,True
field_work,Img_55.tif,gt,8,447.3602325463704,medium,1,91.77831251515346,True
field_work,Img_55.tif,pred,0,437.5743120671541,,1,96.8034317244982,True
field_work,Img_55.tif,pred,1,441.10664199193707,,1,91.77831251515343,True
field_work,Img_55.tif,pred,2,385.91299549653195,,1,90.42060857593178,True
field_work,Img_55.tif,pred,3,649.9589300060179,,1,89.72985362567111,True
field_work,Img_55.tif,pred,4,464.0672673140589,,1,88.05023469686026,True
field_work,Img_55.tif,pred,5,364.71871123998426,,1,95.4920158680028,True
field_work,Img_55.tif,pred,6,117.01020076929126,,1,91.2456942854819,True
field_work,Img_55.tif,pred,7,40.18089793412946,,0,0.0,False
field_work,Img_55.tif,pred,8,149.68455056031235,,0,0.0,False
field_work,Img_55.tif,pred,9,88.75114937122089,,1,75.64065155760724,True
field_work,Img_56.tif,gt,0,226.35123920297255,medium,2,98.54397620552169,True
field_work,Img_56.tif,gt,1,1166.6979658945402,large,1,99.91754732596834,True
field_work,Img_56.tif,gt,2,69.23557101736552,small,0,0.0,False
field_work,Img_56.tif,gt,3,226.2503707676293,medium,1,99.7212516208503,True
field_work,Img_56.tif,gt,4,492.53457078078475,medium,1,99.8540734746793,True
field_work,Img_56.tif,gt,5,1087.871355710737,medium,1,98.38235064706895,True
field_work,Img_56.tif,gt,6,3938.9297082056364,large,4,84.23042855052057,True
field_work,Img_56.tif,gt,7,201.44768187575153,medium,1,95.85071392452149,True
field_work,Img_56.tif,gt,8,700.0883765208962,medium,1,97.29349655108453,True
field_work,Img_56.tif,gt,9,204.70401443761068,medium,0,0.0,False
field_work,Img_56.tif,gt,10,295.7185552583604,medium,0,0.0,False
field_work,Img_56.tif,pred,0,1373.2148616003687,,1,98.38235064706895,True
field_work,Img_56.tif,pred,1,1576.7688259012066,,1,99.91754732596834,True
field_work,Img_56.tif,pred,2,748.865695024142,,1,99.8540734746793,True
field_work,Img_56.tif,pred,3,396.95192554401,,1,99.72125162085031,True
field_work,Img_56.tif,pred,4,1023.0668367655016,,2,96.97110765397414,True
field_work,Img_56.tif,pred,5,389.44565701531246,,2,5.355288495650166,False
field_work,Img_56.tif,pred,6,2131.7947592148557,,2,44.2615938441618,False
field_work,Img_56.tif,pred,7,723.2555892453529,,1,18.1593135636736,False
field_work,Img_56.tif,pred,8,1290.2040607095696,,1,27.469394676200604,False
field_work,Img_56.tif,pred,9,100.23125408613123,,0,0.0,False
field_work,Img_57.tif,gt,0,668.364235291039,medium,1,99.786175328924,True
field_work,Img_57.tif,gt,1,79.47437606867167,small,1,88.62056147393666,True
field_work,Img_57.tif,pred,0,846.0376523660962,,1,99.78617532892403,True
field_work,Img_57.tif,pred,1,96.271812217572,,1,88.6205614739366,True
field_work,Img_58.tif,gt,0,996.3316519590721,medium,2,93.53682750868299,True
field_work,Img_58.tif,gt,1,356.42368549686614,medium,1,98.5846166643821,True
field_work,Img_58.tif,gt,2,1026.1197922828842,medium,1,99.6616419601721,True
field_work,Img_58.tif,gt,3,267.9341677183601,medium,2,98.07838847781198,True
field_work,Img_58.tif,gt,4,348.14141311783607,medium,2,85.98171427466342,True
field_work,Img_58.tif,gt,5,351.848782426674,medium,1,87.23823265076285,True
field_work,Img_58.tif,pred,0,1015.0671673930774,,1,93.39826862684836,True
field_work,Img_58.tif,pred,1,324.7505111427163,,1,87.23823265076285,True
field_work,Img_58.tif,pred,2,1255.9684986952561,,1,99.66164196017205,True
field_work,Img_58.tif,pred,3,307.4482616356472,,1,97.76631852945948,True
field_work,Img_58.tif,pred,4,429.0079948590537,,2,26.077105022397074,False
field_work,Img_58.tif,pred,5,326.5251525701269,,1,85.89360670610708,True
field_work,Img_58.tif,pred,6,505.75909105451774,,2,74.97333047646198,True
field_work,Img_59.tif,gt,0,1085.6514524672184,medium,1,98.12192761619465,True
field_work,Img_59.tif,gt,1,753.389055451084,medium,1,98.06509850830962,True
field_work,Img_59.tif,gt,2,494.7050653999482,medium,1,88.16071253524817,True
field_work,Img_59.tif,gt,3,1094.4523908493243,medium,2,97.33432461821715,True
field_work,Img_59.tif,gt,4,564.0374780688695,medium,1,95.08121563392312,True
field_work,Img_59.tif,gt,5,166.81277775188005,small,2,90.43641220530641,True
field_work,Img_59.tif,gt,6,483.9433724004099,medium,1,91.94544939142165,True
field_work,Img_59.tif,gt,7,218.73024975942388,medium,0,0.0,False
field_work,Img_59.tif,gt,8,57.67886625607595,small,0,0.0,False
field_work,Img_59.tif,pred,0,1202.7305665308377,,1,98.12192761619464,True
field_work,Img_59.tif,pred,1,791.4686605273164,,1,98.06509850830965,True
field_work,Img_59.tif,pred,2,1183.6536953594768,,2,84.4795893862997,True
field_work,Img_59.tif,pred,3,470.71088193857577,,1,88.16071253524815,True
field_work,Img_59.tif,pred,4,784.8135409232927,,3,37.896947748400756,False
field_work,Img_59.tif,pred,5,472.04180237220135,,1,91.94544939142166,True
field_work,Img_6.tif,gt,0,11955.484490615854,large,1,95.82405465894423,True
field_work,Img_6.tif,gt,1,740.5480230451163,medium,0,0.0,False
field_work,Img_6.tif,gt,2,1094.94888586915,medium,0,0.0,False
field_work,Img_6.tif,gt,3,80.16537617067188,small,0,0.0,False
field_work,Img_6.tif,gt,4,85.96644918695604,small,0,0.0,False
field_work,Img_6.tif,pred,0,11762.892215291387,,1,95.82405465894422,True
field_work,Img_6.tif,pred,1,174.3541126055643,,0,0.0,False
field_work,Img_60.tif,gt,0,480.1500360890999,medium,1,98.98101242238043,True
field_work,Img_60.tif,gt,1,1252.0266123447157,large,1,98.08149080453013,True
field_work,Img_60.tif,pred,0,1331.3886469459685,,1,98.08149080453019,True
field_work,Img_60.tif,pred,1,561.2150968843516,,1,98.98101242238046,True
field_work,Img_61.tif,gt,0,493.1613215391463,medium,1,97.35631905898636,True
field_work,Img_61.tif,gt,1,1831.5465455967285,large,1,98.98602833368648,True
field_work,Img_61.tif,gt,2,1346.1763063663325,large,2,98.56298428256243,True
field_work,Img_61.tif,gt,3,87.82023524560016,small,1,75.8259181247481,True
field_work,Img_61.tif,gt,4,298.6693594998234,medium,1,93.15726196652288,True
field_work,Img_61.tif,gt,5,1526.5224367478806,large,1,97.38309874571834,True
field_work,Img_61.tif,gt,6,77.91574524646889,small,1,96.07595654576704,True
field_work,Img_61.tif,pred,0,2254.5453709472786,,1,98.98602833368652,True
field_work,Img_61.tif,pred,1,352.3553458964452,,1,93.15726196652291,True
field_work,Img_61.tif,pred,2,1658.0135595139582,,1,97.38309874571827,True
field_work,Img_61.tif,pred,3,645.101790174027,,1,97.35631905898636,True
field_work,Img_61.tif,pred,4,99.78991785133258,,1,96.07595654576704,True
field_work,Img_61.tif,pred,5,1303.4503279512282,,2,81.0593485910382,True
field_work,Img_61.tif,pred,6,143.50314750242978,,0,0.0,False
field_work,Img_61.tif,pred,7,1038.9627919319319,,1,72.94729962070613,True
field_work,Img_62.tif,gt,0,46.70431373704275,small,1,100.0,True
field_work,Img_62.tif,gt,1,430.500964794719,medium,1,96.11885009126027,True
field_work,Img_62.tif,gt,2,371.41947155137433,medium,1,99.48283424376564,True
field_work,Img_62.tif,gt,3,413.40934703445015,medium,1,96.6003161518263,True
field_work,Img_62.tif,gt,4,145.09075150494604,small,1,94.24847884395159,True
field_work,Img_62.tif,gt,5,103.26175799837303,small,1,87.48222352020626,True
field_work,Img_62.tif,gt,6,55.59945798163876,small,1,86.39987439813837,True
field_work,Img_62.tif,gt,7,126.67424630178486,small,1,98.39464204576291,True
field_work,Img_62.tif,gt,8,522.5460774646187,medium,1,99.04609693036434,True
field_work,Img_62.tif,gt,9,51.71638697019602,small,0,0.0,False
field_work,Img_62.tif,gt,10,239.99011203726133,medium,2,100.0,True
field_work,Img_62.tif,gt,11,773.9906663002271,medium,1,98.48002416582958,True
field_work,Img_62.tif,gt,12,163.02504613933218,small,2,93.73372686319405,True
field_work,Img_62.tif,gt,13,62.00037499182789,small,0,0.0,False
field_work,Img_62.tif,gt,14,2682.9455189179744,large,4,89.19822858438691,True
field_work,Img_62.tif,gt,15,3002.6649834930813,large,1,97.31495650990315,True
field_work,Img_62.tif,gt,16,754.4897808244931,medium,2,93.65378530004944,True
field_work,Img_62.tif,gt,17,443.8055585669027,medium,2,81.11531171786439,True
field_work,Img_62.tif,gt,18,267.05972788405296,medium,1,93.35702830699985,True
field_work,Img_62.tif,gt,19,377.1027345679491,medium,1,91.45673359835385,True
field_work,Img_62.tif,gt,20,42.71445213209215,small,1,21.34239894058642,False
field_work,Img_62.tif,gt,21,204.96835716327152,medium,1,76.02581114640319,True
field_work,Img_62.tif,gt,22,79.505044571849,small,0,0.0,False
field_work,Img_62.tif,gt,23,467.2604029372501,medium,1,92.92537452750945,True
field_work,Img_62.tif,gt,24,43.87107724156313,small,1,68.28619571536574,True
field_work,Img_62.tif,gt,25,541.3608280248868,medium,1,96.03007074579604,True
field_work,Img_62.tif,gt,26,79.50037413804202,small,1,3.3396188305919594,False
field_work,Img_62.tif,gt,27,392.76910110984,medium,1,87.4932032056976,True
field_work,Img_62.tif,gt,28,214.29385047445734,medium,1,91.63727151773273,True
field_work,Img_62.tif,gt,29,12.930748751180367,small,1,100.0,True
field_work,Img_62.tif,gt,30,23.790601624075176,small,0,0.0,False
field_work,Img_62.tif,pred,0,3162.8095126240514,,1,97.3149565099032,True
field_work,Img_62.tif,pred,1,292.3049180484377,,1,93.35702830699985,True
field_work,Img_62.tif,pred,2,573.5712094122937,,1,99.04609693036434,True
field_work,Img_62.tif,pred,3,706.0357831057627,,1,96.11885009126023,True
field_work,Img_62.tif,pred,4,598.2979486131808,,2,84.16119315993403,True
field_work,Img_62.tif,pred,5,470.690096675884,,1,99.48283424376561,True
field_work,Img_62.tif,pred,6,366.48501869792926,,1,87.49320320569761,True
field_work,Img_62.tif,pred,7,953.3022448636766,,1,98.48002416582958,True
field_work,Img_62.tif,pred,8,528.0916969484533,,1,92.92537452750948,True
field_work,Img_62.tif,pred,9,525.8838901470881,,1,96.6003161518263,True
field_work,Img_62.tif,pred,10,379.73128414642997,,1,81.11531171786436,True
field_work,Img_62.tif,pred,11,178.38543673185632,,1,94.24847884395163,True
field_work,Img_62.tif,pred,12,426.09423757111654,,1,99.22895084614575,True
field_work,Img_62.tif,pred,13,114.3608390603913,,1,87.48222352020629,True
field_work,Img_62.tif,pred,14,124.95814250432886,,1,100.0,True
field_work,Img_62.tif,pred,15,473.7809774437919,,2,84.32292515412607,True
field_work,Img_62.tif,pred,16,217.68306711991318,,1,98.39464204576291,True
field_work,Img_62.tif,pred,17,65.79061655350961,,1,86.3998743981384,True
field_work,Img_62.tif,pred,18,200.02146589034237,,1,76.02581114640319,True
field_work,Img_62.tif,pred,19,241.96875552483834,,1,91.6372715177327,True
field_work,Img_62.tif,pred,20,818.6303380099125,,1,80.73700372380453,True
field_work,Img_62.tif,pred,21,1718.5059079185594,,2,54.860302396384995,True
field_work,Img_62.tif,pred,22,1055.299986543716,,1,37.49611298315714,False
field_work,Img_62.tif,pred,23,2775.130831629387,,2,88.23163887578467,True
field_work,Img_62.tif,pred,24,53.427330075763166,,0,0.0,False
field_work,Img_62.tif,pred,25,1125.9476210467983,,2,71.49919105867909,True
field_work,Img_62.tif,pred,26,56.959729903843254,,0,0.0,False
field_work,Img_62.tif,pred,27,425.21089115925133,,0,0.0,False
field_work,Img_62.tif,pred,28,566.5066118487157,,1,100.0,True
field_work,Img_62.tif,pred,29,289.2142595370533,,1,68.28619571536575,True
field_work,Img_62.tif,pred,30,104.20546692726202,,0,0.0,False
field_work,Img_62.tif,pred,31,173.08689972327556,,0,0.0,False
field_work,Img_62.tif,pred,32,62.69990785513073,,1,100.0,True
field_work,Img_62.tif,pred,33,103.32255069119856,,0,0.0,False
field_work,Img_62.tif,pred,34,343.9661360370228,,0,0.0,False
field_work,Img_62.tif,pred,35,1575.0021725100232,,1,55.11644121723194,True
field_work,Img_63.tif,gt,0,692.2052377939009,medium,1,98.52883295834312,True
field_work,Img_63.tif,gt,1,346.2126551299647,medium,1,97.24830703521515,True
field_work,Img_63.tif,gt,2,2389.7117910438888,large,2,96.99659226803672,True
field_work,Img_63.tif,gt,3,563.7378285101418,medium,2,97.17333735325165,True
field_work,Img_63.tif,gt,4,1292.916862651816,large,2,91.10990696479362,True
field_work,Img_63.tif,gt,5,452.64804365787495,medium,2,96.64312753544728,True
field_work,Img_63.tif,gt,6,112.84440919575172,small,2,86.16054770718239,True
field_work,Img_63.tif,gt,7,290.38561077870503,medium,1,80.13217359378845,True
field_work,Img_63.tif,pred,0,645.9853265795391,,2,29.556919281518653,False
field_work,Img_63.tif,pred,1,811.1241985326633,,2,54.31081599277524,True
field_work,Img_63.tif,pred,2,2600.277662087814,,1,96.99659226803672,True
field_work,Img_63.tif,pred,3,272.4353289853025,,1,80.13217359378845,True
field_work,Img_63.tif,pred,4,420.35386962548364,,1,97.24830703521509,True
field_work,Img_63.tif,pred,5,1805.4909772144165,,3,39.30556058641601,False
field_work,Img_63.tif,pred,6,105.08857674268074,,1,85.87948486977048,True
field_work,Img_63.tif,pred,7,467.5998970172368,,2,76.03993680802657,True
field_work,Img_64.tif,gt,0,2229.5851267480452,large,1,99.04113061615864,True
field_work,Img_64.tif,gt,1,1614.0343991080135,large,1,96.99651861317744,True
field_work,Img_64.tif,gt,2,2731.741490654644,large,1,96.49599278076944,True
field_work,Img_64.tif,gt,3,400.50342048917145,medium,1,99.9750813025588,True
field_work,Img_64.tif,gt,4,539.2521463904374,medium,1,88.64607767436486,True
field_work,Img_64.tif,pred,0,1672.9976627960277,,1,96.99651861317739,True
field_work,Img_64.tif,pred,1,2362.8707880490692,,1,99.04113061615864,True
field_work,Img_64.tif,pred,2,2902.7908979873173,,1,96.49599278076937,True
field_work,Img_64.tif,pred,3,1066.0862111659953,,2,93.47425306777244,True
field_work,Img_65.tif,gt,0,38.72701841561778,small,1,67.12044843935539,True
field_work,Img_65.tif,gt,1,512.9143180599882,medium,1,86.64411069958653,True
field_work,Img_65.tif,gt,2,77.41004040044604,small,0,0.0,False
field_work,Img_65.tif,gt,3,75.54887081495,small,0,0.0,False
field_work,Img_65.tif,gt,4,1022.2607484873157,medium,1,95.09798503827994,True
field_work,Img_65.tif,gt,5,1815.3648103631037,large,1,95.31560344041506,True
field_work,Img_65.tif,gt,6,194.35750019938175,small,1,86.58035554286182,True
field_work,Img_65.tif,gt,7,110.21434524843598,small,0,0.0,False
field_work,Img_65.tif,gt,8,83.96294634637023,small,0,0.0,False
field_work,Img_65.tif,gt,9,255.6752933060561,medium,0,0.0,False
field_work,Img_65.tif,gt,10,76.48982467435401,small,0,0.0,False
field_work,Img_65.tif,gt,11,328.9660415428663,medium,1,77.55360303097896,True
field_work,Img_65.tif,gt,12,319.4940964895159,medium,0,0.0,False
field_work,Img_65.tif,gt,13,105.97597299229169,small,1,81.72511210667311,True
field_work,Img_65.tif,gt,14,1603.2951834738553,large,1,98.00909871928671,True
field_work,Img_65.tif,gt,15,1722.7286419803459,large,1,92.8492797447335,True
field_work,Img_65.tif,pred,0,1671.6669755907624,,1,92.84927974473351,True
field_work,Img_65.tif,pred,1,1912.1241617762716,,1,95.31560344041506,True
field_work,Img_65.tif,pred,2,1818.0712653495139,,1,98.00909871928677,True
field_work,Img_65.tif,pred,3,1174.3371499156638,,1,95.09798503827994,True
field_work,Img_65.tif,pred,4,519.0686267600486,,1,86.64411069958653,True
field_work,Img_65.tif,pred,5,329.18685868778266,,1,77.55360303097896,True
field_work,Img_65.tif,pred,6,90.06055194989312,,1,81.72511210667311,True
field_work,Img_65.tif,pred,7,204.9657047902001,,1,86.58035554286187,True
field_work,Img_65.tif,pred,8,692.5350829022791,,0,0.0,False
field_work,Img_65.tif,pred,9,46.13929997841478,,1,67.12044843935537,True
field_work,Img_66.tif,gt,0,54.205318145133624,small,1,91.87664902128951,True
field_work,Img_66.tif,gt,1,181.54849984520578,small,0,0.0,False
field_work,Img_66.tif,gt,2,68.28634855816891,small,0,0.0,False
field_work,Img_66.tif,gt,3,499.82153225820446,medium,1,95.36372523821767,True
field_work,Img_66.tif,gt,4,121.33721028683873,small,0,0.0,False
field_work,Img_66.tif,gt,5,270.02909731090773,medium,0,0.0,False
field_work,Img_66.tif,gt,6,2040.3159526791596,large,1,94.35639712130478,True
field_work,Img_66.tif,gt,7,1162.4614306327364,large,1,83.49443318414713,True
field_work,Img_66.tif,gt,8,159.34888955000625,small,0,0.0,False
field_work,Img_66.tif,gt,9,292.3902251892441,medium,0,0.0,False
field_work,Img_66.tif,gt,10,874.1633588972701,medium,1,93.70030084367947,True
field_work,Img_66.tif,gt,11,155.83434706816618,small,1,79.79537362380148,True
field_work,Img_66.tif,gt,12,36.970479610558044,small,0,0.0,False
field_work,Img_66.tif,gt,13,240.2706799760022,medium,1,91.33556738540334,True
field_work,Img_66.tif,gt,14,179.77000636438984,small,1,87.56808710169335,True
field_work,Img_66.tif,gt,15,249.782057750004,medium,1,78.69235807894358,True
field_work,Img_66.tif,gt,16,206.89563785623184,medium,0,0.0,False
field_work,Img_66.tif,gt,17,376.98524649515605,medium,1,91.75248255160943,True
field_work,Img_66.tif,gt,18,119.22191134635607,small,0,0.0,False
field_work,Img_66.tif,pred,0,2232.4384834790544,,1,94.35639712130475,True
field_work,Img_66.tif,pred,1,540.4038524334319,,1,95.36372523821767,True
field_work,Img_66.tif,pred,2,373.9954762896814,,1,91.75248255160945,True
field_work,Img_66.tif,pred,3,1028.3768413287326,,1,83.49443318414707,True
field_work,Img_66.tif,pred,4,183.22685800294857,,1,87.56808710169335,True
field_work,Img_66.tif,pred,5,250.6613529457827,,1,91.33556738540337,True
field_work,Img_66.tif,pred,6,895.2820821099449,,1,93.70030084367949,True
field_work,Img_66.tif,pred,7,162.37539750686847,,1,79.7953736238015,True
field_work,Img_66.tif,pred,8,236.02086165972287,,1,78.69235807894357,True
field_work,Img_66.tif,pred,9,82.51838202867657,,1,91.87664902128948,True
field_work,Img_67.tif,gt,0,368.7645271842481,medium,0,0.0,False
field_work,Img_67.tif,gt,1,156.76231670117195,small,0,0.0,False
field_work,Img_67.tif,gt,2,1076.0696759109185,medium,0,0.0,False
field_work,Img_67.tif,gt,3,151.24801478924806,small,0,0.0,False
field_work,Img_67.tif,gt,4,980.2771510005238,medium,1,49.8534431832378,False
field_work,Img_67.tif,gt,5,557.4354532054879,medium,1,89.40250914142077,True
field_work,Img_67.tif,gt,6,324.7269887703659,medium,0,0.0,False
field_work,Img_67.tif,gt,7,93.05993993875833,small,0,0.0,False
field_work,Img_67.tif,gt,8,205.30697121074516,medium,1,95.24313794671053,True
field_work,Img_67.tif,gt,9,85.52121269590606,small,0,0.0,False
field_work,Img_67.tif,gt,10,53.104302944836064,small,0,0.0,False
field_work,Img_67.tif,gt,11,1227.075270976282,large,1,91.45755945788717,True
field_work,Img_67.tif,gt,12,144.6247589851742,small,0,0.0,False
field_work,Img_67.tif,gt,13,210.4993887436438,medium,0,0.0,False
field_work,Img_67.tif,gt,14,97.80964135872841,small,0,0.0,False
field_work,Img_67.tif,pred,0,586.0596030573361,,1,49.8534431832378,False
field_work,Img_67.tif,pred,1,287.48416766826995,,1,95.24313794671056,True
field_work,Img_67.tif,pred,2,538.5891113507096,,1,89.40250914142077,True
field_work,Img_67.tif,pred,3,1211.1598658219445,,1,91.45755945788716,True
field_work,Img_67.tif,pred,4,129.98882253072225,,0,0.0,False
field_work,Img_68.tif,gt,0,135.89439277497215,small,1,94.93236379236656,True
field_work,Img_68.tif,gt,1,749.443548885291,medium,1,99.29298297818563,True
field_work,Img_68.tif,gt,2,490.76864349371306,medium,1,99.99999999999999,True
field_work,Img_68.tif,gt,3,2233.049961624924,large,2,99.47948962780713,True
field_work,Img_68.tif,gt,4,682.410787336213,medium,1,96.38694234628272,True
field_work,Img_68.tif,gt,5,551.1917672472252,medium,1,97.49163175610522,True
field_work,Img_68.tif,gt,6,173.80944848598492,small,1,99.97677840374668,True
field_work,Img_68.tif,gt,7,1244.5484085254877,large,1,99.46296301124164,True
field_work,Img_68.tif,gt,8,1039.923082676257,medium,1,99.06407273979842,True
field_work,Img_68.tif,gt,9,441.2377474002679,medium,1,96.49199172690622,True
field_work,Img_68.tif,gt,10,932.7261119083443,medium,2,98.60968154742483,True
field_work,Img_68.tif,gt,11,366.8536771478669,medium,1,96.44977466127307,True
field_work,Img_68.tif,gt,12,597.0192010071254,medium,2,98.7157595022293,True
field_work,Img_68.tif,gt,13,558.808400318961,medium,1,99.99999999999996,True
field_work,Img_68.tif,gt,14,197.8536652029467,medium,2,98.18551218242133,True
field_work,Img_68.tif,gt,15,801.4216071496438,medium,1,95.85868008133662,True
field_work,Img_68.tif,gt,16,228.48056683784796,medium,2,84.68956139866786,True
field_work,Img_68.tif,gt,17,348.7724425392742,medium,2,96.95083640437245,True
field_work,Img_68.tif,gt,18,833.0815858611355,medium,1,97.57726703172139,True
field_work,Img_68.tif,gt,19,1171.4165932593282,large,2,97.31218391711093,True
field_work,Img_68.tif,gt,20,136.85050555919602,small,2,96.39894586674639,True
field_work,Img_68.tif,gt,21,870.1454751282018,medium,2,96.66631413541735,True
field_work,Img_68.tif,gt,22,120.92920119335899,small,1,47.75004263745472,False
field_work,Img_68.tif,pred,0,934.3161608395167,,1,97.57726703172138,True
field_work,Img_68.tif,pred,1,819.5135090463573,,1,99.29298297818563,True
field_work,Img_68.tif,pred,2,2502.253813306874,,1,96.32502660560652,True
field_work,Img_68.tif,pred,3,1685.831221157452,,1,99.46296301124164,True
field_work,Img_68.tif,pred,4,712.2172972924309,,1,99.99999999999999,True
field_work,Img_68.tif,pred,5,1257.970667166519,,3,64.83941534238171,True
field_work,Img_68.tif,pred,6,167.78824083181098,,0,0.0,False
field_work,Img_68.tif,pred,7,728.5545801798613,,2,88.54203648880859,True
field_work,Img_68.tif,pred,8,547.0784244431125,,1,96.49199172690622,True
field_work,Img_68.tif,pred,9,316.1484887333354,,1,99.97677840374669,True
field_work,Img_68.tif,pred,10,104.20533070515376,,0,0.0,False
field_work,Img_68.tif,pred,11,137.76298747502733,,0,0.0,False
field_work,Img_68.tif,pred,12,1059.2737925105612,,1,95.85868008133662,True
field_work,Img_68.tif,pred,13,407.9905114514986,,1,93.45675916769733,True
field_work,Img_68.tif,pred,14,349.7058623043122,,1,98.18551218242129,True
field_work,Img_68.tif,pred,15,974.9384631198482,,1,96.20835630702842,True
field_work,Img_68.tif,pred,16,1027.0411218629542,,3,44.270536264304795,False
field_work,Img_68.tif,pred,17,654.3744754975196,,2,70.3262090065698,True
field_work,Img_68.tif,pred,18,2601.1605423371193,,2,97.63721386804868,True
field_work,Img_68.tif,pred,19,647.7510976628691,,1,53.76000052566676,True
field_work,Img_68.tif,pred,20,1322.8787261870193,,1,95.7441716985763,True
field_work,Img_68.tif,pred,21,51.2196164787747,,0,0.0,False
field_work,Img_68.tif,pred,22,2694.768817088683,,4,92.94373684161528,True
field_work,Img_68.tif,pred,23,689.2567898205598,,0,0.0,False
field_work,Img_68.tif,pred,24,78.15415038261563,,0,0.0,False
field_work,Img_68.tif,pred,25,339.99227809056174,,0,0.0,False
field_work,Img_68.tif,pred,26,36.2069503677194,,0,0.0,False
field_work,Img_68.tif,pred,27,355.0047219445114,,0,0.0,False
field_work,Img_68.tif,pred,28,454.35297196681495,,1,94.93236379236653,True
field_work,Img_68.tif,pred,29,44.59642550162971,,0,0.0,False
field_work,Img_68.tif,pred,30,137.76293370313942,,1,3.3348038465347924,False
field_work,Img_68.tif,pred,31,40.622451049333904,,0,0.0,False
field_work,Img_68.tif,pred,32,50.77807591034798,,0,0.0,False
field_work,Img_68.tif,pred,33,138.2045459394294,,1,90.05473733664452,True
field_work,Img_68.tif,pred,34,62.25820597098209,,0,0.0,False
field_work,Img_68.tif,pred,35,197.8132862704806,,0,0.0,False
field_work,Img_68.tif,pred,36,82.56945569295203,,0,0.0,False
field_work,Img_69.tif,gt,0,33.84983194687895,small,1,72.17275675879691,True
field_work,Img_69.tif,gt,1,255.76804568962413,medium,1,94.51021284469975,True
field_work,Img_69.tif,gt,2,192.539843724618,small,1,93.42925974895635,True
field_work,Img_69.tif,gt,3,313.79550057833904,medium,1,88.79118475208318,True
field_work,Img_69.tif,gt,4,344.42898264195185,medium,1,94.46373110180453,True
field_work,Img_69.tif,gt,5,1462.762806039561,large,1,98.11365977166727,True
field_work,Img_69.tif,gt,6,1362.4503388011233,large,1,97.22118314567928,True
field_work,Img_69.tif,gt,7,815.8317915650895,medium,1,98.12755675942275,True
field_work,Img_69.tif,gt,8,116.60166849773013,small,1,86.71076472330144,True
field_work,Img_69.tif,gt,9,293.29932390808403,medium,1,85.18979435694482,True
field_work,Img_69.tif,pred,0,1593.9889725968824,,1,98.11365977166733,True
field_work,Img_69.tif,pred,1,1468.5894009888489,,1,97.22118314567926,True
field_work,Img_69.tif,pred,2,898.3199905761867,,1,98.12755675942275,True
field_work,Img_69.tif,pred,3,374.87443826757954,,1,94.46373110180453,True
field_work,Img_69.tif,pred,4,267.57818618479723,,1,85.18979435694483,True
field_work,Img_69.tif,pred,5,370.0174351059468,,1,88.79118475208317,True
field_work,Img_69.tif,pred,6,214.15083193996452,,1,93.4292597489564,True
field_work,Img_69.tif,pred,7,32.6745815702443,,1,72.17275675879692,True
field_work,Img_69.tif,pred,8,394.3025463593003,,1,94.51021284469978,True
field_work,Img_69.tif,pred,9,133.78908186191256,,1,86.71076472330144,True
field_work,Img_7.tif,gt,0,44.336185819510355,small,3,100.00000000000003,True
field_work,Img_7.tif,gt,1,226.17965356077013,medium,3,98.1424029973824,True
field_work,Img_7.tif,gt,2,171.7005394089698,small,2,93.32002522434198,True
field_work,Img_7.tif,gt,3,682.6841670970618,medium,1,98.72244105214169,True
field_work,Img_7.tif,gt,4,439.39699881316227,medium,1,97.43680492892365,True
field_work,Img_7.tif,gt,5,970.0780989681347,medium,1,98.09955059769295,True
field_work,Img_7.tif,gt,6,9.555141066249954,small,0,0.0,False
field_work,Img_7.tif,gt,7,96.58554148890404,small,1,88.25345097558713,True
field_work,Img_7.tif,gt,8,71.48442989565793,small,1,91.5966845512647,True
field_work,Img_7.tif,gt,9,185.55987375387784,small,1,92.40147600108351,True
field_work,Img_7.tif,gt,10,945.4217372632239,medium,1,95.54699241907998,True
field_work,Img_7.tif,gt,11,151.67151519421205,small,1,88.991219811503,True
field_work,Img_7.tif,gt,12,894.6950872908882,medium,1,97.35030661299918,True
field_work,Img_7.tif,gt,13,1237.5763073835194,large,1,96.9478283853001,True
field_work,Img_7.tif,gt,14,53.105949820092114,small,1,87.12303011330768,True
field_work,Img_7.tif,gt,15,226.27955552989792,medium,2,97.45999073271192,True
field_work,Img_7.tif,gt,16,916.3674236430478,medium,1,96.03537828313186,True
field_work,Img_7.tif,gt,17,85.36538029845768,small,1,81.71700294047682,True
field_work,Img_7.tif,gt,18,588.6108701242118,medium,2,98.3222442554409,True
field_work,Img_7.tif,gt,19,299.4785987319099,medium,1,97.5394611258156,True
field_work,Img_7.tif,gt,20,212.57311613665362,medium,1,87.39954431303052,True
field_work,Img_7.tif,gt,21,4057.2533712238055,large,5,95.71659335922355,True
field_work,Img_7.tif,gt,22,11.195026373752025,small,0,0.0,False
field_work,Img_7.tif,gt,23,8.895142613578091,small,0,0.0,False
field_work,Img_7.tif,gt,24,121.49540388063001,small,1,81.09671313141808,True
field_work,Img_7.tif,gt,25,485.2970834638942,medium,1,96.83979655944349,True
field_work,Img_7.tif,gt,26,4369.1637947970985,large,4,86.93743987774732,True
field_work,Img_7.tif,gt,27,1133.26116401238,medium,3,94.66875606211565,True
field_work,Img_7.tif,gt,28,529.982465746344,medium,1,91.3307826043567,True
field_work,Img_7.tif,gt,29,1428.8360150433723,large,1,95.81816265390832,True
field_work,Img_7.tif,gt,30,902.004898801838,medium,3,94.05168983341652,True
field_work,Img_7.tif,gt,31,360.6862090231664,medium,1,96.24116552735758,True
field_work,Img_7.tif,gt,32,267.1529631835999,medium,1,98.37362973886238,True
field_work,Img_7.tif,gt,33,695.6223498810816,medium,5,97.09215554956711,True
field_work,Img_7.tif,gt,34,266.34473005397405,medium,2,94.4427423079523,True
field_work,Img_7.tif,gt,35,218.0539403096083,medium,2,87.92863753131333,True
field_work,Img_7.tif,gt,36,2362.0747797874233,large,2,97.48375704145263,True
field_work,Img_7.tif,gt,37,33.88984176011193,small,0,0.0,False
field_work,Img_7.tif,gt,38,570.1955460287579,medium,2,78.80018371533706,True
field_work,Img_7.tif,gt,39,47.14951075476192,small,1,88.34044951617028,True
field_work,Img_7.tif,gt,40,1052.6688377137664,medium,1,97.25870427822531,True
field_work,Img_7.tif,gt,41,732.5078189348661,medium,2,97.09711110058302,True
field_work,Img_7.tif,gt,42,46.26006831776198,small,1,85.10838086225165,True
field_work,Img_7.tif,gt,43,189.47429939971002,small,1,92.17533451934469,True
field_work,Img_7.tif,gt,44,9.859545046883984,small,0,0.0,False
field_work,Img_7.tif,gt,45,49.599799113357975,small,1,2.2038341397202377,False
field_work,Img_7.tif,gt,46,101.29982111254193,small,1,94.79930907869658,True
field_work,Img_7.tif,gt,47,9.175332492897905,small,0,0.0,False
field_work,Img_7.tif,gt,48,796.7593118475902,medium,1,92.38242021036561,True
field_work,Img_7.tif,gt,49,289.4153251172301,medium,2,99.26560104673,True
field_work,Img_7.tif,gt,50,66.31596708050589,small,1,25.400262685112025,False
field_work,Img_7.tif,pred,0,1137.9578334018588,,1,98.09955059769287,True
field_work,Img_7.tif,pred,1,995.1029903305462,,1,97.3503066129991,True
field_work,Img_7.tif,pred,2,2564.730805212166,,2,95.5473471796544,True
field_work,Img_7.tif,pred,3,1339.8177930722013,,1,96.94782838530013,True
field_work,Img_7.tif,pred,4,533.265493397601,,1,97.43680492892365,True
field_work,Img_7.tif,pred,5,709.3938000637572,,1,71.32796201651446,True
field_work,Img_7.tif,pred,6,1083.8329057181836,,1,97.25870427822528,True
field_work,Img_7.tif,pred,7,1613.1053952672228,,2,95.33918569797802,True
field_work,Img_7.tif,pred,8,843.3753874886897,,1,98.72244105214175,True
field_work,Img_7.tif,pred,9,1056.7700448159594,,1,96.03537828313186,True
field_work,Img_7.tif,pred,10,645.9519478423172,,2,60.17523786778203,True
field_work,Img_7.tif,pred,11,618.4458082035853,,1,96.83979655944341,True
field_work,Img_7.tif,pred,12,481.35887064260896,,1,78.79732486489765,True
field_work,Img_7.tif,pred,13,1056.7704796059988,,1,95.54699241908004,True
field_work,Img_7.tif,pred,14,1152.1547438331909,,1,94.26681932629609,True
field_work,Img_7.tif,pred,15,194.31804128084332,,1,88.99121981150292,True
field_work,Img_7.tif,pred,16,197.42326716752723,,1,92.17533451934472,True
field_work,Img_7.tif,pred,17,79.85671004711185,,1,91.59668455126474,True
field_work,Img_7.tif,pred,18,789.2501615603687,,2,97.14855416796134,True
field_work,Img_7.tif,pred,19,1140.1761706702528,,3,16.811186832957436,False
field_work,Img_7.tif,pred,20,140.19287104872637,,1,81.09671313141807,True
field_work,Img_7.tif,pred,21,219.60571636963869,,1,92.40147600108352,True
field_work,Img_7.tif,pred,22,593.6015088704298,,2,69.8638070237479,True
field_work,Img_7.tif,pred,23,310.55353782861494,,3,21.468068060422794,False
field_work,Img_7.tif,pred,24,107.80646316125058,,1,81.71700294047682,True
field_work,Img_7.tif,pred,25,66.10368949524127,,1,87.12303011330765,True
field_work,Img_7.tif,pred,26,848.2552853456,,1,97.09711110058299,True
field_work,Img_7.tif,pred,27,318.0958227357478,,2,15.027513661096217,False
field_work,Img_7.tif,pred,28,2240.424139257124,,1,48.89985067582114,False
field_work,Img_7.tif,pred,29,255.54138734878507,,1,87.39954431303052,True
field_work,Img_7.tif,pred,30,207.1838893427048,,1,87.00692119076777,True
field_work,Img_7.tif,pred,31,1236.4479703111865,,1,27.765433976905808,False
field_work,Img_7.tif,pred,32,885.5221121201175,,2,69.64565714778853,True
field_work,Img_7.tif,pred,33,1510.1787705612314,,2,26.390171678236634,False
field_work,Img_7.tif,pred,34,445.4229050120921,,2,85.49551262713541,True
field_work,Img_7.tif,pred,35,271.06912658410147,,1,94.74629902761235,True
field_work,Img_7.tif,pred,36,133.98178864980582,,2,64.36373244236174,True
field_work,Img_7.tif,pred,37,78.08224289515056,,1,100.00000000000003,True
field_work,Img_7.tif,pred,38,929.8869557265134,,1,20.44610897666478,False
field_work,Img_7.tif,pred,39,356.693370515015,,1,96.7526087283473,True
field_work,Img_7.tif,pred,40,86.51148110022768,,0,0.0,False
field_work,Img_7.tif,pred,41,718.2666676336667,,1,95.93882101969162,True
field_work,Img_7.tif,pred,42,1406.3654443134874,,1,29.476373767252596,False
field_work,Img_7.tif,pred,43,3192.4930629069713,,1,67.05689667868039,True
field_work,Img_7.tif,pred,44,120.67245136230486,,1,14.096864719780932,False
field_work,Img_7.tif,pred,45,1743.093443833075,,1,40.02370349790158,False
field_work,Img_7.tif,pred,46,310.52479416981805,,2,68.05637820165354,True
field_work,Img_7.tif,pred,47,464.0558593542082,,4,32.8584296856439,False
field_work,Img_7.tif,pred,48,66.54719309415668,,1,85.10838086225166,True
field_work,Img_7.tif,pred,49,189.88128769141622,,2,6.322464268648045,False
field_work,Img_7.tif,pred,50,175.24102637724718,,2,8.292439693737913,False
field_work,Img_7.tif,pred,51,803.8906634016803,,1,17.050315350864356,False
field_work,Img_7.tif,pred,52,144.18554431316443,,1,15.40851837818303,False
field_work,Img_7.tif,pred,53,468.0490446650365,,1,38.77290281002751,False
field_work,Img_70.tif,gt,0,954.0679423268764,medium,1,95.77316004962006,True
field_work,Img_70.tif,pred,0,1125.9478934905492,,1,95.77316004962003,True
field_work,Img_71.tif,gt,0,20271.18455528995,large,2,99.69323210702686,True
field_work,Img_71.tif,gt,1,113.36887674845184,small,1,98.20081055349367,True
field_work,Img_71.tif,gt,2,72.52924173365,small,0,0.0,False
field_work,Img_71.tif,gt,3,2244.2083728669804,large,1,93.32801883399202,True
field_work,Img_71.tif,gt,4,121.92622821628598,small,1,89.50147413650343,True
field_work,Img_71.tif,gt,5,69.5542463094701,small,0,0.0,False
field_work,Img_71.tif,gt,6,723.6893056580197,medium,1,93.655795891496,True
field_work,Img_71.tif,gt,7,113.66288955385004,small,1,87.03854456472597,True
field_work,Img_71.tif,gt,8,113.18978177444598,small,1,67.4830906053854,True
field_work,Img_71.tif,gt,9,2165.2183582728385,large,1,89.67698378366607,True
field_work,Img_71.tif,gt,10,379.89472250064415,medium,1,89.10821146680269,True
field_work,Img_71.tif,gt,11,251.61711496298,medium,1,88.87965394193529,True
field_work,Img_71.tif,gt,12,4260.278745322755,large,1,92.18517188164527,True
field_work,Img_71.tif,gt,13,8867.49418541584,large,2,99.5306611857014,True
field_work,Img_71.tif,gt,14,3075.1414080589534,large,1,99.95290495345358,True
field_work,Img_71.tif,gt,15,1512.4931196382274,large,3,99.15511752465882,True
field_work,Img_71.tif,gt,16,1056.3098525414503,medium,2,97.41682903547571,True
field_work,Img_71.tif,gt,17,2109.903607977047,large,1,99.84959950394924,True
field_work,Img_71.tif,gt,18,642.6273834922763,medium,1,99.99999999999997,True
field_work,Img_71.tif,gt,19,1661.8585418419138,large,2,97.52720846472177,True
field_work,Img_71.tif,gt,20,179.70985498024046,small,2,99.99999999999999,True
field_work,Img_71.tif,gt,21,1522.1218543905409,large,3,99.99999941065602,True
field_work,Img_71.tif,gt,22,183.9078655274648,small,2,100.0,True
field_work,Img_71.tif,gt,23,2833.9323844623486,large,1,98.57769622972134,True
field_work,Img_71.tif,pred,0,3166.3181169617455,,2,64.65075248713731,True
field_work,Img_71.tif,pred,1,750.652955145255,,1,93.655795891496,True
field_work,Img_71.tif,pred,2,50075.47261488426,,9,96.28285337905446,True
field_work,Img_71.tif,pred,3,4060.2696300525913,,1,92.18517188164539,True
field_work,Img_71.tif,pred,4,2200.495591317831,,1,93.32801883399205,True
field_work,Img_71.tif,pred,5,2249.7407752075815,,1,89.67698378366606,True
field_work,Img_71.tif,pred,6,2130.8431548192166,,2,97.31912926707012,True
field_work,Img_71.tif,pred,7,2188.517221625778,,1,92.79430835822794,True
field_work,Img_71.tif,pred,8,9590.789815557364,,2,30.77981776326604,False
field_work,Img_71.tif,pred,9,1188.0898237130605,,1,96.93707608189952,True
field_work,Img_71.tif,pred,10,137.0873451208754,,1,89.50147413650342,True
field_work,Img_71.tif,pred,11,225.37364911008626,,1,89.44220986874784,True
field_work,Img_71.tif,pred,12,1380.633038511267,,1,88.47381014321599,True
field_work,Img_71.tif,pred,13,240.90096792893019,,1,88.8796539419353,True
field_work,Img_71.tif,pred,14,528.3851859034039,,1,89.10821146680269,True
field_work,Img_71.tif,pred,15,190.7687377643906,,1,87.03854456472598,True
field_work,Img_71.tif,pred,16,78.96937765516122,,1,67.4830906053854,True
field_work,Img_71.tif,pred,17,321.20155887212604,,2,11.278229787072128,False
field_work,Img_71.tif,pred,18,153.5022809323409,,1,98.20081055349367,True
field_work,Img_71.tif,pred,19,338.94743774365634,,1,99.99999999999999,True
field_work,Img_72.tif,gt,0,1192.0782370925724,large,1,99.9245505392511,True
field_work,Img_72.tif,gt,1,2553.654957233769,large,1,99.44750055267305,True
field_work,Img_72.tif,pred,0,2930.7406758054603,,1,99.44750055267309,True
field_work,Img_72.tif,pred,1,1498.6432788956445,,1,99.92455053925106,True
field_work,Img_73.tif,gt,0,240.90957777177994,medium,1,82.37666411362827,True
field_work,Img_73.tif,gt,1,196.7425863784256,small,1,98.70859532504168,True
field_work,Img_73.tif,gt,2,214.75963443028894,medium,1,80.2343774298312,True
field_work,Img_73.tif,gt,3,144.55678362959063,small,0,0.0,False
field_work,Img_73.tif,pred,0,249.47480538184755,,1,82.37666411362825,True
field_work,Img_73.tif,pred,1,179.26856447116006,,1,80.23437742983121,True
field_work,Img_73.tif,pred,2,236.66994607215747,,1,98.70859532504171,True
field_work,Img_74.tif,gt,0,125.08610370316438,small,1,84.62336067538646,True
field_work,Img_74.tif,gt,1,902.8731796172863,medium,1,96.61855641653817,True
field_work,Img_74.tif,gt,2,332.71861386252016,medium,1,94.06239091834175,True
field_work,Img_74.tif,gt,3,645.6426086990119,medium,1,96.63849134434986,True
field_work,Img_74.tif,gt,4,293.7993284392829,medium,1,95.65274318502125,True
field_work,Img_74.tif,gt,5,166.39076819147954,small,0,0.0,False
field_work,Img_74.tif,gt,6,2026.7048678005133,large,1,92.39512291138922,True
field_work,Img_74.tif,gt,7,225.01491890957573,medium,1,87.1003629890481,True
field_work,Img_74.tif,gt,8,537.5635728931178,medium,1,85.43948529990406,True
field_work,Img_74.tif,gt,9,1170.1107377796695,large,2,91.21754825522487,True
field_work,Img_74.tif,pred,0,1008.4960661175428,,1,96.61855641653815,True
field_work,Img_74.tif,pred,1,748.4241938883497,,1,96.63849134434977,True
field_work,Img_74.tif,pred,2,1966.655987636128,,1,92.39512291138922,True
field_work,Img_74.tif,pred,3,370.90056598186493,,1,95.65274318502125,True
field_work,Img_74.tif,pred,4,469.36581149225094,,1,85.43948529990402,True
field_work,Img_74.tif,pred,5,229.60491340380395,,1,87.10036298904808,True
field_work,Img_74.tif,pred,6,455.2361588550266,,1,94.06239091834178,True
field_work,Img_74.tif,pred,7,122.75038258547193,,1,84.62336067538646,True
field_work,Img_74.tif,pred,8,1096.3643085786425,,1,90.48513463818905,True
field_work,Img_74.tif,pred,9,646.8681729125892,,1,53.72781735305616,True
field_work,Img_75.tif,gt,0,3660.4473398025516,large,1,96.41273663861634,True
field_work,Img_75.tif,gt,1,865.3494762268452,medium,1,77.29672838775258,True
field_work,Img_75.tif,gt,2,22524.723337361764,large,1,99.73629086376668,True
field_work,Img_75.tif,gt,3,2516.8477880695496,large,0,0.0,False
field_work,Img_75.tif,gt,4,819.0389986350517,medium,1,95.07924981678062,True
field_work,Img_75.tif,gt,5,3574.4125475746473,large,1,94.77411428751918,True
field_work,Img_75.tif,gt,6,4916.334154931654,large,1,99.67294989642518,True
field_work,Img_75.tif,gt,7,3826.886589529432,large,1,14.147587209598617,False
field_work,Img_75.tif,gt,8,383.1460325266604,medium,0,0.0,False
field_work,Img_75.tif,gt,9,5407.101564344947,large,1,0.507763551698863,False
field_work,Img_75.tif,gt,10,315.78684093288825,medium,0,0.0,False
field_work,Img_75.tif,gt,11,325.51022308672344,medium,0,0.0,False
field_work,Img_75.tif,gt,12,1489.6619127846304,large,0,0.0,False
field_work,Img_75.tif,gt,13,1073.6124369000422,medium,0,0.0,False
field_work,Img_75.tif,gt,14,4456.006413998617,large,0,0.0,False
field_work,Img_75.tif,pred,0,5464.859901858959,,1,99.6729498964252,True
field_work,Img_75.tif,pred,1,3813.157172613777,,1,94.77411428751923,True
field_work,Img_75.tif,pred,2,3699.139642943179,,2,39.223309210269264,False
field_work,Img_75.tif,pred,3,26466.41895154037,,2,87.30675569919609,True
field_work,Img_75.tif,pred,4,869.994407807324,,1,95.0792498167806,True
field_work,Img_75.tif,pred,5,697.8588402642072,,1,77.29672838775254,True
field_work,Img_76.tif,gt,0,930.3472722141257,medium,1,92.1059229129226,True
field_work,Img_76.tif,gt,1,1073.9245932185938,medium,1,78.96924216622956,True
field_work,Img_76.tif,gt,2,215.12675875480346,medium,1,97.50609778640728,True
field_work,Img_76.tif,gt,3,2140.082405911008,large,1,99.90475738175655,True
field_work,Img_76.tif,gt,4,3376.4345833285074,large,1,98.61178583177596,True
field_work,Img_76.tif,gt,5,82.68591568330594,small,0,0.0,False
field_work,Img_76.tif,gt,6,309.64536396461205,medium,3,96.86185161197498,True
field_work,Img_76.tif,gt,7,378.7321570136262,medium,2,88.60858914845177,True
field_work,Img_76.tif,gt,8,808.9642513092142,medium,3,93.76887736443545,True
field_work,Img_76.tif,gt,9,1702.089891585071,large,2,95.6577351537209,True
field_work,Img_76.tif,gt,10,1407.4830037524875,large,2,97.30307985566259,True
field_work,Img_76.tif,gt,11,77.17972098766793,small,0,0.0,False
field_work,Img_76.tif,gt,12,444.59959642001803,medium,1,88.54315526573113,True
field_work,Img_76.tif,gt,13,115.14792807866424,small,0,0.0,False
field_work,Img_76.tif,gt,14,193.18100937363803,small,1,87.4464623426699,True
field_work,Img_76.tif,gt,15,189.224478293786,small,1,97.70003751939782,True
field_work,Img_76.tif,gt,16,175.69243480284595,small,1,94.89093002070469,True
field_work,Img_76.tif,gt,17,737.2503275066272,medium,1,93.29271670224732,True
field_work,Img_76.tif,gt,18,3058.0704184929336,large,1,96.10592402924243,True
field_work,Img_76.tif,gt,19,474.00005166792187,medium,1,92.38861642853168,True
field_work,Img_76.tif,gt,20,465.32418523141183,medium,1,67.14464130169917,True
field_work,Img_76.tif,gt,21,2348.284454878856,large,1,94.66293455881313,True
field_work,Img_76.tif,gt,22,1772.1729309822979,large,1,95.70058712489285,True
field_work,Img_76.tif,gt,23,267.26893331208186,medium,1,77.96981868166579,True
field_work,Img_76.tif,gt,24,242.49487579704402,medium,1,94.67439660085363,True
field_work,Img_76.tif,gt,25,1445.2557247822194,large,1,54.356806467427745,True
field_work,Img_76.tif,gt,26,1586.2108128680864,large,1,98.93765546882224,True
field_work,Img_76.tif,gt,27,1257.4992737446607,large,1,99.47880583831011,True
field_work,Img_76.tif,gt,28,1493.1455946128272,large,1,96.48386910199908,True
field_work,Img_76.tif,pred,0,1867.31644070521,,1,98.9376554688222,True
field_work,Img_76.tif,pred,1,1935.6377110776957,,1,95.7005871248928,True
field_work,Img_76.tif,pred,2,1000.4268607132399,,1,92.1059229129226,True
field_work,Img_76.tif,pred,3,1738.6577786235139,,1,96.48386910199908,True
field_work,Img_76.tif,pred,4,526.1668351603003,,1,92.38861642853168,True
field_work,Img_76.tif,pred,5,964.4915349162475,,1,78.96924216622956,True
field_work,Img_76.tif,pred,6,2507.056702472735,,1,94.66293455881313,True
field_work,Img_76.tif,pred,7,755.5329877515614,,1,93.29271670224732,True
field_work,Img_76.tif,pred,8,189.43787235340642,,1,94.8909300207047,True
field_work,Img_76.tif,pred,9,9180.4140220189,,3,99.1812179890434,True
field_work,Img_76.tif,pred,10,1106.4587770521503,,2,87.41695467244905,True
field_work,Img_76.tif,pred,11,485.79495946969837,,1,88.54315526573109,True
field_work,Img_76.tif,pred,12,1881.9566171274491,,3,41.71752056568662,False
field_work,Img_76.tif,pred,13,309.22289250775793,,1,97.70003751939784,True
field_work,Img_76.tif,pred,14,486.6822687297645,,2,53.25666705516016,True
field_work,Img_76.tif,pred,15,3214.231990824561,,1,96.10592402924239,True
field_work,Img_76.tif,pred,16,206.2964841863286,,1,87.44646234266992,True
field_work,Img_76.tif,pred,17,2059.415796166868,,2,44.15885785858567,False
field_work,Img_76.tif,pred,18,256.42847000574693,,1,97.50609778640725,True
field_work,Img_76.tif,pred,19,252.4361003760714,,1,94.67439660085363,True
field_work,Img_76.tif,pred,20,860.678005309659,,1,54.356806467427745,True
field_work,Img_76.tif,pred,21,395.29059130325913,,1,67.14464130169915,True
field_work,Img_76.tif,pred,22,1550.5509068789543,,3,89.47493836211979,True
field_work,Img_76.tif,pred,23,244.45043404237367,,1,77.96981868166577,True
field_work,Img_77.tif,gt,0,575.4774286648789,medium,1,98.54445040759711,True
field_work,Img_77.tif,pred,0,732.9699854163482,,1,98.54445040759713,True
field_work,Img_77.tif,pred,1,136.43840161756816,,0,0.0,False
field_work,Img_77.tif,pred,2,237.11146871652454,,0,0.0,False
field_work,Img_78.tif,gt,0,50.13519244085313,small,0,0.0,False
field_work,Img_79.tif,gt,0,318.8607675455802,medium,1,93.90427156346016,True
field_work,Img_79.tif,gt,1,114.32303370919597,small,1,87.3191287716391,True
field_work,Img_79.tif,gt,2,22.890561401733944,small,0,0.0,False
field_work,Img_79.tif,pred,0,133.09457304043462,,1,87.31912877163907,True
field_work,Img_79.tif,pred,1,320.7577532108644,,1,93.90427156346018,True
field_work,Img_8.tif,gt,0,706.2187101410741,medium,1,99.60490789254222,True
field_work,Img_8.tif,gt,1,122.59147988152075,small,1,99.93202651409176,True
field_work,Img_8.tif,gt,2,212.500743058162,medium,1,91.66321068621744,True
field_work,Img_8.tif,gt,3,198.07419148400007,medium,1,95.65883116646063,True
field_work,Img_8.tif,gt,4,61.23976458210002,small,1,79.2274191613193,True
field_work,Img_8.tif,gt,5,92.99182233400802,small,1,88.16552970366114,True
field_work,Img_8.tif,gt,6,67.49465029288791,small,1,77.62429568224005,True
field_work,Img_8.tif,gt,7,508.1667873459852,medium,1,100.0,True
field_work,Img_8.tif,gt,8,2691.6361196654534,large,1,96.33126493586158,True
field_work,Img_8.tif,gt,9,1736.6940524362776,large,1,97.68072353316451,True
field_work,Img_8.tif,gt,10,2220.2667799844735,large,1,99.30930240884706,True
field_work,Img_8.tif,gt,11,1690.1786359389098,large,1,98.04376172859813,True
field_work,Img_8.tif,gt,12,18.35564711863999,small,1,1.0107430822258927,False
field_work,Img_8.tif,gt,13,2895.811373776125,large,1,98.227218919909,True
field_work,Img_8.tif,pred,0,677.4514832813293,,1,100.0,True
field_work,Img_8.tif,pred,1,3200.4789758311526,,1,98.22721891990898,True
field_work,Img_8.tif,pred,2,2737.310248036886,,1,96.33126493586148,True
field_work,Img_8.tif,pred,3,1852.6754158126714,,2,97.00128697887193,True
field_work,Img_8.tif,pred,4,2410.7850142242096,,1,99.30930240884717,True
field_work,Img_8.tif,pred,5,233.8026807004062,,1,91.66321068621738,True
field_work,Img_8.tif,pred,6,766.6241240919553,,1,99.60490789254216,True
field_work,Img_8.tif,pred,7,204.8039645808749,,1,99.93202651409177,True
field_work,Img_8.tif,pred,8,257.75965454748075,,1,95.65883116646057,True
field_work,Img_8.tif,pred,9,30334.451376151177,,0,0.0,False
field_work,Img_8.tif,pred,10,1756.8473553567796,,1,97.68072353316445,True
field_work,Img_8.tif,pred,11,114.90495161496801,,1,88.1655297036611,True
field_work,Img_8.tif,pred,12,62.99803241173504,,1,77.62429568224003,True
field_work,Img_8.tif,pred,13,69.20918847346911,,1,79.22741916131929,True
field_work,Img_8.tif,pred,14,13.753103983873189,,0,0.0,False
field_work,Img_80.tif,gt,0,635.171083777581,medium,1,99.7360820317769,True
field_work,Img_80.tif,gt,1,169.96021124310803,small,0,0.0,False
field_work,Img_80.tif,pred,0,803.6177601179648,,1,99.73608203177689,True
field_work,Img_81.tif,gt,0,5101.07204594473,large,1,97.52806231986516,True
field_work,Img_81.tif,gt,1,243.44801326697763,medium,1,94.19025882110938,True
field_work,Img_81.tif,gt,2,59.031543921739924,small,0,0.0,False
field_work,Img_81.tif,gt,3,174.51090065341373,small,1,96.36341125892004,True
field_work,Img_81.tif,gt,4,464.1720782438212,medium,1,94.51054572054373,True
field_work,Img_81.tif,gt,5,62.189707005633984,small,0,0.0,False
field_work,Img_81.tif,gt,6,4282.148493892723,large,1,92.21922087379171,True
field_work,Img_81.tif,gt,7,80.75030394150188,small,0,0.0,False
field_work,Img_81.tif,gt,8,193.86487154229002,small,0,0.0,False
field_work,Img_81.tif,gt,9,104.9641743991362,small,0,0.0,False
field_work,Img_81.tif,gt,10,73.29541592859233,small,0,0.0,False
field_work,Img_81.tif,gt,11,258.4115007328659,medium,0,0.0,False
field_work,Img_81.tif,gt,12,210.095768088544,medium,1,96.13557869395513,True
field_work,Img_81.tif,gt,13,619.5874532434342,medium,2,63.25318951455752,True
field_work,Img_81.tif,gt,14,934.2022006758225,medium,1,98.61875348785202,True
field_work,Img_81.tif,gt,15,5930.535316288728,large,2,75.6562439729283,True
field_work,Img_81.tif,gt,16,168.8690149046161,small,0,0.0,False
field_work,Img_81.tif,gt,17,212.6581893106319,medium,0,0.0,False
field_work,Img_81.tif,gt,18,2845.6799583806614,large,1,95.2755553439179,True
field_work,Img_81.tif,gt,19,844.8731221237839,medium,1,44.26181904208824,False
field_work,Img_81.tif,gt,20,854.3942527056038,medium,1,90.10434294728734,True
field_work,Img_81.tif,gt,21,275.0496169257719,medium,1,69.29358306551116,True
field_work,Img_81.tif,gt,22,87.73957313555212,small,0,0.0,False
field_work,Img_81.tif,gt,23,392.6348815863239,medium,1,85.34232993554667,True
field_work,Img_81.tif,gt,24,524.7545584510585,medium,1,95.7584962938639,True
field_work,Img_81.tif,gt,25,338.0342508338643,medium,1,93.30220576962577,True
field_work,Img_81.tif,gt,26,87.40982901370202,small,0,0.0,False
field_work,Img_81.tif,gt,27,104.2709754918779,small,0,0.0,False
field_work,Img_81.tif,gt,28,2760.623450634764,large,2,97.1061504367163,True
field_work,Img_81.tif,gt,29,4754.10964652689,large,1,95.23482389424616,True
field_work,Img_81.tif,gt,30,187.33128457279602,small,1,93.57174949988827,True
field_work,Img_81.tif,gt,31,1807.1886799929302,large,1,76.84639052621158,True
field_work,Img_81.tif,pred,0,5121.4762742261155,,1,97.5280623198651,True
field_work,Img_81.tif,pred,1,2750.1760715633154,,1,97.106056544808,True
field_work,Img_81.tif,pred,2,2816.279716142375,,1,95.27555534391797,True
field_work,Img_81.tif,pred,3,4463.545708753751,,1,69.64875165073093,True
field_work,Img_81.tif,pred,4,4907.193983623481,,2,60.24925280874419,True
field_work,Img_81.tif,pred,5,4765.670506050199,,1,92.21922087379178,True
field_work,Img_81.tif,pred,6,1743.5379666400186,,2,78.41728629920136,True
field_work,Img_81.tif,pred,7,371.33377556176856,,1,85.34232993554667,True
field_work,Img_81.tif,pred,8,828.2915298231674,,1,90.10434294728732,True
field_work,Img_81.tif,pred,9,387.30498785269447,,1,93.30220576962577,True
field_work,Img_81.tif,pred,10,703.6262554003333,,1,44.261819042088234,False
field_work,Img_81.tif,pred,11,597.1506390097784,,1,95.75849629386387,True
field_work,Img_81.tif,pred,12,551.898343533976,,1,94.5105457205437,True
field_work,Img_81.tif,pred,13,428.1207884575706,,1,63.086769757667994,True
field_work,Img_81.tif,pred,14,278.61100185406394,,1,94.19025882110937,True
field_work,Img_81.tif,pred,15,1751.5236518385354,,3,63.740334249128104,True
field_work,Img_81.tif,pred,16,218.71860137279145,,1,69.29358306551116,True
field_work,Img_81.tif,pred,17,212.06389859272167,,1,96.36341125892002,True
field_work,Img_81.tif,pred,18,393.07232590124477,,1,6.007492322197393,False
field_work,Img_82.tif,gt,0,986.8515588242216,medium,3,68.01232594784891,True
field_work,Img_82.tif,gt,1,355.1895193052952,medium,1,77.1037501015968,True
field_work,Img_82.tif,gt,2,588.915037970948,medium,1,99.61212965101188,True
field_work,Img_82.tif,gt,3,489.570007935996,medium,3,98.72944553969246,True
field_work,Img_82.tif,gt,4,1196.6605552378617,large,1,96.91152501066605,True
field_work,Img_82.tif,gt,5,2599.739095242458,large,1,98.43407580299771,True
field_work,Img_82.tif,gt,6,399.99924637501437,medium,2,90.07303666876727,True
field_work,Img_82.tif,gt,7,2838.1337031663193,large,3,98.81747653680173,True
field_work,Img_82.tif,gt,8,163.240443156648,small,1,97.8779764129578,True
field_work,Img_82.tif,gt,9,206.60463966269387,medium,0,0.0,False
field_work,Img_82.tif,gt,10,110.69676630282397,small,0,0.0,False
field_work,Img_82.tif,gt,11,950.4807606817901,medium,2,99.9521793144656,True
field_work,Img_82.tif,gt,12,3440.505016598961,large,1,98.27211629121416,True
field_work,Img_82.tif,gt,13,1617.9060442236382,large,1,98.06824754308862,True
field_work,Img_82.tif,gt,14,138.81504215597195,small,1,99.10640617109863,True
field_work,Img_82.tif,gt,15,178.16695316667,small,1,81.46198727482216,True
field_work,Img_82.tif,gt,16,1057.8520051594303,medium,1,100.00000000000003,True
field_work,Img_82.tif,gt,17,99.02380099702991,small,1,98.89014361980627,True
field_work,Img_82.tif,gt,18,184.37001857679599,small,1,82.86181320895395,True
field_work,Img_82.tif,gt,19,83.12669472803805,small,0,0.0,False
field_work,Img_82.tif,gt,20,84.34085971519006,small,1,91.77544883681342,True
field_work,Img_82.tif,gt,21,78.46548325610803,small,1,80.79503682750483,True
field_work,Img_82.tif,gt,22,177.5250937341181,small,1,85.91897544163476,True
field_work,Img_82.tif,gt,23,56.62976513960998,small,0,0.0,False
field_work,Img_82.tif,gt,24,702.5266229959119,medium,1,94.17424840960878,True
field_work,Img_82.tif,gt,25,155.26162380404003,small,0,0.0,False
field_work,Img_82.tif,gt,26,918.4839225801983,medium,1,92.9461259776568,True
field_work,Img_82.tif,gt,27,112.91907890075817,small,0,0.0,False
field_work,Img_82.tif,gt,28,6358.899982416412,large,1,96.35637011228077,True
field_work,Img_82.tif,gt,29,5402.696230802728,large,3,96.51379464310452,True
field_work,Img_82.tif,gt,30,660.7403613453498,medium,1,88.69111473743817,True
field_work,Img_82.tif,gt,31,7551.001273480391,large,3,98.30789321537407,True
field_work,Img_82.tif,gt,32,296.66017805423957,medium,1,87.12263700571981,True
field_work,Img_82.tif,gt,33,208.2074055201917,medium,1,82.28357856570103,True
field_work,Img_82.tif,gt,34,568.7583724370083,medium,1,93.72274200139535,True
field_work,Img_82.tif,gt,35,307.721884484378,medium,1,86.71979526231695,True
field_work,Img_82.tif,gt,36,1010.7925894356156,medium,3,66.84899367657418,True
field_work,Img_82.tif,gt,37,3929.274393190951,large,2,96.98597752566528,True
field_work,Img_82.tif,gt,38,1089.7688885085847,medium,1,57.64537022329551,True
field_work,Img_82.tif,gt,39,409.47482572232593,medium,1,80.53636264584732,True
field_work,Img_82.tif,gt,40,57.02482000368424,small,2,92.77993683337435,True
field_work,Img_82.tif,pred,0,1421.4491394940005,,1,96.91152501066603,True
field_work,Img_82.tif,pred,1,3915.640148080245,,1,96.98099158427962,True
field_work,Img_82.tif,pred,2,6754.102272887656,,1,96.35637011228071,True
field_work,Img_82.tif,pred,3,611.3476895797066,,1,93.72274200139536,True
field_work,Img_82.tif,pred,4,5026.5354709271705,,2,98.63578578625001,True
field_work,Img_82.tif,pred,5,724.0340182586806,,1,94.17424840960874,True
field_work,Img_82.tif,pred,6,2042.1132214653771,,1,32.8718793986914,False
field_work,Img_82.tif,pred,7,770.173326321994,,1,88.69111473743818,True
field_work,Img_82.tif,pred,8,1850.9007923517797,,1,98.06824754308853,True
field_work,Img_82.tif,pred,9,3462.6750322728967,,3,49.47263876244284,False
field_work,Img_82.tif,pred,10,4036.3123781171653,,5,69.90093196869303,True
field_work,Img_82.tif,pred,11,271.9564679595642,,1,87.12263700571981,True
field_work,Img_82.tif,pred,12,1082.0583256016507,,1,92.9461259776568,True
field_work,Img_82.tif,pred,13,381.5374845120241,,1,80.53636264584732,True
field_work,Img_82.tif,pred,14,306.5609669734258,,1,86.71979526231698,True
field_work,Img_82.tif,pred,15,882.8600904647901,,1,99.61212965101186,True
field_work,Img_82.tif,pred,16,205.4090880129952,,1,3.50141980958774,False
field_work,Img_82.tif,pred,17,783.9261151054525,,2,12.63576260562456,False
field_work,Img_82.tif,pred,18,196.5363785494119,,1,82.28357856570102,True
field_work,Img_82.tif,pred,19,8555.75769584496,,1,98.16677091126628,True
field_work,Img_82.tif,pred,20,180.5648464536207,,1,85.91897544163474,True
field_work,Img_82.tif,pred,21,562.9897208504844,,1,46.61830621619614,False
field_work,Img_82.tif,pred,22,2476.001423711399,,4,97.60030601064949,True
field_work,Img_82.tif,pred,23,3696.034194552107,,1,63.58867313381425,True
field_work,Img_82.tif,pred,24,339.83481864549685,,1,4.118421943745588,False
field_work,Img_82.tif,pred,25,101.59545801853528,,1,91.77544883681342,True
field_work,Img_82.tif,pred,26,135.7564067209605,,0,0.0,False
field_work,Img_82.tif,pred,27,188.994304748805,,1,82.86181320895395,True
field_work,Img_82.tif,pred,28,167.25536004384048,,1,15.232429036094377,False
field_work,Img_82.tif,pred,29,727.1400813865475,,0,0.0,False
field_work,Img_82.tif,pred,30,2084.2597143284947,,2,55.58887656793855,True
field_work,Img_82.tif,pred,31,502.65356737245565,,1,94.21665772130766,True
field_work,Img_82.tif,pred,32,129.10157357088792,,1,80.79503682750483,True
field_work,Img_82.tif,pred,33,4652.095623254543,,1,52.122564243758326,True
field_work,Img_82.tif,pred,34,1180.5476609787438,,3,71.32993031075415,True
field_work,Img_82.tif,pred,35,101.59553347807378,,0,0.0,False
field_work,Img_82.tif,pred,36,379.7632940444164,,0,0.0,False
field_work,Img_82.tif,pred,37,251.54858292848803,,1,20.230687460378043,False
field_work,Img_82.tif,pred,38,314.1028925497085,,1,26.174314434703376,False
field_work,Img_82.tif,pred,39,777.2713099161629,,2,63.464346757874914,True
field_work,Img_83.tif,gt,0,190.67457499240808,small,2,96.31252488538263,True
field_work,Img_83.tif,gt,1,129.19557346612785,small,1,93.87795670747656,True
field_work,Img_83.tif,gt,2,87.26615055849594,small,2,98.59361456661955,True
field_work,Img_83.tif,gt,3,460.53833457150984,medium,2,95.74295592686985,True
field_work,Img_83.tif,gt,4,90.5701480407359,small,1,90.18037637336333,True
field_work,Img_83.tif,gt,5,143.55159745768384,small,1,95.01462573076405,True
field_work,Img_83.tif,gt,6,1350.3290366926879,large,1,90.8367954244549,True
field_work,Img_83.tif,gt,7,7936.739581657118,large,2,87.38292568272958,True
field_work,Img_83.tif,gt,8,103.69229667552577,small,2,100.00000000000003,True
field_work,Img_83.tif,gt,9,188.86508271498394,small,2,100.00000000000003,True
field_work,Img_83.tif,gt,10,10108.00734664396,large,2,98.6788265878222,True
field_work,Img_83.tif,gt,11,168.32471172085368,small,2,70.37864549024573,True
field_work,Img_83.tif,gt,12,429.48030059084766,medium,2,97.88908645895056,True
field_work,Img_83.tif,gt,13,224.51884711796802,medium,1,0.01530113575596299,False
field_work,Img_83.tif,gt,14,863.8091837962621,medium,2,90.58964043698295,True
field_work,Img_83.tif,gt,15,1343.6049752491094,large,1,77.16256964296764,True
field_work,Img_83.tif,gt,16,3570.5867145747757,large,1,94.68041050757664,True
field_work,Img_83.tif,gt,17,255.0498246754902,medium,2,97.52617095497075,True
field_work,Img_83.tif,gt,18,13218.295198869484,large,1,96.4225483512162,True
field_work,Img_83.tif,gt,19,2756.2101906673884,large,2,93.72753634117369,True
field_work,Img_83.tif,gt,20,54.90497133139189,small,0,0.0,False
field_work,Img_83.tif,gt,21,846.4426479452057,medium,2,93.94396688479455,True
field_work,Img_83.tif,gt,22,321.3553522984738,medium,1,29.932824446940636,False
field_work,Img_83.tif,gt,23,142.0005723099608,small,1,99.99983558723805,True
field_work,Img_83.tif,gt,24,10210.428666556169,large,1,82.92821606305614,True
field_work,Img_83.tif,gt,25,355.09664066148986,medium,2,97.72244718458968,True
field_work,Img_83.tif,gt,26,467.57416357922415,medium,0,0.0,False
field_work,Img_83.tif,gt,27,2461.235007554102,large,1,92.32638412117502,True
field_work,Img_83.tif,gt,28,619.1079565836357,medium,1,97.35214534056547,True
field_work,Img_83.tif,gt,29,129.31341861614794,small,1,87.67612552681013,True
field_work,Img_83.tif,gt,30,89.09922127989996,small,0,0.0,False
field_work,Img_83.tif,gt,31,92.64552701598996,small,1,85.60516250122173,True
field_work,Img_83.tif,gt,32,46.144284043988016,small,0,0.0,False
field_work,Img_83.tif,gt,33,460.2661195422677,medium,1,81.24622454130802,True
field_work,Img_83.tif,gt,34,274.004276764036,medium,1,74.5142627210137,True
field_work,Img_83.tif,gt,35,130.438926699822,small,1,92.88074404662471,True
field_work,Img_83.tif,gt,36,455.97989797170214,medium,1,95.99604456943541,True
field_work,Img_83.tif,gt,37,144.46923532334793,small,1,99.96582420686352,True
field_work,Img_83.tif,gt,38,240.68748411999277,medium,1,80.61847024401972,True
field_work,Img_83.tif,pred,0,19256.112134805324,,5,82.52771968643823,True
field_work,Img_83.tif,pred,1,2319.8372161216685,,1,92.32638412117505,True
field_work,Img_83.tif,pred,2,660.5924319418555,,1,97.35214534056546,True
field_work,Img_83.tif,pred,3,1349.1346996439388,,1,90.83679542445492,True
field_work,Img_83.tif,pred,4,468.0492279237369,,1,81.24622454130804,True
field_work,Img_83.tif,pred,5,9305.523532063475,,3,78.6206103816533,True
field_work,Img_83.tif,pred,6,508.4204738868866,,1,94.63291614821422,True
field_work,Img_83.tif,pred,7,943.6400149061228,,1,93.94396688479458,True
field_work,Img_83.tif,pred,8,747.547373521069,,2,96.95118131095124,True
field_work,Img_83.tif,pred,9,13760.639697517734,,6,58.596081031810485,True
field_work,Img_83.tif,pred,10,204.9655448879348,,1,93.87795670747656,True
field_work,Img_83.tif,pred,11,20387.415085760993,,7,90.20767416799094,True
field_work,Img_83.tif,pred,12,461.83812216855586,,1,97.52617095497071,True
field_work,Img_83.tif,pred,13,137.5310176051571,,1,87.67612552681013,True
field_work,Img_83.tif,pred,14,247.11231084237806,,1,80.61847024401975,True
field_work,Img_83.tif,pred,15,176.57202361766576,,1,92.88074404662471,True
field_work,Img_83.tif,pred,16,451.19029258077353,,1,96.31252488538263,True
field_work,Img_83.tif,pred,17,862.8960048069821,,1,74.5142627210137,True
field_work,Img_83.tif,pred,18,180.12122573544184,,1,92.85844929266398,True
field_work,Img_83.tif,pred,19,2855.7642799901078,,2,85.32785839167762,True
field_work,Img_83.tif,pred,20,212.95171248790575,,1,99.99983558723805,True
field_work,Img_83.tif,pred,21,380.6503820918151,,1,95.6063640310239,True
field_work,Img_83.tif,pred,22,111.79922496714062,,0,0.0,False
field_work,Img_83.tif,pred,23,381.0939081487595,,2,93.14449325317851,True
field_work,Img_83.tif,pred,24,773.2783689498901,,3,64.04344993846843,True
field_work,Img_83.tif,pred,25,413.480034859851,,1,98.59361456661958,True
field_work,Img_83.tif,pred,26,112.6865838036174,,1,85.60516250122173,True
field_work,Img_83.tif,pred,27,118.454020668054,,1,89.92523666128486,True
field_work,Img_83.tif,pred,28,45.252156796577765,,0,0.0,False
field_work,Img_84.tif,gt,0,27.94188290420785,small,1,100.0,True
field_work,Img_84.tif,gt,1,3019.441929317585,large,3,75.25923781472143,True
field_work,Img_84.tif,gt,2,693.1697482518398,medium,1,95.50695058438983,True
field_work,Img_84.tif,gt,3,2645.8914152560524,large,1,85.14647383950916,True
field_work,Img_84.tif,gt,4,135.5474197064522,small,1,93.72853849787462,True
field_work,Img_84.tif,gt,5,1505.3590950871724,large,1,98.63061263188656,True
field_work,Img_84.tif,gt,6,588.7342320781219,medium,1,71.41806546498654,True
field_work,Img_84.tif,gt,7,3499.879641322505,large,1,97.48187487503688,True
field_work,Img_84.tif,gt,8,194.92498793780973,small,1,99.29843279019666,True
field_work,Img_84.tif,gt,9,195.067128919572,small,0,0.0,False
field_work,Img_84.tif,gt,10,170.29672709389584,small,1,79.52060539805474,True
field_work,Img_84.tif,gt,11,752.2491839222097,medium,1,86.8322707317225,True
field_work,Img_84.tif,gt,12,1498.377323554462,large,1,92.49331576741665,True
field_work,Img_84.tif,gt,13,944.6198831721086,medium,1,81.87377504802257,True
field_work,Img_84.tif,gt,14,90.76465747330812,small,0,0.0,False
field_work,Img_84.tif,gt,15,123.22155750915404,small,0,0.0,False
field_work,Img_84.tif,gt,16,810.9372079372199,medium,1,93.75540123573266,True
field_work,Img_84.tif,gt,17,166.49589076775203,small,1,75.94009401799555,True
field_work,Img_84.tif,gt,18,1451.260807145266,large,1,84.68515247778393,True
field_work,Img_84.tif,gt,19,1177.9820901875776,large,2,56.92518055103003,True
field_work,Img_84.tif,gt,20,446.294292249286,medium,1,94.27303107655324,True
field_work,Img_84.tif,gt,21,50.72551779908601,small,2,74.3242366084762,True
field_work,Img_84.tif,gt,22,1699.9416580635054,large,1,92.43160285117507,True
field_work,Img_84.tif,gt,23,990.300352386046,medium,1,90.72141638730017,True
field_work,Img_84.tif,gt,24,90.47928655524213,small,0,0.0,False
field_work,Img_84.tif,gt,25,1044.2350042436258,medium,1,92.3071077601828,True
field_work,Img_84.tif,gt,26,207.704860879698,medium,1,97.49013453115771,True
field_work,Img_84.tif,gt,27,138.16645493989012,small,1,88.21865515663117,True
field_work,Img_84.tif,gt,28,1693.2553457365523,large,2,97.74531031336491,True
field_work,Img_84.tif,gt,29,256.44550338661793,medium,1,62.875539358405476,True
field_work,Img_84.tif,gt,30,103.90077694770798,small,0,0.0,False
field_work,Img_84.tif,gt,31,1118.9314945179544,medium,1,89.08232973989057,True
field_work,Img_84.tif,pred,0,3948.913825476542,,2,97.57771012621542,True
field_work,Img_84.tif,pred,1,1664.5683419449051,,3,53.67639685829144,True
field_work,Img_84.tif,pred,2,794.5741990318638,,1,93.75540123573266,True
field_work,Img_84.tif,pred,3,1240.4409238538356,,1,84.68515247778397,True
field_work,Img_84.tif,pred,4,1457.8282095290488,,1,92.49331576741665,True
field_work,Img_84.tif,pred,5,793.6865917518735,,1,81.87377504802255,True
field_work,Img_84.tif,pred,6,561.2151834044707,,2,92.23600063061119,True
field_work,Img_84.tif,pred,7,1751.5236344893656,,1,96.32882834480488,True
field_work,Img_84.tif,pred,8,670.7963313371874,,1,86.83227073172256,True
field_work,Img_84.tif,pred,9,1023.9401275465898,,1,92.30710776018279,True
field_work,Img_84.tif,pred,10,565.6515689042863,,1,71.41806546498653,True
field_work,Img_84.tif,pred,11,831.8407904446358,,1,95.50695058438986,True
field_work,Img_84.tif,pred,12,179.67761108095874,,1,88.21865515663117,True
field_work,Img_84.tif,pred,13,673.9018195357057,,1,56.865352393113376,True
field_work,Img_84.tif,pred,14,2271.4797684224322,,1,68.32277244145607,True
field_work,Img_84.tif,pred,15,1759.5096368532177,,1,98.63061263188652,True
field_work,Img_84.tif,pred,16,2461.3616526024416,,1,85.14647383950914,True
field_work,Img_84.tif,pred,17,1086.938835893292,,1,32.30926659594158,False
field_work,Img_84.tif,pred,18,988.4484467787806,,1,90.7214163873002,True
field_work,Img_84.tif,pred,19,154.38978866650723,,1,79.52060539805473,True
field_work,Img_84.tif,pred,20,250.21753358506976,,1,97.49013453115771,True
field_work,Img_84.tif,pred,21,150.396844107192,,1,93.72853849787464,True
field_work,Img_84.tif,pred,22,1420.5614851643331,,1,44.33327527014734,False
field_work,Img_84.tif,pred,23,183.2267717635259,,1,62.875539358405476,True
field_work,Img_84.tif,pred,24,40.81562840668812,,0,0.0,False
field_work,Img_84.tif,pred,25,1202.2870081340716,,1,66.89210132846718,True
field_work,Img_84.tif,pred,26,78.96947647118941,,1,100.0,True
field_work,Img_84.tif,pred,27,1342.4798277535992,,1,89.08232973989055,True
field_work,Img_84.tif,pred,28,168.1426547059673,,1,75.94009401799556,True
field_work,Img_85.tif,gt,0,141.85268659197996,small,1,97.97736038419387,True
field_work,Img_85.tif,pred,0,226.2606778680347,,1,97.97736038419387,True
field_work,Img_86.tif,gt,0,232.39968364026694,medium,1,82.22826661037102,True
field_work,Img_86.tif,gt,1,1367.5560996856466,large,1,90.39207504806262,True
field_work,Img_86.tif,gt,2,354.9495169690729,medium,1,94.7186991564166,True
field_work,Img_86.tif,gt,3,681.0009629286111,medium,1,99.30946089941366,True
field_work,Img_86.tif,gt,4,483.8597361418339,medium,1,93.79262965559299,True
field_work,Img_86.tif,gt,5,153.3895734974588,small,1,85.97086217212417,True
field_work,Img_86.tif,gt,6,365.060605023166,medium,1,65.98266691218647,True
field_work,Img_86.tif,pred,0,1590.0151522907945,,1,90.39207504806271,True
field_work,Img_86.tif,pred,1,870.7328850636259,,1,99.30946089941372,True
field_work,Img_86.tif,pred,2,590.35029007704,,1,93.79262965559302,True
field_work,Img_86.tif,pred,3,460.53487420722377,,1,94.71869915641659,True
field_work,Img_86.tif,pred,4,352.35549483328214,,1,82.2282666103711,True
field_work,Img_86.tif,pred,5,278.6170026951586,,1,85.97086217212421,True
field_work,Img_86.tif,pred,6,274.6429744709458,,1,65.98266691218649,True
field_work,Img_87.tif,gt,0,218.35212436219012,medium,2,80.13597385087363,True
field_work,Img_87.tif,gt,1,428.42529662615794,medium,1,98.15132036032225,True
field_work,Img_87.tif,pred,0,556.7786007219693,,2,65.98721245509702,True
field_work,Img_87.tif,pred,1,200.52895659086062,,1,77.25745571355885,True
field_work,Img_87.tif,pred,2,29.724363998509943,,0,0.0,False
field_work,Img_88.tif,gt,0,124.38932264891588,small,2,96.19662518951048,True
field_work,Img_88.tif,gt,1,973.2138275487682,medium,2,92.4193878142723,True
field_work,Img_88.tif,gt,2,159.56059596323618,small,1,86.27018195594344,True
field_work,Img_88.tif,gt,3,141.43725046986583,small,1,98.50507643114001,True
field_work,Img_88.tif,gt,4,106.25058665982847,small,1,96.49293179403327,True
field_work,Img_88.tif,gt,5,241.50967567989596,medium,4,87.88256180432144,True
field_work,Img_88.tif,gt,6,234.4569450193618,medium,3,99.72692965970008,True
field_work,Img_88.tif,gt,7,72.57349954491013,small,0,0.0,False
field_work,Img_88.tif,gt,8,359.511827498591,medium,1,97.31552745947216,True
field_work,Img_88.tif,gt,9,2720.964881495407,large,3,96.34388229567192,True
field_work,Img_88.tif,gt,10,277.2620541915638,medium,2,96.43267923583548,True
field_work,Img_88.tif,gt,11,1410.449307081464,large,3,95.69230589814995,True
field_work,Img_88.tif,gt,12,223.04998936363012,medium,1,87.79920590625294,True
field_work,Img_88.tif,gt,13,118.50138587762784,small,1,77.33315282692791,True
field_work,Img_88.tif,gt,14,46.21951604714608,small,1,78.48489018682895,True
field_work,Img_88.tif,gt,15,59.44016403995803,small,2,90.63651713952832,True
field_work,Img_88.tif,gt,16,175.2648276221699,small,1,90.73525058464107,True
field_work,Img_88.tif,gt,17,165.71379368822193,small,1,87.5520913853206,True
field_work,Img_88.tif,gt,18,23.16951412770802,small,0,0.0,False
field_work,Img_88.tif,gt,19,97.77015243949207,small,1,92.43905516754045,True
field_work,Img_88.tif,gt,20,63.280867841282024,small,1,49.38211975061988,False
field_work,Img_88.tif,gt,21,387.79680033330595,medium,3,83.02291736064196,True
field_work,Img_88.tif,gt,22,26.809688258808183,small,1,63.62468761889251,True
field_work,Img_88.tif,gt,23,1175.27655727443,large,4,93.27068483817693,True
field_work,Img_88.tif,gt,24,435.1902796962762,medium,1,95.95024077076528,True
field_work,Img_88.tif,gt,25,549.126237741874,medium,1,91.05196659322038,True
field_work,Img_88.tif,gt,26,197.215047643484,small,1,87.49476451997359,True
field_work,Img_88.tif,gt,27,30.98496269895008,small,1,82.64643167504002,True
field_work,Img_88.tif,gt,28,563.5073016971836,medium,1,88.2925807414644,True
field_work,Img_88.tif,gt,29,155.96136620911616,small,1,69.32402646079674,True
field_work,Img_88.tif,gt,30,394.1852846271337,medium,2,76.1124802865834,True
field_work,Img_88.tif,gt,31,20.475638926158034,small,0,0.0,False
field_work,Img_88.tif,gt,32,25.714934921546053,small,2,78.44390894237026,True
field_work,Img_88.tif,gt,33,85.22035414700603,small,2,89.233641143398,True
field_work,Img_88.tif,gt,34,21.540062643605914,small,1,8.10105884240299,False
field_work,Img_88.tif,gt,35,47.639031801321885,small,1,92.00183644397647,True
field_work,Img_88.tif,gt,36,105.66518512352407,small,1,95.98280393438361,True
field_work,Img_88.tif,gt,37,62.09580059813006,small,1,94.23906090193091,True
field_work,Img_88.tif,gt,38,56.84915464098008,small,3,81.5056496220007,True
field_work,Img_88.tif,gt,39,46.864207018252046,small,1,86.93674048253794,True
field_work,Img_88.tif,gt,40,116.3397171859521,small,2,91.6086879854227,True
field_work,Img_88.tif,gt,41,65.84969941048203,small,1,90.43959194988348,True
field_work,Img_88.tif,gt,42,42.93476829155817,small,1,17.862832832480425,False
field_work,Img_88.tif,gt,43,334.12971856362833,medium,1,97.58670459849313,True
field_work,Img_88.tif,gt,44,212.48896260828582,medium,3,92.9834369591415,True
field_work,Img_88.tif,gt,45,143.49368160756205,small,2,85.98371331726392,True
field_work,Img_88.tif,gt,46,534.6721979283359,medium,1,77.05884794142732,True
field_work,Img_88.tif,gt,47,68.14920732479588,small,1,74.68281400011624,True
field_work,Img_88.tif,gt,48,606.9126317868642,medium,4,94.3608001727885,True
field_work,Img_88.tif,gt,49,392.19107958552604,medium,1,95.34840986508821,True
field_work,Img_88.tif,gt,50,564.0269245738662,medium,1,92.5621383876244,True
field_work,Img_88.tif,gt,51,127.115513462626,small,1,76.20840728233068,True
field_work,Img_88.tif,gt,52,132.96023059878019,small,1,87.49519144606093,True
field_work,Img_88.tif,gt,53,131.0182731239719,small,1,78.17297504589217,True
field_work,Img_88.tif,gt,54,399.581695103656,medium,1,92.25078144608385,True
field_work,Img_88.tif,gt,55,116.41423237189197,small,1,89.46643173041203,True
field_work,Img_88.tif,gt,56,37.059635811353985,small,1,6.344050764365347,False
field_work,Img_88.tif,gt,57,258.5863828812942,medium,1,91.20642464619414,True
field_work,Img_88.tif,gt,58,288.36492251858215,medium,1,95.7787123001586,True
field_work,Img_88.tif,gt,59,226.7711210495639,medium,1,83.46520534289272,True
field_work,Img_88.tif,gt,60,161.32252640909599,small,1,79.45219442846884,True
field_work,Img_88.tif,gt,61,242.59619057575188,medium,1,93.3813718582513,True
field_work,Img_88.tif,gt,62,155.92933743795209,small,2,70.13798764023575,True
field_work,Img_88.tif,gt,63,241.97431815533614,medium,1,90.94534485012126,True
field_work,Img_88.tif,gt,64,286.5316395548098,medium,1,92.28326129106588,True
field_work,Img_88.tif,gt,65,200.39174171122608,medium,1,80.17370019463443,True
field_work,Img_88.tif,gt,66,291.511043130268,medium,1,92.22714449350691,True
field_work,Img_88.tif,gt,67,156.9007495035239,small,1,88.9454840796151,True
field_work,Img_88.tif,gt,68,249.32014133379613,medium,1,86.37807154912596,True
field_work,Img_88.tif,gt,69,585.8264075835602,medium,2,85.33245508874495,True
field_work,Img_88.tif,gt,70,340.78997414610205,medium,1,97.56705909989233,True
field_work,Img_88.tif,gt,71,459.8152868703939,medium,1,94.84441789907059,True
field_work,Img_88.tif,gt,72,481.64498403606007,medium,1,85.42560649609146,True
field_work,Img_88.tif,gt,73,111.51021120925391,small,1,68.1198852149469,True
field_work,Img_88.tif,gt,74,101.41046663914403,small,1,86.18374757801493,True
field_work,Img_88.tif,gt,75,151.1139073522781,small,1,78.2664515641604,True
field_work,Img_88.tif,gt,76,51.260203393957966,small,1,62.104704174885924,True
field_work,Img_88.tif,gt,77,313.33096844620997,medium,4,80.22129117126411,True
field_work,Img_88.tif,gt,78,323.43158281064785,medium,1,79.56407188195456,True
field_work,Img_88.tif,gt,79,205.0861972130399,medium,2,88.4884299828724,True
field_work,Img_88.tif,pred,0,579.4049308197573,,1,92.56213838762443,True
field_work,Img_88.tif,pred,1,520.3995051968013,,1,94.84441789907059,True
field_work,Img_88.tif,pred,2,382.86855227150954,,1,97.58670459849314,True
field_work,Img_88.tif,pred,3,392.6287540294579,,1,97.56705909989236,True
field_work,Img_88.tif,pred,4,537.7016864308389,,1,91.05196659322038,True
field_work,Img_88.tif,pred,5,322.53245774575043,,1,95.77871230015863,True
field_work,Img_88.tif,pred,6,1165.020484095905,,1,91.74670691180916,True
field_work,Img_88.tif,pred,7,2762.1544999827165,,2,87.74929138502188,True
field_work,Img_88.tif,pred,8,567.8697480669944,,1,88.29258074146433,True
field_work,Img_88.tif,pred,9,472.9291221877211,,1,95.95024077076523,True
field_work,Img_88.tif,pred,10,169.473682938813,,1,88.94548407961511,True
field_work,Img_88.tif,pred,11,429.8953418491874,,1,95.34840986508821,True
field_work,Img_88.tif,pred,12,456.51429670187645,,1,97.31552745947216,True
field_work,Img_88.tif,pred,13,194.76161674573086,,1,87.49476451997357,True
field_work,Img_88.tif,pred,14,413.03658347630176,,1,85.42560649609145,True
field_work,Img_88.tif,pred,15,219.60567414821708,,1,83.46520534289272,True
field_work,Img_88.tif,pred,16,345.6019392985618,,2,8.94392141126524,False
field_work,Img_88.tif,pred,17,482.6896185972728,,1,77.05884794142736,True
field_work,Img_88.tif,pred,18,150.39684051368386,,1,85.98371331726389,True
field_work,Img_88.tif,pred,19,307.8919763412887,,1,79.56407188195456,True
field_work,Img_88.tif,pred,20,338.06001372245373,,1,92.22714449350691,True
field_work,Img_88.tif,pred,21,128.21435987036966,,1,78.26645156416042,True
field_work,Img_88.tif,pred,22,421.4658467222034,,1,67.74478841991608,True
field_work,Img_88.tif,pred,23,177.902971450123,,1,80.17370019463443,True
field_work,Img_88.tif,pred,24,291.03323133135564,,1,92.28326129106593,True
field_work,Img_88.tif,pred,25,179.67752428011227,,1,90.73525058464107,True
field_work,Img_88.tif,pred,26,219.60595352802193,,1,17.780628629965413,False
field_work,Img_88.tif,pred,27,252.87955726165092,,1,86.37807154912596,True
field_work,Img_88.tif,pred,28,94.94068337217323,,1,68.11988521494695,True
field_work,Img_88.tif,pred,29,189.88150329049677,,1,98.50507643114005,True
field_work,Img_88.tif,pred,30,121.55948371300474,,1,78.17297504589219,True
field_work,Img_88.tif,pred,31,117.56678709201515,,1,89.46643173041207,True
field_work,Img_88.tif,pred,32,147.29131638305262,,1,96.49293179403325,True
field_work,Img_88.tif,pred,33,113.13029940763954,,1,86.18374757801493,True
field_work,Img_88.tif,pred,34,1003.5325303734426,,1,79.03314690023122,True
field_work,Img_88.tif,pred,35,277.2802790524438,,2,81.97862407261275,True
field_work,Img_88.tif,pred,36,509.75218305177987,,1,32.302950906876305,False
field_work,Img_88.tif,pred,37,557.6660606765654,,1,84.02405023811025,True
field_work,Img_88.tif,pred,38,307.89225751778577,,2,80.56880914893621,True
field_work,Img_88.tif,pred,39,97.15897392737679,,2,61.795187083254774,True
field_work,Img_88.tif,pred,40,464.94321869593114,,1,92.25078144608383,True
field_work,Img_88.tif,pred,41,148.17846731265308,,1,19.91422464764773,False
field_work,Img_88.tif,pred,42,32.3863183916078,,1,62.10470417488592,True
field_work,Img_88.tif,pred,43,248.88660192245152,,1,93.3813718582513,True
field_work,Img_88.tif,pred,44,67.87809196766466,,2,65.87793268539457,True
field_work,Img_88.tif,pred,45,406.38182129419874,,3,18.383852796431587,False
field_work,Img_88.tif,pred,46,196.979874961311,,3,67.2413121815988,True
field_work,Img_88.tif,pred,47,154.83337131794542,,1,86.27018195594343,True
field_work,Img_88.tif,pred,48,355.8057847947348,,2,54.37628296727775,True
field_work,Img_88.tif,pred,49,317.6520065185614,,2,50.18566290459766,True
field_work,Img_88.tif,pred,50,178.34659991640365,,2,75.52093670409576,True
field_work,Img_88.tif,pred,51,125.10907918587327,,2,72.6848498478293,True
field_work,Img_88.tif,pred,52,123.3342167699011,,1,69.1748794547004,True
field_work,Img_88.tif,pred,53,69.20911301393062,,2,49.52612602116051,False
field_work,Img_88.tif,pred,54,125.99622292909771,,1,27.650346294191515,False
field_work,Img_88.tif,pred,55,536.8147367262281,,2,87.57014825670431,True
field_work,Img_88.tif,pred,56,146.40403250057716,,1,67.37451104589076,True
field_work,Img_88.tif,pred,57,80.74400111613795,,1,74.68281400011624,True
field_work,Img_88.tif,pred,58,144.6293037106625,,1,79.45219442846884,True
field_work,Img_88.tif,pred,59,45.69573259842582,,1,78.48489018682898,True
field_work,Img_88.tif,pred,60,161.9315748898207,,1,87.55209138532062,True
field_work,Img_88.tif,pred,61,153.50266648316756,,2,45.73046059909752,False
field_work,Img_88.tif,pred,62,33.27359295380302,,1,82.64643167504002,True
field_work,Img_88.tif,pred,63,238.68275283277035,,2,39.7795350395837,False
field_work,Img_88.tif,pred,64,254.2105655066507,,1,69.94621340721542,True
field_work,Img_88.tif,pred,65,42.14661593400524,,0,0.0,False
field_work,Img_88.tif,pred,66,252.43587040388957,,2,40.4929341045535,False
field_work,Img_88.tif,pred,67,95.38441873935517,,1,90.10979223848781,True
field_work,Img_88.tif,pred,68,203.1912484180648,,1,9.940140920750151,False
field_work,Img_88.tif,pred,69,59.89251906028949,,1,79.68081291559116,True
field_work,Img_88.tif,pred,70,114.90495150269999,,1,30.725399056780834,False
field_work,Img_88.tif,pred,71,170.36090573482215,,1,67.01889493522783,True
field_work,Img_88.tif,pred,72,215.61323534697294,,1,80.09205083823176,True
field_work,Img_88.tif,pred,73,513.7448958428577,,1,74.70318543181925,True
field_work,Img_88.tif,pred,74,425.4588200279977,,1,34.06381174570928,False
field_work,Img_88.tif,pred,75,255.98507061298005,,1,34.86899734166778,False
field_work,Img_88.tif,pred,76,264.85806754167425,,0,0.0,False
field_work,Img_88.tif,pred,77,160.60070217994507,,1,90.63651713952831,True
field_work,Img_88.tif,pred,78,396.1782165498007,,1,59.27643135540149,True
field_work,Img_88.tif,pred,79,113.57410484435968,,2,78.82955689320842,True
field_work,Img_88.tif,pred,80,222.26798394200887,,1,60.04883643103288,True
field_work,Img_88.tif,pred,81,442.3170574833639,,3,62.485797111890676,True
field_work,Img_88.tif,pred,82,271.95643202622887,,2,55.68336535567966,True
field_work,Img_88.tif,pred,83,30.611732548140935,,1,9.76977561456588,False
field_work,Img_88.tif,pred,84,1208.9418303917628,,1,42.90827091543996,False
field_work,Img_88.tif,pred,85,25.731631444301456,,1,8.073664003538727,False
field_work,Img_88.tif,pred,86,59.892475940752774,,1,10.320327136956632,False
field_work,Img_88.tif,pred,87,1460.0464084549458,,3,60.273468837733034,True
field_work,Img_88.tif,pred,88,127.32704993663356,,1,10.175704111841462,False
field_work,Img_88.tif,pred,89,48.801339375728276,,1,10.085879913090148,False
field_work,Img_89.tif,gt,0,1116.9271611792585,medium,1,96.52320359629309,True
field_work,Img_89.tif,gt,1,2699.2726199638146,large,1,91.88730668718486,True
field_work,Img_89.tif,gt,2,148.55453732818404,small,0,0.0,False
field_work,Img_89.tif,gt,3,2454.726710303998,large,2,89.23264206321115,True
field_work,Img_89.tif,gt,4,447.7131809756061,medium,0,0.0,False
field_work,Img_89.tif,gt,5,258.5357943851279,medium,1,81.76206051319787,True
field_work,Img_89.tif,gt,6,4026.5234401951793,large,2,95.00300331640015,True
field_work,Img_89.tif,gt,7,415.8650280667738,medium,2,85.6700675095859,True
field_work,Img_89.tif,gt,8,652.4046984572517,medium,1,91.9170334594975,True
field_work,Img_89.tif,gt,9,261.21494684139407,medium,1,62.03184112040032,True
field_work,Img_89.tif,gt,10,785.6121839263621,medium,1,93.6455082716358,True
field_work,Img_89.tif,gt,11,557.5667999939963,medium,1,86.8628270283165,True
field_work,Img_89.tif,gt,12,252.13276478520007,medium,1,1.577543423821941,False
field_work,Img_89.tif,gt,13,806.0215386195962,medium,1,95.29689598020886,True
field_work,Img_89.tif,gt,14,1350.4186033285741,large,1,92.57749779634173,True
field_work,Img_89.tif,gt,15,2464.491000319999,large,1,95.37263316024415,True
field_work,Img_89.tif,gt,16,453.09045034279,medium,1,89.47162320097807,True
field_work,Img_89.tif,gt,17,650.2828038854942,medium,3,98.0912003543557,True
field_work,Img_89.tif,gt,18,1825.164882117382,large,2,82.65162068557807,True
field_work,Img_89.tif,gt,19,432.581910996872,medium,1,85.31401454906288,True
field_work,Img_89.tif,gt,20,480.544203685936,medium,1,78.98510186049948,True
field_work,Img_89.tif,gt,21,1229.9563811744038,large,1,99.86374870213487,True
field_work,Img_89.tif,gt,22,2484.284119638854,large,1,87.4012049070055,True
field_work,Img_89.tif,gt,23,38.144662728458,small,1,73.11849204275785,True
field_work,Img_89.tif,gt,24,9790.657505058736,large,1,92.08931130314387,True
field_work,Img_89.tif,pred,0,1637.5060422723054,,2,63.39698127167542,True
field_work,Img_89.tif,pred,1,235.57715683570132,,1,81.76206051319787,True
field_work,Img_89.tif,pred,2,437.8809241886556,,1,89.47162320097806,True
field_work,Img_89.tif,pred,3,12070.33931943235,,2,92.74958214069645,True
field_work,Img_89.tif,pred,4,2260.8319342307514,,2,93.59393848747993,True
field_work,Img_89.tif,pred,5,503.0972305366304,,1,19.296850013141256,False
field_work,Img_89.tif,pred,6,538.5890745193465,,2,60.305798611788966,True
field_work,Img_89.tif,pred,7,373.9954403564334,,1,85.08241489870271,True
field_work,Img_89.tif,pred,8,4057.6076461825287,,2,87.98324366681094,True
field_work,Img_89.tif,pred,9,2649.4681030315114,,1,91.88730668718486,True
field_work,Img_89.tif,pred,10,796.3487164901453,,1,93.64550827163578,True
field_work,Img_89.tif,pred,11,1148.1622178944526,,1,96.52320359629313,True
field_work,Img_89.tif,pred,12,804.334544522455,,2,83.3724941992342,True
field_work,Img_89.tif,pred,13,1842.0278187795775,,1,73.36554731275781,True
field_work,Img_89.tif,pred,14,608.685302529484,,1,14.809604929428016,False
field_work,Img_89.tif,pred,15,6376.557336548075,,7,67.72958388239209,True
field_work,Img_89.tif,pred,16,586.9466731378052,,1,85.89768169899128,True
field_work,Img_9.tif,gt,0,269.13387262442205,medium,1,95.29372421185074,True
field_work,Img_9.tif,gt,1,1000.625010535852,medium,2,97.849393768447,True
field_work,Img_9.tif,gt,2,354.5040494149699,medium,1,95.50830806021311,True
field_work,Img_9.tif,gt,3,833.40077577835,medium,1,99.01435717424921,True
field_work,Img_9.tif,gt,4,63.41492528433403,small,0,0.0,False
field_work,Img_9.tif,gt,5,33.43902228206799,small,0,0.0,False
field_work,Img_9.tif,gt,6,152.80762676680794,small,1,98.46372136717741,True
field_work,Img_9.tif,gt,7,32.47360570680186,small,0,0.0,False
field_work,Img_9.tif,gt,8,67.95955443407011,small,1,85.04560335615558,True
field_work,Img_9.tif,gt,9,163.28702736106797,small,2,87.82721808548227,True
field_work,Img_9.tif,gt,10,82.11382672147221,small,1,87.48601922387132,True
field_work,Img_9.tif,pred,0,862.0086959399391,,1,99.01435717424923,True
field_work,Img_9.tif,pred,1,300.7935230908033,,2,20.217551668387777,False
field_work,Img_9.tif,pred,2,1069.6361136416817,,1,97.824762370582,True
field_work,Img_9.tif,pred,3,390.41038442144054,,1,95.5083080602131,True
field_work,Img_9.tif,pred,4,200.9725859556347,,1,98.4637213671774,True
field_work,Img_9.tif,pred,5,75.42036250187084,,2,25.332329728819218,False
field_work,Img_9.tif,pred,6,153.94602634967305,,1,87.34736766930348,True
field_work,Img_9.tif,pred,7,96.27162895863876,,1,87.48601922387131,True
field_work,Img_90.tif,gt,0,112.97076569412407,small,0,0.0,False
field_work,Img_90.tif,gt,1,151.51783752749787,small,1,78.8020794369068,True
field_work,Img_90.tif,gt,2,496.07688859666627,medium,1,74.01867339421693,True
field_work,Img_90.tif,gt,3,352.569831583476,medium,1,85.65213858977937,True
field_work,Img_90.tif,gt,4,144.96478630680804,small,1,93.9565413681491,True
field_work,Img_90.tif,gt,5,2932.9720568523694,large,1,88.60600820550533,True
field_work,Img_90.tif,gt,6,332.9062605558042,medium,1,95.9188958651913,True
field_work,Img_90.tif,pred,0,3523.4553252531914,,1,88.60600820550533,True
field_work,Img_90.tif,pred,1,332.7361020166427,,1,85.6521385897794,True
field_work,Img_90.tif,pred,2,389.9668736360909,,1,74.01867339421693,True
field_work,Img_90.tif,pred,3,352.2568183755684,,1,95.9188958651913,True
field_work,Img_90.tif,pred,4,173.0229909468908,,1,93.95654136814909,True
field_work,Img_90.tif,pred,5,138.41830148745794,,1,78.80207943690677,True
field_work,Img_90.tif,pred,6,222.2677328595455,,0,0.0,False
field_work,Img_91.tif,gt,0,81.33944439527384,small,0,0.0,False
field_work,Img_91.tif,gt,1,102.7534533296961,small,1,91.62748870509357,True
field_work,Img_91.tif,gt,2,172.660226296116,small,1,89.4167742833332,True
field_work,Img_91.tif,gt,3,228.45620663569616,medium,1,90.02224627227224,True
field_work,Img_91.tif,pred,0,247.5559384105727,,1,89.41677428333317,True
field_work,Img_91.tif,pred,1,261.3089571658056,,1,90.0222462722723,True
field_work,Img_91.tif,pred,2,224.92975024785846,,1,91.62748870509357,True
field_work,Img_91.tif,pred,3,183.2265920981299,,0,0.0,False
field_work,Img_92.tif,gt,0,155.43842504853,small,3,97.3046104982203,True
field_work,Img_92.tif,gt,1,836.614533097512,medium,2,95.53233345223073,True
field_work,Img_92.tif,gt,2,1397.3539436332055,large,1,93.20411623628925,True
field_work,Img_92.tif,gt,3,1830.103968058444,large,1,97.09021518624537,True
field_work,Img_92.tif,gt,4,92.44002847806998,small,1,95.1527919021993,True
field_work,Img_92.tif,gt,5,1490.2447574279975,large,1,97.67550061683478,True
field_work,Img_92.tif,gt,6,1018.4708866463299,medium,1,95.73305228591668,True
field_work,Img_92.tif,gt,7,28.144942152574004,small,0,0.0,False
field_work,Img_92.tif,gt,8,171.71842774632,small,1,90.24667391277147,True
field_work,Img_92.tif,gt,9,947.7154876753993,medium,1,98.66405204422254,True
field_work,Img_92.tif,gt,10,997.7464212863941,medium,1,96.1768177685283,True
field_work,Img_92.tif,gt,11,824.0500516412316,medium,2,95.71723070571348,True
field_work,Img_92.tif,pred,0,1066.0868813176585,,2,52.763390358924255,True
field_work,Img_92.tif,pred,1,1054.1087968449574,,1,98.66405204422254,True
field_work,Img_92.tif,pred,2,1052.7771254096879,,1,96.17681776852824,True
field_work,Img_92.tif,pred,3,1905.9133188938085,,1,97.0902151862454,True
field_work,Img_92.tif,pred,4,1406.365091720094,,1,93.20411623628922,True
field_work,Img_92.tif,pred,5,865.557933485476,,1,95.07899503520369,True
field_work,Img_92.tif,pred,6,884.6349288503989,,1,95.70762878845403,True
field_work,Img_92.tif,pred,7,1680.0962147502237,,2,97.52815651679697,True
field_work,Img_92.tif,pred,8,187.66325046456768,,1,90.24667391277144,True
field_work,Img_92.tif,pred,9,106.03194626443565,,1,63.66414543490097,True
field_work,Img_92.tif,pred,10,628.649665995501,,1,67.69220064726457,True
field_work,Img_92.tif,pred,11,151.2840832978195,,1,79.09999781429154,True
field_work,Img_92.tif,pred,12,64.77267518670305,,1,26.9838894467199,False
field_work,Img_93.tif,gt,0,9649.885398635251,large,1,99.99487226856427,True
field_work,Img_93.tif,gt,1,45.60192577340365,small,2,96.61184173281067,True
field_work,Img_93.tif,gt,2,2183.5579908632617,large,1,96.83478191922133,True
field_work,Img_93.tif,gt,3,647.1855612790622,medium,1,95.18103649105437,True
field_work,Img_93.tif,gt,4,50.703495442548,small,1,83.1895161565303,True
field_work,Img_93.tif,gt,5,233.99924620703803,medium,1,93.37317616908983,True
field_work,Img_93.tif,gt,6,119.059249608546,small,1,92.22923363624447,True
field_work,Img_93.tif,gt,7,204.9565381650021,medium,1,91.40097247671007,True
field_work,Img_93.tif,gt,8,39.64538971559398,small,0,0.0,False
field_work,Img_93.tif,gt,9,123.73653744139993,small,1,93.71409894147243,True
field_work,Img_93.tif,gt,10,172.3950514945619,small,0,0.0,False
field_work,Img_93.tif,pred,0,2253.7333757636516,,1,96.83478191922134,True
field_work,Img_93.tif,pred,1,10258.480094546976,,1,99.9948722685643,True
field_work,Img_93.tif,pred,2,721.8157636364922,,1,95.18103649105436,True
field_work,Img_93.tif,pred,3,275.94929393951315,,1,93.37317616908982,True
field_work,Img_93.tif,pred,4,137.97468110614864,,1,92.22923363624444,True
field_work,Img_93.tif,pred,5,214.2823544400744,,1,91.40097247671004,True
field_work,Img_93.tif,pred,6,94.05329169053584,,1,89.94316023630753,True
field_work,Img_93.tif,pred,7,58.56157347379485,,1,83.1895161565303,True
field_work,Img_93.tif,pred,8,137.9744708975777,,1,96.61184173281067,True
field_work,Img_93.tif,pred,9,338.50362512050197,,1,93.71409894147241,True
field_work,Img_94.tif,gt,0,246.61209845495736,medium,1,98.25129897012978,True
field_work,Img_94.tif,gt,1,35.01911514891413,small,0,0.0,False
field_work,Img_94.tif,gt,2,1070.673320705847,medium,1,95.41619579040864,True
field_work,Img_94.tif,gt,3,447.2928115021601,medium,1,94.74808322198072,True
field_work,Img_94.tif,gt,4,1147.3870284861148,medium,1,76.61130726745205,True
field_work,Img_94.tif,gt,5,1813.6593697639566,large,1,92.7174904782234,True
field_work,Img_94.tif,pred,0,1735.1086033990587,,1,92.7174904782234,True
field_work,Img_94.tif,pred,1,1114.000539750792,,1,95.41619579040862,True
field_work,Img_94.tif,pred,2,481.8019646042958,,1,94.74808322198068,True
field_work,Img_94.tif,pred,3,962.716853513255,,1,76.61130726745205,True
field_work,Img_94.tif,pred,4,354.4751590122469,,1,98.25129897012977,True
field_work,Img_95.tif,gt,0,548.9636386925862,medium,1,92.14658793026567,True
field_work,Img_95.tif,gt,1,1147.1566877492542,medium,1,92.1187278328107,True
field_work,Img_95.tif,gt,2,155.89385117014825,small,2,89.18681984355817,True
field_work,Img_95.tif,gt,3,323.9460976782164,medium,1,84.33274144667762,True
field_work,Img_95.tif,gt,4,302.72664053925826,medium,1,96.5323016324249,True
field_work,Img_95.tif,gt,5,158.11204451172014,small,1,83.20339212780719,True
field_work,Img_95.tif,gt,6,147.25003069243982,small,0,0.0,False
field_work,Img_95.tif,gt,7,168.55407276234814,small,0,0.0,False
field_work,Img_95.tif,gt,8,81.62020517518403,small,0,0.0,False
field_work,Img_95.tif,gt,9,283.13408362558795,medium,1,84.34648967158066,True
field_work,Img_95.tif,gt,10,131.75976986455396,small,1,88.56166118535148,True
field_work,Img_95.tif,gt,11,54.96601832698593,small,0,0.0,False
field_work,Img_95.tif,gt,12,784.894032919126,medium,1,96.43736805635972,True
field_work,Img_95.tif,pred,0,367.78469393216074,,1,96.5323016324249,True
field_work,Img_95.tif,pred,1,144.1857706916635,,1,83.20339212780719,True
field_work,Img_95.tif,pred,2,847.8121012145766,,1,96.43736805635965,True
field_work,Img_95.tif,pred,3,335.84224419714883,,1,84.3327414466776,True
field_work,Img_95.tif,pred,4,247.11212062181949,,1,84.34648967158066,True
field_work,Img_95.tif,pred,5,2195.1718939753405,,2,92.1277449881592,True
field_work,Img_95.tif,pred,6,141.96750618790975,,1,88.56166118535148,True
field_work,Img_95.tif,pred,7,393.07237980066566,,0,0.0,False
field_work,Img_95.tif,pred,8,192.54335134360008,,1,89.16262703464325,True
field_work,Img_95.tif,pred,9,133.0944939875044,,1,81.82206777226807,True
field_work,Img_96.tif,gt,0,800.9215328115571,medium,1,96.30544308849265,True
field_work,Img_96.tif,gt,1,1330.8249493301103,large,1,96.71125453377805,True
field_work,Img_96.tif,gt,2,311.5722937383682,medium,1,83.83958045649048,True
field_work,Img_96.tif,gt,3,501.52482618555183,medium,1,97.58556660101115,True
field_work,Img_96.tif,gt,4,797.8158853788237,medium,1,94.65968802460574,True
field_work,Img_96.tif,gt,5,778.409630622286,medium,1,95.63349918020339,True
field_work,Img_96.tif,gt,6,1411.262015486907,large,1,92.24669737817648,True
field_work,Img_96.tif,gt,7,432.5758170877259,medium,0,0.0,False
field_work,Img_96.tif,gt,8,110.16469444133409,small,0,0.0,False
field_work,Img_96.tif,gt,9,1190.9305032534257,large,1,79.90012022846936,True
field_work,Img_96.tif,pred,0,1386.8443454916123,,1,92.24669737817648,True
field_work,Img_96.tif,pred,1,1342.0363243793254,,1,96.7112545337781,True
field_work,Img_96.tif,pred,2,1007.0816780301466,,1,94.65968802460579,True
field_work,Img_96.tif,pred,3,532.3780639864999,,1,97.58556660101118,True
field_work,Img_96.tif,pred,4,831.840572150988,,1,95.6334991802034,True
field_work,Img_96.tif,pred,5,821.1934543753596,,1,96.30544308849262,True
field_work,Img_96.tif,pred,6,1070.5234426648822,,1,79.90012022846932,True
field_work,Img_96.tif,pred,7,288.37145514388976,,1,83.83958045649045,True
field_work,Img_97.tif,gt,0,78.86437189058988,small,1,69.19332457883526,True
field_work,Img_97.tif,gt,1,87.10113860731387,small,1,99.1210337553553,True
field_work,Img_97.tif,gt,2,73.94665788590581,small,1,99.99999999999997,True
field_work,Img_97.tif,gt,3,276.5479357893194,medium,1,95.33342559723951,True
field_work,Img_97.tif,gt,4,165.2420624175357,small,1,98.4442856191339,True
field_work,Img_97.tif,gt,5,119.08109823443597,small,1,90.76624004649715,True
field_work,Img_97.tif,gt,6,784.279002177086,medium,1,92.32611652789933,True
field_work,Img_97.tif,gt,7,314.2796392698039,medium,1,92.69371142197083,True
field_work,Img_97.tif,gt,8,879.6276191794516,medium,1,90.28537051955536,True
field_work,Img_97.tif,gt,9,142.26526314756606,small,1,88.00988597597272,True
field_work,Img_97.tif,gt,10,520.388152127506,medium,1,72.75095196094385,True
field_work,Img_97.tif,gt,11,272.8985192733281,medium,2,85.35028359802907,True
field_work,Img_97.tif,gt,12,42.210062874849996,small,1,73.67918291089312,True
field_work,Img_97.tif,gt,13,148.815366723998,small,1,86.21785717730292,True
field_work,Img_97.tif,gt,14,149.59027701735,small,1,81.20966186448439,True
field_work,Img_97.tif,gt,15,229.42954336013395,medium,2,89.42240590486065,True
field_work,Img_97.tif,gt,16,31.729799261472046,small,0,0.0,False
field_work,Img_97.tif,gt,17,660.715553593004,medium,1,89.65645622420055,True
field_work,Img_97.tif,gt,18,32.55953248592203,small,1,73.19358697212037,True
field_work,Img_97.tif,gt,19,82.22551741336393,small,1,84.26125030726409,True
field_work,Img_97.tif,gt,20,473.73904019725404,medium,1,92.7862138644273,True
field_work,Img_97.tif,gt,21,64.7959713248119,small,1,63.00636822491875,True
field_work,Img_97.tif,gt,22,275.562440059062,medium,3,88.29218028562208,True
field_work,Img_97.tif,gt,23,200.29299074330007,medium,2,83.66250544268154,True
field_work,Img_97.tif,gt,24,38.02036201571404,small,0,0.0,False
field_work,Img_97.tif,gt,25,87.62102735750015,small,1,56.82480570881266,True
field_work,Img_97.tif,gt,26,930.3144247836403,medium,2,68.46132907412803,True
field_work,Img_97.tif,gt,27,82.1804588436001,small,1,81.78850174675131,True
field_work,Img_97.tif,gt,28,335.8627576597794,medium,1,89.39416026595124,True
field_work,Img_97.tif,gt,29,126.13495607596006,small,1,85.79484916307177,True
field_work,Img_97.tif,gt,30,427.71404991450197,medium,2,70.73133904893577,True
field_work,Img_97.tif,gt,31,903.63683964073,medium,1,91.73471503630977,True
field_work,Img_97.tif,gt,32,663.0547766472498,medium,1,80.42200592503487,True
field_work,Img_97.tif,gt,33,125.97416479533604,small,1,87.21878165776063,True
field_work,Img_97.tif,gt,34,186.778468872554,small,1,84.59361821698309,True
field_work,Img_97.tif,gt,35,753.7879025071719,medium,3,89.05967835571079,True
field_work,Img_97.tif,gt,36,346.52830693483594,medium,2,97.62736436278855,True
field_work,Img_97.tif,gt,37,574.3849344437361,medium,1,90.97278419078478,True
field_work,Img_97.tif,gt,38,28.86561211157,small,1,5.339389560479937,False
field_work,Img_97.tif,gt,39,326.3028191743061,medium,1,75.74983510710382,True
field_work,Img_97.tif,gt,40,174.8800702214799,small,1,95.57843805809044,True
field_work,Img_97.tif,gt,41,82.98007226579202,small,1,75.8025504812321,True
field_work,Img_97.tif,gt,42,2142.7371504949538,large,5,93.22487631075111,True
field_work,Img_97.tif,gt,43,367.7077009733399,medium,3,83.65941011858762,True
field_work,Img_97.tif,gt,44,505.01448275051825,medium,1,70.03733749539369,True
field_work,Img_97.tif,gt,45,197.81420592276237,medium,1,92.89374117994792,True
field_work,Img_97.tif,gt,46,651.172986104109,medium,1,41.59212159184201,False
field_work,Img_97.tif,gt,47,259.2618890051585,medium,1,94.61394511353744,True
field_work,Img_97.tif,gt,48,824.1215606308353,medium,0,0.0,False
field_work,Img_97.tif,gt,49,42.97870288964194,small,1,74.16522606616809,True
field_work,Img_97.tif,gt,50,162.30064693102008,small,1,93.10512919565454,True
field_work,Img_97.tif,gt,51,1298.9656722396383,large,1,94.892410300746,True
field_work,Img_97.tif,pred,0,1377.084387180148,,1,94.89241030074602,True
field_work,Img_97.tif,pred,1,578.9611613166053,,1,80.4220059250349,True
field_work,Img_97.tif,pred,2,346.4892400246281,,1,92.69371142197083,True
field_work,Img_97.tif,pred,3,586.0594862748985,,2,89.20313387365523,True
field_work,Img_97.tif,pred,4,131.31987602894787,,1,88.00988597597272,True
field_work,Img_97.tif,pred,5,911.2537381744478,,1,91.7347150363098,True
field_work,Img_97.tif,pred,6,576.299298889935,,2,86.87521582999298,True
field_work,Img_97.tif,pred,7,231.58443685813108,,1,89.41415479187275,True
field_work,Img_97.tif,pred,8,793.6869253118157,,1,92.32611652789934,True
field_work,Img_97.tif,pred,9,78.96939741820097,,1,81.78850174675131,True
field_work,Img_97.tif,pred,10,139.30556830158457,,1,81.2096618644844,True
field_work,Img_97.tif,pred,11,124.22138925967738,,1,87.21878165776064,True
field_work,Img_97.tif,pred,12,198.75421994086355,,1,93.10512919565454,True
field_work,Img_97.tif,pred,13,206.29626499450023,,1,98.4442856191339,True
field_work,Img_97.tif,pred,14,2116.2024497314997,,1,92.77522382466626,True
field_work,Img_97.tif,pred,15,254.65424719895236,,1,24.696947448040653,False
field_work,Img_97.tif,pred,16,670.796353571146,,1,89.65645622420053,True
field_work,Img_97.tif,pred,17,144.62937490316108,,1,85.79484916307175,True
field_work,Img_97.tif,pred,18,625.5441378218165,,2,58.79016994531751,True
field_work,Img_97.tif,pred,19,427.23335006285924,,1,43.764381626087385,False
field_work,Img_97.tif,pred,20,181.00859978748485,,1,84.59361821698307,True
field_work,Img_97.tif,pred,21,89.17323438033054,,1,84.26125030726409,True
field_work,Img_97.tif,pred,22,385.973997349618,,1,89.39416026595124,True
field_work,Img_97.tif,pred,23,188.99426612071693,,2,33.926259788210636,False
field_work,Img_97.tif,pred,24,290.14593532163417,,1,41.59212159184201,False
field_work,Img_97.tif,pred,25,262.19627877755556,,1,86.40110989218273,True
field_work,Img_97.tif,pred,26,310.5539079392329,,1,64.72205666816718,True
field_work,Img_97.tif,pred,27,138.41813260188792,,1,90.7662400464971,True
field_work,Img_97.tif,pred,28,184.5577164517308,,1,53.18182481007493,True
field_work,Img_97.tif,pred,29,1175.6680433988804,,2,91.54492980142072,True
field_work,Img_97.tif,pred,30,303.45539972232655,,1,75.74983510710383,True
field_work,Img_97.tif,pred,31,949.8511426707228,,1,90.28537051955539,True
field_work,Img_97.tif,pred,32,42.146611442323774,,1,73.67918291089312,True
field_work,Img_97.tif,pred,33,197.86723789636744,,1,95.57843805809046,True
field_work,Img_97.tif,pred,34,416.14213264841237,,1,70.03733749539369,True
field_work,Img_97.tif,pred,35,306.1172405895777,,1,95.33342559723948,True
field_work,Img_97.tif,pred,36,811.8767970898189,,2,64.652478959295,True
field_work,Img_97.tif,pred,37,287.9278688990744,,2,8.695010525605293,False
field_work,Img_97.tif,pred,38,199.64178230444668,,2,33.861133737231796,False
field_work,Img_97.tif,pred,39,302.1241558911279,,1,94.61394511353741,True
field_work,Img_97.tif,pred,40,288.81486531673,,2,99.52461963235136,True
field_work,Img_97.tif,pred,41,101.15194004657678,,1,25.527737530494342,False
field_work,Img_97.tif,pred,42,99.82097289990634,,1,69.19332457883527,True
field_work,Img_97.tif,pred,43,43.03397078439593,,1,74.16522606616806,True
field_work,Img_97.tif,pred,44,97.15895955415908,,1,75.80255048123213,True
field_work,Img_97.tif,pred,45,249.33036474477012,,0,0.0,False
field_work,Img_97.tif,pred,46,216.94405516795814,,1,92.89374117994794,True
field_work,Img_97.tif,pred,47,764.4059343739937,,1,33.2895417086325,False
field_work,Img_97.tif,pred,48,546.1310899282107,,1,70.38690065262112,True
field_work,Img_97.tif,pred,49,60.779968234943226,,1,56.82480570881266,True
field_work,Img_97.tif,pred,50,1131.3032096746028,,1,48.73830638971352,False
field_work,Img_97.tif,pred,51,30.61173052689992,,1,73.19358697212039,True
field_work,Img_97.tif,pred,52,31.499025189084932,,1,6.009282380768608,False
field_work,Img_97.tif,pred,53,399.7272694329731,,2,70.44192918722321,True
field_work,Img_97.tif,pred,54,224.0424591790652,,2,8.226802542193653,False
field_work,Img_98.tif,gt,0,335.036850788666,medium,1,94.8594781076852,True
field_work,Img_98.tif,gt,1,133.00362389324403,small,1,90.53383223023387,True
field_work,Img_98.tif,gt,2,292.23075628697603,medium,1,88.11977242836053,True
field_work,Img_98.tif,gt,3,383.55502164420994,medium,1,89.7218018727509,True
field_work,Img_98.tif,gt,4,3753.453147097134,large,1,95.82347714907881,True
field_work,Img_98.tif,gt,5,971.8792159449098,medium,1,98.94625905531569,True
field_work,Img_98.tif,gt,6,268.758267819262,medium,1,95.61816534065585,True
field_work,Img_98.tif,gt,7,4950.914923692816,large,1,98.65525888371768,True
field_work,Img_98.tif,gt,8,549.1166871205854,medium,0,0.0,False
field_work,Img_98.tif,gt,9,1133.294490699826,medium,1,89.7115935708596,True
field_work,Img_98.tif,gt,10,412.21538197813993,medium,1,100.00000000000003,True
field_work,Img_98.tif,gt,11,831.5064434654896,medium,1,94.9094562250023,True
field_work,Img_98.tif,gt,12,941.1349706805019,medium,0,0.0,False
field_work,Img_98.tif,pred,0,5127.687236698577,,1,98.65525888371768,True
field_work,Img_98.tif,pred,1,1088.2695622881874,,1,89.71159357085962,True
field_work,Img_98.tif,pred,2,844.2625887250761,,1,94.90945622500226,True
field_work,Img_98.tif,pred,3,5453.325046096579,,3,96.42013984602556,True
field_work,Img_98.tif,pred,4,306.5609804483138,,1,88.11977242836055,True
field_work,Img_98.tif,pred,5,598.4816079535522,,1,100.00000000000003,True
field_work,Img_98.tif,pred,6,384.19951762107667,,1,89.72180187275089,True
field_work,Img_98.tif,pred,7,602.4744034460109,,2,93.63025412279171,True
field_work,Img_99.tif,gt,0,63.189575238478014,small,1,92.02369323495405,True
field_work,Img_99.tif,gt,1,197.40496241390593,small,1,93.01627651747899,True
field_work,Img_99.tif,gt,2,400.2015226943758,medium,1,96.41625368094554,True
field_work,Img_99.tif,gt,3,433.2247929869078,medium,1,93.74892728208766,True
field_work,Img_99.tif,gt,4,315.77620713381623,medium,1,96.65948175789732,True
field_work,Img_99.tif,gt,5,1728.139681418981,large,1,97.62862836079485,True
field_work,Img_99.tif,gt,6,331.707226752122,medium,1,98.92953022642024,True
field_work,Img_99.tif,gt,7,147.74159913614398,small,1,88.90974956055936,True
field_work,Img_99.tif,gt,8,90.23842398857003,small,1,85.02900720081462,True
field_work,Img_99.tif,gt,9,860.598032080228,medium,2,97.50871692744548,True
field_work,Img_99.tif,gt,10,55.577496291538075,small,1,77.9490084937685,True
field_work,Img_99.tif,gt,11,334.68614024458583,medium,1,97.85637901261848,True
field_work,Img_99.tif,gt,12,202.700127932042,medium,1,93.62759084363624,True
field_work,Img_99.tif,gt,13,643.648749395132,medium,1,95.32188381894426,True
field_work,Img_99.tif,gt,14,1407.074254620008,large,2,97.98040927341519,True
field_work,Img_99.tif,gt,15,37.323584656488,small,1,68.55015006047802,True
field_work,Img_99.tif,gt,16,949.642745226682,medium,1,96.8067945892032,True
field_work,Img_99.tif,gt,17,818.1505333972879,medium,1,94.01490966107782,True
field_work,Img_99.tif,gt,18,202.35444131315376,medium,1,92.59458549986326,True
field_work,Img_99.tif,gt,19,480.53908020081633,medium,1,98.3908930078243,True
field_work,Img_99.tif,gt,20,741.850963394944,medium,1,93.33269529406041,True
field_work,Img_99.tif,gt,21,398.32916745112396,medium,1,92.53952328814493,True
field_work,Img_99.tif,gt,22,948.4614047769378,medium,1,93.27318720554024,True
field_work,Img_99.tif,gt,23,692.8739514979884,medium,4,93.70317383489254,True
field_work,Img_99.tif,gt,24,150.43645460360378,small,1,96.50312731219465,True
field_work,Img_99.tif,gt,25,179.8959010344338,small,1,86.56241261813821,True
field_work,Img_99.tif,gt,26,200.37476802722605,medium,1,96.32257704842199,True
field_work,Img_99.tif,gt,27,1036.9018741714883,medium,5,85.93421875662109,True
field_work,Img_99.tif,gt,28,1192.091071551172,large,4,95.27608296614248,True
field_work,Img_99.tif,gt,29,561.1268574094821,medium,1,96.23227575964135,True
field_work,Img_99.tif,gt,30,1148.600016440994,medium,1,95.30461063220683,True
field_work,Img_99.tif,gt,31,953.7176822299881,medium,1,94.82253775157726,True
field_work,Img_99.tif,gt,32,366.41579515842585,medium,3,89.23940488772092,True
field_work,Img_99.tif,gt,33,500.29094954506235,medium,4,97.93081842393133,True
field_work,Img_99.tif,gt,34,703.8243020742448,medium,3,93.4735384780287,True
field_work,Img_99.tif,gt,35,131.71298454337403,small,1,83.61613545540939,True
field_work,Img_99.tif,gt,36,400.90194839721005,medium,2,85.30650746188252,True
field_work,Img_99.tif,gt,37,187.10035810120195,small,2,80.79322407917489,True
field_work,Img_99.tif,gt,38,1769.6383985214748,large,4,94.07095394178478,True
field_work,Img_99.tif,gt,39,2765.3219656997744,large,1,97.7817380934233,True
field_work,Img_99.tif,gt,40,600.3074933222381,medium,1,93.56867671417561,True
field_work,Img_99.tif,gt,41,458.9275552095779,medium,2,97.33510132951749,True
field_work,Img_99.tif,gt,42,227.01711323470414,medium,2,85.46507965761543,True
field_work,Img_99.tif,gt,43,838.4598577489943,medium,1,91.5417245448576,True
field_work,Img_99.tif,gt,44,17.975090776058206,small,1,0.2117596500660675,False
field_work,Img_99.tif,gt,45,506.64961029160406,medium,1,99.03683753057284,True
field_work,Img_99.tif,gt,46,83.71854676348788,small,1,86.81993257207132,True
field_work,Img_99.tif,gt,47,31.01143822272583,small,2,96.10593031936187,True
field_work,Img_99.tif,pred,0,1829.1620273121662,,1,97.62862836079482,True
field_work,Img_99.tif,pred,1,830.5094783403911,,1,94.01490966107787,True
field_work,Img_99.tif,pred,2,1009.7435175495921,,2,80.90164779184441,True
field_work,Img_99.tif,pred,3,507.09019036742393,,1,96.4162536809455,True
field_work,Img_99.tif,pred,4,394.4032319614198,,1,98.92953022642027,True
field_work,Img_99.tif,pred,5,1437.8639592528634,,2,95.32114545330414,True
field_work,Img_99.tif,pred,6,409.930984671606,,1,96.65948175789732,True
field_work,Img_99.tif,pred,7,889.5148015545565,,1,87.59519947972544,True
field_work,Img_99.tif,pred,8,745.3290146929721,,1,95.32188381894431,True
field_work,Img_99.tif,pred,9,244.45020766399102,,1,96.322577048422,True
field_work,Img_99.tif,pred,10,1017.2855760783423,,1,93.27318720554025,True
field_work,Img_99.tif,pred,11,684.1056650318205,,3,94.43553508346577,True
field_work,Img_99.tif,pred,12,629.5369813193029,,2,31.668659972517197,False
field_work,Img_99.tif,pred,13,478.25297819718253,,1,93.74892728208766,True
field_work,Img_99.tif,pred,14,189.43785910308088,,1,93.016276517479,True
field_work,Img_99.tif,pred,15,1199.1816090387656,,1,95.30461063220682,True
field_work,Img_99.tif,pred,16,2879.721660779789,,1,97.78173809342333,True
field_work,Img_99.tif,pred,17,195.6489760875702,,1,86.5624126181382,True
field_work,Img_99.tif,pred,18,220.04962960560806,,1,27.350903063764974,False
field_work,Img_99.tif,pred,19,234.68995290446037,,1,92.5945854998633,True
field_work,Img_99.tif,pred,20,353.14405891369097,,1,28.189843121455343,False
field_work,Img_99.tif,pred,21,367.3406369637232,,1,83.42932395630994,True
field_work,Img_99.tif,pred,22,80.74398101600218,,1,92.02369323495407,True
field_work,Img_99.tif,pred,23,536.3709672223777,,1,66.12263541426373,True
field_work,Img_99.tif,pred,24,617.5587090960471,,1,93.5686767141756,True
field_work,Img_99.tif,pred,25,478.25262380712957,,1,97.85637901261846,True
field_work,Img_99.tif,pred,26,182.33949686435517,,1,88.90974956055933,True
field_work,Img_99.tif,pred,27,1079.396055109566,,1,59.4192793915216,True
field_work,Img_99.tif,pred,28,1018.1728581640054,,1,94.82253775157729,True
field_work,Img_99.tif,pred,29,296.8005819564278,,1,93.62759084363624,True
field_work,Img_99.tif,pred,30,1545.6708086949075,,2,73.88687232624096,True
field_work,Img_99.tif,pred,31,181.00842012185603,,1,80.61941358899595,True
field_work,Img_99.tif,pred,32,112.24306583154248,,1,85.0290072008146,True
field_work,Img_99.tif,pred,33,761.7441594216698,,1,63.4486910380262,True
field_work,Img_99.tif,pred,34,433.0008048939053,,1,31.329774206153633,False
field_work,Img_99.tif,pred,35,488.45680393016664,,1,92.53952328814496,True
field_work,Img_99.tif,pred,36,133.0946089734789,,1,83.61613545540939,True
field_work,Img_99.tif,pred,37,237.79558752989396,,1,55.823294726259995,True
field_work,Img_99.tif,pred,38,1061.650436752907,,1,87.85701254480064,True
field_work,Img_99.tif,pred,39,203.1910741426982,,2,27.696519547301296,False
field_work,Img_99.tif,pred,40,440.09897893317975,,1,20.980746302033804,False
field_work,Img_99.tif,pred,41,530.6033147597336,,1,90.2238016591402,True
field_work,Img_99.tif,pred,42,613.565638770815,,1,71.78117622501995,True
field_work,Img_99.tif,pred,43,865.5579085568897,,1,91.54172454485763,True
field_work,Img_99.tif,pred,44,241.3446799395606,,1,13.470368021614194,False
field_work,Img_99.tif,pred,45,122.89052991231438,,1,30.513800915418205,False
field_work,Img_99.tif,pred,46,242.67549616703764,,1,85.07422369028474,True
field_work,Img_99.tif,pred,47,381.9812113451119,,1,31.074775806007835,False
field_work,Img_99.tif,pred,48,208.95824510231614,,1,25.478377259484958,False
field_work,Img_99.tif,pred,49,69.20895131514408,,1,77.9490084937685,True
field_work,Img_99.tif,pred,50,541.6942393197678,,2,23.981240820102144,False
field_work,Img_99.tif,pred,51,59.448799863108434,,1,91.53105534741103,True
field_work,Img_99.tif,pred,52,357.1369711331208,,1,81.04614262704466,True
field_work,Img_99.tif,pred,53,624.6568076756084,,2,31.51840465667381,False
field_work,Img_99.tif,pred,54,578.0737085486762,,1,78.08718737541444,True
field_work,Img_99.tif,pred,55,109.13736383162905,,1,9.913517447720034,False
field_work,Img_99.tif,pred,56,230.253360115923,,1,12.550933887331785,False
field_work,Img_99.tif,pred,57,937.8727217744454,,2,49.23323307064024,False
field_work,Img_99.tif,pred,58,154.833223992493,,1,51.677968001912774,True
field_work,Img_99.tif,pred,59,436.54981465730816,,2,20.848986201607214,False
field_work,Img_99.tif,pred,60,36.82269254978746,,1,68.55015006047799,True
field_work,Img_99.tif,pred,61,82.07486405677628,,1,96.10593031936189,True
field_work,Img_99.tif,pred,62,72.75831322290469,,2,3.899571989203338,False
