experiment,split,mechanism,threshold,metric,TP,FP,FN,precision,recall,f1,mAP50,mAP50_95
juniperus_btm_heterogeneous_20260824_091248,test,dense_baseline,@50,IoU,605,157,85,79.39632545931758,87.68115942028986,83.33333333333333,0.8513881319446335,0.6112447595770498
juniperus_btm_heterogeneous_20260824_091248,test,dense_baseline,@50,S-IoU,519,243,41,68.11023622047244,92.67857142857143,78.51739788199697,0.8513881319446335,0.6112447595770498
juniperus_btm_heterogeneous_20260824_091248,test,dense_baseline,@75,IoU,513,249,177,67.32283464566929,74.34782608695653,70.6611570247934,0.8513881319446335,0.6112447595770498
juniperus_btm_heterogeneous_20260824_091248,test,dense_baseline,@75,S-IoU,440,322,72,57.74278215223097,85.9375,69.07378335949764,0.8513881319446335,0.6112447595770498
juniperus_btm_heterogeneous_20260824_091248,test,expert_E1_scale_solo,@50,IoU,606,147,84,80.47808764940238,87.82608695652175,83.99168399168398,0.8498158689201853,0.5940258333494017
juniperus_btm_heterogeneous_20260824_091248,test,expert_E1_scale_solo,@50,S-IoU,503,250,50,66.79946879150066,90.95840867992767,77.0290964777948,0.8498158689201853,0.5940258333494017
juniperus_btm_heterogeneous_20260824_091248,test,expert_E1_scale_solo,@75,IoU,496,257,194,65.86985391766268,71.8840579710145,68.74566874566875,0.8498158689201853,0.5940258333494017
juniperus_btm_heterogeneous_20260824_091248,test,expert_E1_scale_solo,@75,S-IoU,412,341,81,54.7144754316069,83.56997971602435,66.13162118780096,0.8498158689201853,0.5940258333494017
juniperus_btm_heterogeneous_20260824_091248,test,expert_E2_illum_solo,@50,IoU,603,123,87,83.05785123966942,87.39130434782608,85.16949152542372,0.8544758702399472,0.6205587891490565
juniperus_btm_heterogeneous_20260824_091248,test,expert_E2_illum_solo,@50,S-IoU,525,201,44,72.31404958677686,92.2671353251318,81.08108108108108,0.8544758702399472,0.6205587891490565
juniperus_btm_heterogeneous_20260824_091248,test,expert_E2_illum_solo,@75,IoU,528,198,162,72.72727272727273,76.52173913043478,74.57627118644068,0.8544758702399472,0.6205587891490565
juniperus_btm_heterogeneous_20260824_091248,test,expert_E2_illum_solo,@75,S-IoU,443,283,69,61.019283746556475,86.5234375,71.56704361873992,0.8544758702399472,0.6205587891490565
juniperus_btm_heterogeneous_20260824_091248,test,expert_E3_geom_solo,@50,IoU,594,175,96,77.24317295188557,86.08695652173914,81.42563399588761,0.8231632087514643,0.39690648494939484
juniperus_btm_heterogeneous_20260824_091248,test,expert_E3_geom_solo,@50,S-IoU,508,261,27,66.05981794538361,94.95327102803738,77.91411042944785,0.8231632087514643,0.39690648494939484
juniperus_btm_heterogeneous_20260824_091248,test,expert_E3_geom_solo,@75,IoU,330,439,360,42.91287386215865,47.82608695652174,45.23646333104867,0.8231632087514643,0.39690648494939484
juniperus_btm_heterogeneous_20260824_091248,test,expert_E3_geom_solo,@75,S-IoU,415,354,36,53.966189856957094,92.01773835920177,68.0327868852459,0.8231632087514643,0.39690648494939484
juniperus_btm_heterogeneous_20260824_091248,test,btm_forest_ensemble_uniform,@50,IoU,648,286,42,69.37901498929337,93.91304347826087,79.80295566502463,0.9087506050162408,0.616971276144624
juniperus_btm_heterogeneous_20260824_091248,test,btm_forest_ensemble_uniform,@50,S-IoU,577,357,12,61.77730192719486,97.96264855687606,75.7715036112935,0.9087506050162408,0.616971276144624
juniperus_btm_heterogeneous_20260824_091248,test,btm_forest_ensemble_uniform,@75,IoU,528,406,162,56.53104925053534,76.52173913043478,65.02463054187193,0.9087506050162408,0.616971276144624
juniperus_btm_heterogeneous_20260824_091248,test,btm_forest_ensemble_uniform,@75,S-IoU,475,459,22,50.85653104925053,95.57344064386318,66.38714185883997,0.9087506050162408,0.616971276144624
juniperus_btm_heterogeneous_20260824_091248,test,btm_forest_ensemble_weighted,@50,IoU,648,287,42,69.30481283422459,93.91304347826087,79.75384615384615,0.9085111150419614,0.6169533798960491
juniperus_btm_heterogeneous_20260824_091248,test,btm_forest_ensemble_weighted,@50,S-IoU,578,357,12,61.81818181818181,97.96610169491525,75.80327868852459,0.9085111150419614,0.6169533798960491
juniperus_btm_heterogeneous_20260824_091248,test,btm_forest_ensemble_weighted,@75,IoU,528,407,162,56.470588235294116,76.52173913043478,64.98461538461538,0.9085111150419614,0.6169533798960491
juniperus_btm_heterogeneous_20260824_091248,test,btm_forest_ensemble_weighted,@75,S-IoU,475,460,22,50.80213903743316,95.57344064386318,66.34078212290501,0.9085111150419614,0.6169533798960491
juniperus_btm_heterogeneous_20260824_091248,test,random_ensemble,@50,IoU,641,227,49,73.84792626728111,92.89855072463769,82.28498074454428,0.9047003049914949,0.6644248849200811
juniperus_btm_heterogeneous_20260824_091248,test,random_ensemble,@50,S-IoU,550,318,17,63.36405529953917,97.00176366843033,76.65505226480836,0.9047003049914949,0.6644248849200811
juniperus_btm_heterogeneous_20260824_091248,test,random_ensemble,@75,IoU,551,317,139,63.47926267281107,79.85507246376812,70.73170731707317,0.9047003049914949,0.6644248849200811
juniperus_btm_heterogeneous_20260824_091248,test,random_ensemble,@75,S-IoU,457,411,45,52.64976958525346,91.03585657370517,66.71532846715328,0.9047003049914949,0.6644248849200811
juniperus_btm_heterogeneous_20260824_091248,field_work,dense_baseline,@50,IoU,1155,332,616,77.67316745124411,65.21739130434783,70.902394106814,0.6155389356429917,0.3610776349294251
juniperus_btm_heterogeneous_20260824_091248,field_work,dense_baseline,@50,S-IoU,927,560,418,62.34028244788165,68.92193308550186,65.46610169491525,0.6155389356429917,0.3610776349294251
juniperus_btm_heterogeneous_20260824_091248,field_work,dense_baseline,@75,IoU,793,694,978,53.328850033624754,44.776962168266515,48.68017188459177,0.6155389356429917,0.3610776349294251
juniperus_btm_heterogeneous_20260824_091248,field_work,dense_baseline,@75,S-IoU,704,783,544,47.34364492266308,56.41025641025641,51.480804387568554,0.6155389356429917,0.3610776349294251
juniperus_btm_heterogeneous_20260824_091248,field_work,expert_E1_scale_solo,@50,IoU,1142,312,629,78.54195323246216,64.48334274421231,70.8217054263566,0.6029634256237664,0.3542455529561604
juniperus_btm_heterogeneous_20260824_091248,field_work,expert_E1_scale_solo,@50,S-IoU,915,539,406,62.92984869325997,69.26570779712338,65.94594594594595,0.6029634256237664,0.3542455529561604
juniperus_btm_heterogeneous_20260824_091248,field_work,expert_E1_scale_solo,@75,IoU,790,664,981,54.33287482806052,44.60756634669678,48.9922480620155,0.6029634256237664,0.3542455529561604
juniperus_btm_heterogeneous_20260824_091248,field_work,expert_E1_scale_solo,@75,S-IoU,675,779,565,46.42365887207703,54.43548387096774,50.11135857461024,0.6029634256237664,0.3542455529561604
juniperus_btm_heterogeneous_20260824_091248,field_work,expert_E2_illum_solo,@50,IoU,1143,293,628,79.59610027855153,64.5398080180689,71.28157156220767,0.6081861934812637,0.3708385898853582
juniperus_btm_heterogeneous_20260824_091248,field_work,expert_E2_illum_solo,@50,S-IoU,907,529,411,63.16155988857939,68.81638846737481,65.86782861292664,0.6081861934812637,0.3708385898853582
juniperus_btm_heterogeneous_20260824_091248,field_work,expert_E2_illum_solo,@75,IoU,819,617,952,57.033426183844014,46.24505928853755,51.075771749298404,0.6081861934812637,0.3708385898853582
juniperus_btm_heterogeneous_20260824_091248,field_work,expert_E2_illum_solo,@75,S-IoU,693,743,526,48.259052924791085,56.84987694831829,52.20338983050847,0.6081861934812637,0.3708385898853582
juniperus_btm_heterogeneous_20260824_091248,field_work,expert_E3_geom_solo,@50,IoU,1165,282,606,80.51140290255702,65.78204404291361,72.40522063393412,0.6202700550163492,0.3307191048543739
juniperus_btm_heterogeneous_20260824_091248,field_work,expert_E3_geom_solo,@50,S-IoU,919,528,363,63.510711817553556,71.68486739469579,67.35067790399414,0.6202700550163492,0.3307191048543739
juniperus_btm_heterogeneous_20260824_091248,field_work,expert_E3_geom_solo,@75,IoU,741,706,1030,51.209398756046994,41.84076792772445,46.05344934742076,0.6202700550163492,0.3307191048543739
juniperus_btm_heterogeneous_20260824_091248,field_work,expert_E3_geom_solo,@75,S-IoU,723,724,452,49.96544574982723,61.53191489361702,55.14874141876429,0.6202700550163492,0.3307191048543739
juniperus_btm_heterogeneous_20260824_091248,field_work,btm_forest_ensemble_uniform,@50,IoU,1316,582,455,69.33614330874605,74.30830039525692,71.73616789315889,0.6944072148583098,0.41006407107450915
juniperus_btm_heterogeneous_20260824_091248,field_work,btm_forest_ensemble_uniform,@50,S-IoU,1088,810,249,57.32349841938883,81.37621540762902,67.26429675425038,0.6944072148583098,0.41006407107450915
juniperus_btm_heterogeneous_20260824_091248,field_work,btm_forest_ensemble_uniform,@75,IoU,911,987,860,47.997892518440466,51.439864483342745,49.65930771327338,0.6944072148583098,0.41006407107450915
juniperus_btm_heterogeneous_20260824_091248,field_work,btm_forest_ensemble_uniform,@75,S-IoU,805,1093,352,42.413066385669126,69.57649092480554,52.700490998363335,0.6944072148583098,0.41006407107450915
juniperus_btm_heterogeneous_20260824_091248,field_work,btm_forest_ensemble_weighted,@50,IoU,1316,584,455,69.26315789473684,74.30830039525692,71.69708526287116,0.6942420550879322,0.4098764585329254
juniperus_btm_heterogeneous_20260824_091248,field_work,btm_forest_ensemble_weighted,@50,S-IoU,1090,810,249,57.36842105263158,81.40403286034355,67.30472368014819,0.6942420550879322,0.4098764585329254
juniperus_btm_heterogeneous_20260824_091248,field_work,btm_forest_ensemble_weighted,@75,IoU,911,989,860,47.94736842105263,51.439864483342745,49.63225279215473,0.6942420550879322,0.4098764585329254
juniperus_btm_heterogeneous_20260824_091248,field_work,btm_forest_ensemble_weighted,@75,S-IoU,805,1095,352,42.368421052631575,69.57649092480554,52.6660124304874,0.6942420550879322,0.4098764585329254
juniperus_btm_heterogeneous_20260824_091248,field_work,random_ensemble,@50,IoU,1294,510,477,71.72949002217295,73.06606437041219,72.3916083916084,0.6877662556236338,0.41867147950242156
juniperus_btm_heterogeneous_20260824_091248,field_work,random_ensemble,@50,S-IoU,1072,732,263,59.42350332594235,80.29962546816479,68.30200700860145,0.6877662556236338,0.41867147950242156
juniperus_btm_heterogeneous_20260824_091248,field_work,random_ensemble,@75,IoU,939,865,832,52.050997782705096,53.02089215132694,52.53146853146854,0.6877662556236338,0.41867147950242156
juniperus_btm_heterogeneous_20260824_091248,field_work,random_ensemble,@75,S-IoU,817,987,358,45.288248337028826,69.53191489361701,54.850621013763,0.6877662556236338,0.41867147950242156
juniperus_btm_homogeneous_20260824_103026,test,dense_baseline,@50,IoU,605,157,85,79.39632545931758,87.68115942028986,83.33333333333333,0.8513881319446335,0.6112447595770498
juniperus_btm_homogeneous_20260824_103026,test,dense_baseline,@50,S-IoU,519,243,41,68.11023622047244,92.67857142857143,78.51739788199697,0.8513881319446335,0.6112447595770498
juniperus_btm_homogeneous_20260824_103026,test,dense_baseline,@75,IoU,513,249,177,67.32283464566929,74.34782608695653,70.6611570247934,0.8513881319446335,0.6112447595770498
juniperus_btm_homogeneous_20260824_103026,test,dense_baseline,@75,S-IoU,440,322,72,57.74278215223097,85.9375,69.07378335949764,0.8513881319446335,0.6112447595770498
juniperus_btm_homogeneous_20260824_103026,test,expert_E1_scale_solo,@50,IoU,606,147,84,80.47808764940238,87.82608695652175,83.99168399168398,0.8498175742540044,0.5940270224895832
juniperus_btm_homogeneous_20260824_103026,test,expert_E1_scale_solo,@50,S-IoU,503,250,50,66.79946879150066,90.95840867992767,77.0290964777948,0.8498175742540044,0.5940270224895832
juniperus_btm_homogeneous_20260824_103026,test,expert_E1_scale_solo,@75,IoU,496,257,194,65.86985391766268,71.8840579710145,68.74566874566875,0.8498175742540044,0.5940270224895832
juniperus_btm_homogeneous_20260824_103026,test,expert_E1_scale_solo,@75,S-IoU,412,341,81,54.7144754316069,83.56997971602435,66.13162118780096,0.8498175742540044,0.5940270224895832
juniperus_btm_homogeneous_20260824_103026,test,expert_E2_illum_solo,@50,IoU,609,144,81,80.87649402390437,88.26086956521739,84.4074844074844,0.8551314080027246,0.6098502378125794
juniperus_btm_homogeneous_20260824_103026,test,expert_E2_illum_solo,@50,S-IoU,520,233,30,69.05710491367863,94.54545454545455,79.81580966999233,0.8551314080027246,0.6098502378125794
juniperus_btm_homogeneous_20260824_103026,test,expert_E2_illum_solo,@75,IoU,502,251,188,66.66666666666666,72.7536231884058,69.57726957726959,0.8551314080027246,0.6098502378125794
juniperus_btm_homogeneous_20260824_103026,test,expert_E2_illum_solo,@75,S-IoU,427,326,69,56.70650730411687,86.08870967741935,68.37469975980785,0.8551314080027246,0.6098502378125794
juniperus_btm_homogeneous_20260824_103026,test,expert_E3_geom_solo,@50,IoU,571,157,119,78.43406593406593,82.7536231884058,80.53596614950635,0.7974139548803385,0.35573276889197425
juniperus_btm_homogeneous_20260824_103026,test,expert_E3_geom_solo,@50,S-IoU,496,232,41,68.13186813186813,92.36499068901304,78.4189723320158,0.7974139548803385,0.35573276889197425
juniperus_btm_homogeneous_20260824_103026,test,expert_E3_geom_solo,@75,IoU,277,451,413,38.04945054945055,40.14492753623188,39.0691114245416,0.7974139548803385,0.35573276889197425
juniperus_btm_homogeneous_20260824_103026,test,expert_E3_geom_solo,@75,S-IoU,411,317,51,56.456043956043956,88.96103896103897,69.07563025210084,0.7974139548803385,0.35573276889197425
juniperus_btm_homogeneous_20260824_103026,test,btm_forest_ensemble_uniform,@50,IoU,637,275,53,69.84649122807018,92.31884057971016,79.52559300873907,0.8907919754991439,0.5926418267452357
juniperus_btm_homogeneous_20260824_103026,test,btm_forest_ensemble_uniform,@50,S-IoU,568,344,21,62.28070175438597,96.43463497453311,75.68287808127914,0.8907919754991439,0.5926418267452357
juniperus_btm_homogeneous_20260824_103026,test,btm_forest_ensemble_uniform,@75,IoU,513,399,177,56.25,74.34782608695653,64.04494382022473,0.8907919754991439,0.5926418267452357
juniperus_btm_homogeneous_20260824_103026,test,btm_forest_ensemble_uniform,@75,S-IoU,456,456,35,50.0,92.87169042769857,65.00356379187456,0.8907919754991439,0.5926418267452357
juniperus_btm_homogeneous_20260824_103026,test,btm_forest_ensemble_weighted,@50,IoU,637,275,53,69.84649122807018,92.31884057971016,79.52559300873907,0.8907829756610668,0.5932841937050045
juniperus_btm_homogeneous_20260824_103026,test,btm_forest_ensemble_weighted,@50,S-IoU,568,344,21,62.28070175438597,96.43463497453311,75.68287808127914,0.8907829756610668,0.5932841937050045
juniperus_btm_homogeneous_20260824_103026,test,btm_forest_ensemble_weighted,@75,IoU,513,399,177,56.25,74.34782608695653,64.04494382022473,0.8907829756610668,0.5932841937050045
juniperus_btm_homogeneous_20260824_103026,test,btm_forest_ensemble_weighted,@75,S-IoU,456,456,35,50.0,92.87169042769857,65.00356379187456,0.8907829756610668,0.5932841937050045
juniperus_btm_homogeneous_20260824_103026,test,btm_forest_soup,@50,IoU,546,82,144,86.94267515923568,79.13043478260869,82.85280728376328,0.762656428499484,0.4221490269037478
juniperus_btm_homogeneous_20260824_103026,test,btm_forest_soup,@50,S-IoU,457,171,92,72.77070063694268,83.24225865209472,77.65505522514867,0.762656428499484,0.4221490269037478
juniperus_btm_homogeneous_20260824_103026,test,btm_forest_soup,@75,IoU,370,258,320,58.917197452229296,53.62318840579711,56.145675265553876,0.762656428499484,0.4221490269037478
juniperus_btm_homogeneous_20260824_103026,test,btm_forest_soup,@75,S-IoU,383,245,102,60.98726114649682,78.96907216494846,68.82300089847261,0.762656428499484,0.4221490269037478
juniperus_btm_homogeneous_20260824_103026,test,random_ensemble,@50,IoU,635,219,55,74.35597189695551,92.02898550724638,82.2538860103627,0.8914093841169808,0.6444833296237106
juniperus_btm_homogeneous_20260824_103026,test,random_ensemble,@50,S-IoU,554,300,17,64.87119437939111,97.02276707530648,77.75438596491229,0.8914093841169808,0.6444833296237106
juniperus_btm_homogeneous_20260824_103026,test,random_ensemble,@75,IoU,532,322,158,62.295081967213115,77.10144927536233,68.9119170984456,0.8914093841169808,0.6444833296237106
juniperus_btm_homogeneous_20260824_103026,test,random_ensemble,@75,S-IoU,453,401,46,53.04449648711944,90.78156312625251,66.96230598669624,0.8914093841169808,0.6444833296237106
juniperus_btm_homogeneous_20260824_103026,field_work,dense_baseline,@50,IoU,1155,332,616,77.67316745124411,65.21739130434783,70.902394106814,0.6155389356429917,0.3610776349294251
juniperus_btm_homogeneous_20260824_103026,field_work,dense_baseline,@50,S-IoU,927,560,418,62.34028244788165,68.92193308550186,65.46610169491525,0.6155389356429917,0.3610776349294251
juniperus_btm_homogeneous_20260824_103026,field_work,dense_baseline,@75,IoU,793,694,978,53.328850033624754,44.776962168266515,48.68017188459177,0.6155389356429917,0.3610776349294251
juniperus_btm_homogeneous_20260824_103026,field_work,dense_baseline,@75,S-IoU,704,783,544,47.34364492266308,56.41025641025641,51.480804387568554,0.6155389356429917,0.3610776349294251
juniperus_btm_homogeneous_20260824_103026,field_work,expert_E1_scale_solo,@50,IoU,1142,312,629,78.54195323246216,64.48334274421231,70.8217054263566,0.6029634256237664,0.35424562307304963
juniperus_btm_homogeneous_20260824_103026,field_work,expert_E1_scale_solo,@50,S-IoU,915,539,406,62.92984869325997,69.26570779712338,65.94594594594595,0.6029634256237664,0.35424562307304963
juniperus_btm_homogeneous_20260824_103026,field_work,expert_E1_scale_solo,@75,IoU,790,664,981,54.33287482806052,44.60756634669678,48.9922480620155,0.6029634256237664,0.35424562307304963
juniperus_btm_homogeneous_20260824_103026,field_work,expert_E1_scale_solo,@75,S-IoU,675,779,565,46.42365887207703,54.43548387096774,50.11135857461024,0.6029634256237664,0.35424562307304963
juniperus_btm_homogeneous_20260824_103026,field_work,expert_E2_illum_solo,@50,IoU,1144,275,627,80.62015503875969,64.59627329192547,71.72413793103448,0.6108830489816067,0.369478356989785
juniperus_btm_homogeneous_20260824_103026,field_work,expert_E2_illum_solo,@50,S-IoU,900,519,449,63.424947145877375,66.71608598962194,65.02890173410405,0.6108830489816067,0.369478356989785
juniperus_btm_homogeneous_20260824_103026,field_work,expert_E2_illum_solo,@75,IoU,822,597,949,57.928118393234676,46.41445511010728,51.53605015673982,0.6108830489816067,0.369478356989785
juniperus_btm_homogeneous_20260824_103026,field_work,expert_E2_illum_solo,@75,S-IoU,692,727,550,48.766737138830166,55.716586151368766,52.010522360015024,0.6108830489816067,0.369478356989785
juniperus_btm_homogeneous_20260824_103026,field_work,expert_E3_geom_solo,@50,IoU,1146,306,625,78.92561983471074,64.70920383963862,71.1138690660875,0.6116801836925532,0.3259106369443345
juniperus_btm_homogeneous_20260824_103026,field_work,expert_E3_geom_solo,@50,S-IoU,917,535,390,63.15426997245179,70.16067329762815,66.47335991301196,0.6116801836925532,0.3259106369443345
juniperus_btm_homogeneous_20260824_103026,field_work,expert_E3_geom_solo,@75,IoU,746,706,1025,51.37741046831956,42.12309429700734,46.29227427862241,0.6116801836925532,0.3259106369443345
juniperus_btm_homogeneous_20260824_103026,field_work,expert_E3_geom_solo,@75,S-IoU,711,741,472,48.96694214876033,60.10143702451395,53.96584440227704,0.6116801836925532,0.3259106369443345
juniperus_btm_homogeneous_20260824_103026,field_work,btm_forest_ensemble_uniform,@50,IoU,1285,535,486,70.6043956043956,72.55787690570298,71.56780840991368,0.6793971189505672,0.4013954169003294
juniperus_btm_homogeneous_20260824_103026,field_work,btm_forest_ensemble_uniform,@50,S-IoU,1059,761,277,58.18681318681319,79.26646706586826,67.11026615969581,0.6793971189505672,0.4013954169003294
juniperus_btm_homogeneous_20260824_103026,field_work,btm_forest_ensemble_uniform,@75,IoU,904,916,867,49.67032967032967,51.0446075663467,50.348092453355605,0.6793971189505672,0.4013954169003294
juniperus_btm_homogeneous_20260824_103026,field_work,btm_forest_ensemble_uniform,@75,S-IoU,797,1023,350,43.79120879120879,69.48561464690496,53.724300640377486,0.6793971189505672,0.4013954169003294
juniperus_btm_homogeneous_20260824_103026,field_work,btm_forest_ensemble_weighted,@50,IoU,1285,536,486,70.56562328390994,72.55787690570298,71.5478841870824,0.6793353048204527,0.40154989144695474
juniperus_btm_homogeneous_20260824_103026,field_work,btm_forest_ensemble_weighted,@50,S-IoU,1058,763,277,58.099945085118065,79.25093632958801,67.0468948035488,0.6793353048204527,0.40154989144695474
juniperus_btm_homogeneous_20260824_103026,field_work,btm_forest_ensemble_weighted,@75,IoU,905,916,866,49.69796814936848,51.10107284020328,50.38975501113585,0.6793353048204527,0.40154989144695474
juniperus_btm_homogeneous_20260824_103026,field_work,btm_forest_ensemble_weighted,@75,S-IoU,797,1024,350,43.76716090060406,69.48561464690496,53.70619946091644,0.6793353048204527,0.40154989144695474
juniperus_btm_homogeneous_20260824_103026,field_work,btm_forest_soup,@50,IoU,925,169,846,84.55210237659963,52.23037831733484,64.57242582897032,0.4923832619690071,0.25605572879520583
juniperus_btm_homogeneous_20260824_103026,field_work,btm_forest_soup,@50,S-IoU,696,398,729,63.61974405850091,48.84210526315789,55.26002381897578,0.4923832619690071,0.25605572879520583
juniperus_btm_homogeneous_20260824_103026,field_work,btm_forest_soup,@75,IoU,574,520,1197,52.46800731261426,32.41106719367589,40.069808027923216,0.4923832619690071,0.25605572879520583
juniperus_btm_homogeneous_20260824_103026,field_work,btm_forest_soup,@75,S-IoU,563,531,802,51.46252285191956,41.24542124542124,45.79097193981293,0.4923832619690071,0.25605572879520583
juniperus_btm_homogeneous_20260824_103026,field_work,random_ensemble,@50,IoU,1282,494,489,72.18468468468468,72.38848108413326,72.28643924443193,0.676725898295992,0.40590193266549035
juniperus_btm_homogeneous_20260824_103026,field_work,random_ensemble,@50,S-IoU,1057,719,236,59.51576576576577,81.7478731631864,68.88237210817857,0.676725898295992,0.40590193266549035
juniperus_btm_homogeneous_20260824_103026,field_work,random_ensemble,@75,IoU,911,865,860,51.29504504504504,51.439864483342745,51.367352692416134,0.676725898295992,0.40590193266549035
juniperus_btm_homogeneous_20260824_103026,field_work,random_ensemble,@75,S-IoU,795,981,347,44.763513513513516,69.61471103327496,54.4893762851268,0.676725898295992,0.40590193266549035
juniperus_seg_by_region_20260828_114011,test,dense_baseline,@50,IoU,607,186,83,76.54476670870113,87.97101449275362,81.86109238031018,0.8475021767897865,0.5671423695138776
juniperus_seg_by_region_20260828_114011,test,dense_baseline,@50,S-IoU,612,181,41,77.17528373266079,93.72128637059724,84.64730290456431,0.8475021767897865,0.5671423695138776
juniperus_seg_by_region_20260828_114011,test,dense_baseline,@75,IoU,494,299,196,62.295081967213115,71.59420289855073,66.62171274443696,0.8475021767897865,0.5671423695138776
juniperus_seg_by_region_20260828_114011,test,dense_baseline,@75,S-IoU,562,231,52,70.87011349306431,91.53094462540716,79.8862828713575,0.8475021767897865,0.5671423695138776
juniperus_seg_by_region_20260828_114011,test,expert_E_region0_solo,@50,IoU,623,198,67,75.8830694275274,90.28985507246377,82.46194573130377,0.871816299053488,0.5877175696129545
juniperus_seg_by_region_20260828_114011,test,expert_E_region0_solo,@50,S-IoU,627,194,30,76.37028014616321,95.4337899543379,84.84438430311232,0.871816299053488,0.5877175696129545
juniperus_seg_by_region_20260828_114011,test,expert_E_region0_solo,@75,IoU,493,328,197,60.048721071863575,71.44927536231884,65.25479814692255,0.871816299053488,0.5877175696129545
juniperus_seg_by_region_20260828_114011,test,expert_E_region0_solo,@75,S-IoU,567,254,49,69.06211936662606,92.04545454545455,78.91440501043841,0.871816299053488,0.5877175696129545
juniperus_seg_by_region_20260828_114011,test,expert_E_region1_solo,@50,IoU,567,109,123,83.87573964497041,82.17391304347827,83.0161054172767,0.7970260049788488,0.5293804154379633
juniperus_seg_by_region_20260828_114011,test,expert_E_region1_solo,@50,S-IoU,574,102,71,84.91124260355029,88.9922480620155,86.90386071158214,0.7970260049788488,0.5293804154379633
juniperus_seg_by_region_20260828_114011,test,expert_E_region1_solo,@75,IoU,453,223,237,67.01183431952663,65.65217391304347,66.32503660322108,0.7970260049788488,0.5293804154379633
juniperus_seg_by_region_20260828_114011,test,expert_E_region1_solo,@75,S-IoU,525,151,91,77.66272189349112,85.22727272727273,81.26934984520125,0.7970260049788488,0.5293804154379633
juniperus_seg_by_region_20260828_114011,test,btm_forest_ensemble_uniform,@50,IoU,638,271,52,70.18701870187019,92.46376811594203,79.79987492182615,0.8850257861946009,0.5967650382396433
juniperus_seg_by_region_20260828_114011,test,btm_forest_ensemble_uniform,@50,S-IoU,670,239,21,73.7073707370737,96.96092619392185,83.75,0.8850257861946009,0.5967650382396433
juniperus_seg_by_region_20260828_114011,test,btm_forest_ensemble_uniform,@75,IoU,504,405,186,55.44554455445545,73.04347826086956,63.039399624765494,0.8850257861946009,0.5967650382396433
juniperus_seg_by_region_20260828_114011,test,btm_forest_ensemble_uniform,@75,S-IoU,597,312,39,65.67656765676567,93.86792452830188,77.28155339805825,0.8850257861946009,0.5967650382396433
juniperus_seg_by_region_20260828_114011,test,btm_forest_ensemble_weighted,@50,IoU,638,271,52,70.18701870187019,92.46376811594203,79.79987492182615,0.8859891634349809,0.5981581588292803
juniperus_seg_by_region_20260828_114011,test,btm_forest_ensemble_weighted,@50,S-IoU,671,238,21,73.81738173817382,96.96531791907515,83.82261086820736,0.8859891634349809,0.5981581588292803
juniperus_seg_by_region_20260828_114011,test,btm_forest_ensemble_weighted,@75,IoU,507,402,183,55.775577557755774,73.47826086956522,63.41463414634146,0.8859891634349809,0.5981581588292803
juniperus_seg_by_region_20260828_114011,test,btm_forest_ensemble_weighted,@75,S-IoU,599,310,39,65.8965896589659,93.8871473354232,77.44020685197157,0.8859891634349809,0.5981581588292803
juniperus_seg_by_region_20260828_114011,test,btm_forest_soup,@50,IoU,592,114,98,83.85269121813032,85.79710144927536,84.8137535816619,0.8374755772243423,0.6045797331164401
juniperus_seg_by_region_20260828_114011,test,btm_forest_soup,@50,S-IoU,598,108,54,84.70254957507082,91.71779141104295,88.07069219440353,0.8374755772243423,0.6045797331164401
juniperus_seg_by_region_20260828_114011,test,btm_forest_soup,@75,IoU,530,176,160,75.07082152974505,76.81159420289855,75.93123209169055,0.8374755772243423,0.6045797331164401
juniperus_seg_by_region_20260828_114011,test,btm_forest_soup,@75,S-IoU,556,150,64,78.75354107648725,89.6774193548387,83.86123680241326,0.8374755772243423,0.6045797331164401
juniperus_seg_by_region_20260828_114011,test,random_ensemble,@50,IoU,624,209,66,74.90996398559425,90.43478260869566,81.9435325016415,0.8661241811442906,0.5654674219447883
juniperus_seg_by_region_20260828_114011,test,random_ensemble,@50,S-IoU,640,193,22,76.83073229291718,96.67673716012085,85.61872909698997,0.8661241811442906,0.5654674219447883
juniperus_seg_by_region_20260828_114011,test,random_ensemble,@75,IoU,489,344,201,58.70348139255702,70.86956521739131,64.21536441234406,0.8661241811442906,0.5654674219447883
juniperus_seg_by_region_20260828_114011,test,random_ensemble,@75,S-IoU,584,249,33,70.10804321728692,94.6515397082658,80.55172413793103,0.8661241811442906,0.5654674219447883
juniperus_seg_by_region_20260828_114011,field_work,dense_baseline,@50,IoU,1155,388,616,74.85418016850292,65.21739130434783,69.70428485214242,0.6050564135027984,0.3077482491934694
juniperus_seg_by_region_20260828_114011,field_work,dense_baseline,@50,S-IoU,1216,327,426,78.80751782242385,74.05602923264311,76.35792778649922,0.6050564135027984,0.3077482491934694
juniperus_seg_by_region_20260828_114011,field_work,dense_baseline,@75,IoU,659,884,1112,42.709008425145825,37.210615471485035,39.77066988533495,0.6050564135027984,0.3077482491934694
juniperus_seg_by_region_20260828_114011,field_work,dense_baseline,@75,S-IoU,1000,543,509,64.80881399870383,66.26905235255136,65.53079947575361,0.6050564135027984,0.3077482491934694
juniperus_seg_by_region_20260828_114011,field_work,expert_E_region0_solo,@50,IoU,1195,349,576,77.39637305699482,67.47600225861096,72.09653092006032,0.6345878185460541,0.324625683452396
juniperus_seg_by_region_20260828_114011,field_work,expert_E_region0_solo,@50,S-IoU,1269,275,388,82.18911917098445,76.58418829209414,79.28772258669167,0.6345878185460541,0.324625683452396
juniperus_seg_by_region_20260828_114011,field_work,expert_E_region0_solo,@75,IoU,665,879,1106,43.06994818652849,37.54940711462451,40.120663650075414,0.6345878185460541,0.324625683452396
juniperus_seg_by_region_20260828_114011,field_work,expert_E_region0_solo,@75,S-IoU,1039,505,501,67.29274611398964,67.46753246753246,67.38002594033722,0.6345878185460541,0.324625683452396
juniperus_seg_by_region_20260828_114011,field_work,expert_E_region1_solo,@50,IoU,909,166,862,84.55813953488372,51.32693393562959,63.87912860154604,0.4873069064082026,0.2629450989137431
juniperus_seg_by_region_20260828_114011,field_work,expert_E_region1_solo,@50,S-IoU,954,121,706,88.74418604651163,57.46987951807229,69.76234003656306,0.4873069064082026,0.2629450989137431
juniperus_seg_by_region_20260828_114011,field_work,expert_E_region1_solo,@75,IoU,561,514,1210,52.18604651162791,31.67701863354037,39.42375263527758,0.4873069064082026,0.2629450989137431
juniperus_seg_by_region_20260828_114011,field_work,expert_E_region1_solo,@75,S-IoU,817,258,773,76.0,51.38364779874214,61.31332082551595,0.4873069064082026,0.2629450989137431
juniperus_seg_by_region_20260828_114011,field_work,btm_forest_ensemble_uniform,@50,IoU,1225,484,546,71.6793446459918,69.1699604743083,70.40229885057472,0.6408761259012452,0.3319383638463132
juniperus_seg_by_region_20260828_114011,field_work,btm_forest_ensemble_uniform,@50,S-IoU,1382,327,358,80.86600351082505,79.42528735632183,80.13917077413744,0.6408761259012452,0.3319383638463132
juniperus_seg_by_region_20260828_114011,field_work,btm_forest_ensemble_uniform,@75,IoU,692,1017,1079,40.49151550614394,39.073969508752114,39.77011494252873,0.6408761259012452,0.3319383638463132
juniperus_seg_by_region_20260828_114011,field_work,btm_forest_ensemble_uniform,@75,S-IoU,1098,611,457,64.24809830310123,70.61093247588424,67.27941176470588,0.6408761259012452,0.3319383638463132
juniperus_seg_by_region_20260828_114011,field_work,btm_forest_ensemble_weighted,@50,IoU,1226,482,545,71.77985948477752,69.22642574816487,70.48002299511354,0.6432323695676058,0.33168984634770754
juniperus_seg_by_region_20260828_114011,field_work,btm_forest_ensemble_weighted,@50,S-IoU,1382,326,358,80.91334894613583,79.42528735632183,80.16241299303944,0.6432323695676058,0.33168984634770754
juniperus_seg_by_region_20260828_114011,field_work,btm_forest_ensemble_weighted,@75,IoU,693,1015,1078,40.57377049180328,39.130434782608695,39.83903420523139,0.6432323695676058,0.33168984634770754
juniperus_seg_by_region_20260828_114011,field_work,btm_forest_ensemble_weighted,@75,S-IoU,1101,607,457,64.46135831381733,70.66752246469832,67.42192284139621,0.6432323695676058,0.33168984634770754
juniperus_seg_by_region_20260828_114011,field_work,btm_forest_soup,@50,IoU,1067,173,704,86.04838709677419,60.24844720496895,70.87346396545998,0.5781715189544774,0.33416465326990197
juniperus_seg_by_region_20260828_114011,field_work,btm_forest_soup,@50,S-IoU,1082,158,575,87.25806451612902,65.29873264936631,74.69796341042458,0.5781715189544774,0.33416465326990197
juniperus_seg_by_region_20260828_114011,field_work,btm_forest_soup,@75,IoU,738,502,1033,59.51612903225807,41.67137210615471,49.02025905014946,0.5781715189544774,0.33416465326990197
juniperus_seg_by_region_20260828_114011,field_work,btm_forest_soup,@75,S-IoU,939,301,638,75.7258064516129,59.5434369055168,66.66666666666666,0.5781715189544774,0.33416465326990197
juniperus_seg_by_region_20260828_114011,field_work,random_ensemble,@50,IoU,1208,515,563,70.11027278003482,68.21005081874647,69.14710933028049,0.6171006463337028,0.30143957003480737
juniperus_seg_by_region_20260828_114011,field_work,random_ensemble,@50,S-IoU,1350,373,305,78.35171213000581,81.57099697885197,79.92895204262878,0.6171006463337028,0.30143957003480737
juniperus_seg_by_region_20260828_114011,field_work,random_ensemble,@75,IoU,626,1097,1145,36.3319791062101,35.347261434217955,35.832856325128795,0.6171006463337028,0.30143957003480737
juniperus_seg_by_region_20260828_114011,field_work,random_ensemble,@75,S-IoU,1121,602,383,65.06094022054556,74.5345744680851,69.47629377130463,0.6171006463337028,0.30143957003480737
juniperus_seg_by_region_20260831_073029,test,dense_baseline,@50,IoU,616,173,74,78.07351077313055,89.27536231884058,83.29952670723463,0.8693208827703859,0.5804825249149717
juniperus_seg_by_region_20260831_073029,test,dense_baseline,@50,S-IoU,624,165,23,79.08745247148289,96.44513137557959,86.90807799442896,0.8693208827703859,0.5804825249149717
juniperus_seg_by_region_20260831_073029,test,dense_baseline,@75,IoU,500,289,190,63.37135614702155,72.46376811594203,67.6132521974307,0.8693208827703859,0.5804825249149717
juniperus_seg_by_region_20260831_073029,test,dense_baseline,@75,S-IoU,574,215,42,72.75031685678074,93.18181818181817,81.70818505338077,0.8693208827703859,0.5804825249149717
juniperus_seg_by_region_20260831_073029,test,expert_E_region0_solo,@50,IoU,625,203,65,75.48309178743962,90.57971014492753,82.34519104084322,0.8698403975648801,0.5766003519903384
juniperus_seg_by_region_20260831_073029,test,expert_E_region0_solo,@50,S-IoU,634,194,24,76.57004830917874,96.35258358662614,85.32974427994615,0.8698403975648801,0.5766003519903384
juniperus_seg_by_region_20260831_073029,test,expert_E_region0_solo,@75,IoU,487,341,203,58.81642512077294,70.57971014492753,64.16337285902503,0.8698403975648801,0.5766003519903384
juniperus_seg_by_region_20260831_073029,test,expert_E_region0_solo,@75,S-IoU,582,246,37,70.28985507246377,94.02261712439419,80.44229440221147,0.8698403975648801,0.5766003519903384
juniperus_seg_by_region_20260831_073029,test,expert_E_region1_solo,@50,IoU,568,130,122,81.37535816618912,82.31884057971014,81.8443804034582,0.7989697604567892,0.5317097771846979
juniperus_seg_by_region_20260831_073029,test,expert_E_region1_solo,@50,S-IoU,584,114,67,83.66762177650429,89.70814132104454,86.58265381764268,0.7989697604567892,0.5317097771846979
juniperus_seg_by_region_20260831_073029,test,expert_E_region1_solo,@75,IoU,446,252,244,63.89684813753582,64.6376811594203,64.26512968299714,0.7989697604567892,0.5317097771846979
juniperus_seg_by_region_20260831_073029,test,expert_E_region1_solo,@75,S-IoU,532,166,88,76.21776504297995,85.80645161290322,80.72837632776935,0.7989697604567892,0.5317097771846979
juniperus_seg_by_region_20260831_073029,test,btm_forest_ensemble_uniform,@50,IoU,638,283,52,69.27252985884907,92.46376811594203,79.20546244568591,0.8810414457770209,0.5830511072705363
juniperus_seg_by_region_20260831_073029,test,btm_forest_ensemble_uniform,@50,S-IoU,678,243,19,73.61563517915309,97.27403156384506,83.80716934487022,0.8810414457770209,0.5830511072705363
juniperus_seg_by_region_20260831_073029,test,btm_forest_ensemble_uniform,@75,IoU,488,433,202,52.985884907709014,70.72463768115942,60.583488516449414,0.8810414457770209,0.5830511072705363
juniperus_seg_by_region_20260831_073029,test,btm_forest_ensemble_uniform,@75,S-IoU,609,312,30,66.12377850162866,95.30516431924883,78.07692307692307,0.8810414457770209,0.5830511072705363
juniperus_seg_by_region_20260831_073029,test,btm_forest_ensemble_weighted,@50,IoU,638,284,52,69.19739696312365,92.46376811594203,79.15632754342431,0.880648437513126,0.583484157194747
juniperus_seg_by_region_20260831_073029,test,btm_forest_ensemble_weighted,@50,S-IoU,678,244,19,73.53579175704989,97.27403156384506,83.75540457072267,0.880648437513126,0.583484157194747
juniperus_seg_by_region_20260831_073029,test,btm_forest_ensemble_weighted,@75,IoU,491,431,199,53.253796095444685,71.15942028985506,60.9181141439206,0.880648437513126,0.583484157194747
juniperus_seg_by_region_20260831_073029,test,btm_forest_ensemble_weighted,@75,S-IoU,609,313,29,66.05206073752711,95.45454545454545,78.0769230769231,0.880648437513126,0.583484157194747
juniperus_seg_by_region_20260831_073029,test,btm_forest_soup,@50,IoU,603,146,87,80.50734312416556,87.39130434782608,83.80820013898541,0.8503078098220122,0.5744766934491976
juniperus_seg_by_region_20260831_073029,test,btm_forest_soup,@50,S-IoU,618,131,44,82.51001335113484,93.35347432024169,87.59744861800142,0.8503078098220122,0.5744766934491976
juniperus_seg_by_region_20260831_073029,test,btm_forest_soup,@75,IoU,489,260,201,65.28704939919892,70.86956521739131,67.96386379430159,0.8503078098220122,0.5744766934491976
juniperus_seg_by_region_20260831_073029,test,btm_forest_soup,@75,S-IoU,570,179,59,76.10146862483312,90.62003179650239,82.72859216255442,0.8503078098220122,0.5744766934491976
juniperus_seg_by_region_20260831_073029,test,random_ensemble,@50,IoU,628,255,62,71.1211778029445,91.01449275362319,79.84742530197074,0.8751148414018277,0.5764191917333081
juniperus_seg_by_region_20260831_073029,test,random_ensemble,@50,S-IoU,653,230,21,73.9524348810872,96.88427299703264,83.87925497752087,0.8751148414018277,0.5764191917333081
juniperus_seg_by_region_20260831_073029,test,random_ensemble,@75,IoU,496,387,194,56.17214043035108,71.8840579710145,63.06420851875397,0.8751148414018277,0.5764191917333081
juniperus_seg_by_region_20260831_073029,test,random_ensemble,@75,S-IoU,582,301,40,65.91166477916195,93.56913183279742,77.3421926910299,0.8751148414018277,0.5764191917333081
juniperus_seg_by_region_20260831_073029,field_work,dense_baseline,@50,IoU,1213,369,558,76.67509481668773,68.49237718802937,72.35311661198928,0.6474677731168716,0.33205146163000365
juniperus_seg_by_region_20260831_073029,field_work,dense_baseline,@50,S-IoU,1295,287,340,81.85840707964603,79.20489296636084,80.50979173142679,0.6474677731168716,0.33205146163000365
juniperus_seg_by_region_20260831_073029,field_work,dense_baseline,@75,IoU,682,900,1089,43.10998735777497,38.50931677018634,40.67998807038473,0.6474677731168716,0.33205146163000365
juniperus_seg_by_region_20260831_073029,field_work,dense_baseline,@75,S-IoU,1071,511,422,67.69911504424779,71.73476222371065,69.65853658536585,0.6474677731168716,0.33205146163000365
juniperus_seg_by_region_20260831_073029,field_work,expert_E_region0_solo,@50,IoU,1202,400,569,75.03121098626715,67.87125917560701,71.27186480877556,0.6354613218734869,0.3153270056249901
juniperus_seg_by_region_20260831_073029,field_work,expert_E_region0_solo,@50,S-IoU,1292,310,379,80.64918851435705,77.31897067624178,78.94897647418271,0.6354613218734869,0.3153270056249901
juniperus_seg_by_region_20260831_073029,field_work,expert_E_region0_solo,@75,IoU,637,965,1134,39.76279650436954,35.96837944664031,37.77053068485028,0.6354613218734869,0.3153270056249901
juniperus_seg_by_region_20260831_073029,field_work,expert_E_region0_solo,@75,S-IoU,1064,538,490,66.41697877652933,68.46846846846847,67.42712294043093,0.6354613218734869,0.3153270056249901
juniperus_seg_by_region_20260831_073029,field_work,expert_E_region1_solo,@50,IoU,890,206,881,81.2043795620438,50.2540937323546,62.08580397628183,0.4570121173370507,0.24712207490570356
juniperus_seg_by_region_20260831_073029,field_work,expert_E_region1_solo,@50,S-IoU,974,122,639,88.86861313868614,60.384376937383756,71.90845330380213,0.4570121173370507,0.24712207490570356
juniperus_seg_by_region_20260831_073029,field_work,expert_E_region1_solo,@75,IoU,549,547,1222,50.09124087591241,30.999435347261432,38.29787234042553,0.4570121173370507,0.24712207490570356
juniperus_seg_by_region_20260831_073029,field_work,expert_E_region1_solo,@75,S-IoU,836,260,709,76.27737226277372,54.11003236245955,63.309352517985616,0.4570121173370507,0.24712207490570356
juniperus_seg_by_region_20260831_073029,field_work,btm_forest_ensemble_uniform,@50,IoU,1235,555,536,68.99441340782123,69.73461321287408,69.36253861274923,0.6227298700375656,0.3118853320675699
juniperus_seg_by_region_20260831_073029,field_work,btm_forest_ensemble_uniform,@50,S-IoU,1424,366,323,79.55307262569833,81.51116199198626,80.52021487135991,0.6227298700375656,0.3118853320675699
juniperus_seg_by_region_20260831_073029,field_work,btm_forest_ensemble_uniform,@75,IoU,657,1133,1114,36.703910614525135,37.09768492377188,36.89974726200506,0.6227298700375656,0.3118853320675699
juniperus_seg_by_region_20260831_073029,field_work,btm_forest_ensemble_uniform,@75,S-IoU,1139,651,411,63.63128491620111,73.48387096774194,68.20359281437126,0.6227298700375656,0.3118853320675699
juniperus_seg_by_region_20260831_073029,field_work,btm_forest_ensemble_weighted,@50,IoU,1235,556,536,68.95589056393077,69.73461321287408,69.34306569343066,0.6278235131198963,0.31349143246594713
juniperus_seg_by_region_20260831_073029,field_work,btm_forest_ensemble_weighted,@50,S-IoU,1423,368,323,79.45281965382468,81.50057273768614,80.46366977664687,0.6278235131198963,0.31349143246594713
juniperus_seg_by_region_20260831_073029,field_work,btm_forest_ensemble_weighted,@75,IoU,656,1135,1115,36.627582356225574,37.041219649915305,36.83323975294778,0.6278235131198963,0.31349143246594713
juniperus_seg_by_region_20260831_073029,field_work,btm_forest_ensemble_weighted,@75,S-IoU,1140,651,412,63.65159128978225,73.4536082474227,68.20221358061622,0.6278235131198963,0.31349143246594713
juniperus_seg_by_region_20260831_073029,field_work,btm_forest_soup,@50,IoU,1105,237,666,82.3397913561848,62.39412761151891,70.99261162865403,0.590359644613552,0.3089048621633882
juniperus_seg_by_region_20260831_073029,field_work,btm_forest_soup,@50,S-IoU,1168,174,488,87.03427719821163,70.53140096618358,77.91861240827217,0.590359644613552,0.3089048621633882
juniperus_seg_by_region_20260831_073029,field_work,btm_forest_soup,@75,IoU,632,710,1139,47.093889716840536,35.68605307735743,40.603919049148736,0.590359644613552,0.3089048621633882
juniperus_seg_by_region_20260831_073029,field_work,btm_forest_soup,@75,S-IoU,1000,342,573,74.51564828614009,63.57279084551812,68.61063464837049,0.590359644613552,0.3089048621633882
juniperus_seg_by_region_20260831_073029,field_work,random_ensemble,@50,IoU,1197,546,574,68.67469879518072,67.58893280632411,68.12749003984064,0.6231058923650682,0.3110154686799403
juniperus_seg_by_region_20260831_073029,field_work,random_ensemble,@50,S-IoU,1345,398,377,77.16580608146873,78.1068524970964,77.63347763347764,0.6231058923650682,0.3110154686799403
juniperus_seg_by_region_20260831_073029,field_work,random_ensemble,@75,IoU,636,1107,1135,36.48881239242685,35.91191417278374,36.19806488332385,0.6231058923650682,0.3110154686799403
juniperus_seg_by_region_20260831_073029,field_work,random_ensemble,@75,S-IoU,1084,659,473,62.19162363740677,69.62106615285806,65.6969696969697,0.6231058923650682,0.3110154686799403
juniperus_seg_by_size_20260828_072323,test,dense_baseline,@50,IoU,607,186,83,76.54476670870113,87.97101449275362,81.86109238031018,0.8475021767897865,0.5671423695138776
juniperus_seg_by_size_20260828_072323,test,dense_baseline,@50,S-IoU,612,181,41,77.17528373266079,93.72128637059724,84.64730290456431,0.8475021767897865,0.5671423695138776
juniperus_seg_by_size_20260828_072323,test,dense_baseline,@75,IoU,494,299,196,62.295081967213115,71.59420289855073,66.62171274443696,0.8475021767897865,0.5671423695138776
juniperus_seg_by_size_20260828_072323,test,dense_baseline,@75,S-IoU,562,231,52,70.87011349306431,91.53094462540716,79.8862828713575,0.8475021767897865,0.5671423695138776
juniperus_seg_by_size_20260828_072323,test,expert_E_small_solo,@50,IoU,604,151,86,80.0,87.53623188405797,83.59861591695503,0.846214859074274,0.5687094638123678
juniperus_seg_by_size_20260828_072323,test,expert_E_small_solo,@50,S-IoU,612,143,41,81.05960264900662,93.72128637059724,86.93181818181819,0.846214859074274,0.5687094638123678
juniperus_seg_by_size_20260828_072323,test,expert_E_small_solo,@75,IoU,483,272,207,63.97350993377483,70.0,66.85121107266436,0.846214859074274,0.5687094638123678
juniperus_seg_by_size_20260828_072323,test,expert_E_small_solo,@75,S-IoU,560,195,55,74.17218543046357,91.05691056910568,81.75182481751825,0.846214859074274,0.5687094638123678
juniperus_seg_by_size_20260828_072323,test,expert_E_medium_solo,@50,IoU,621,160,69,79.5134443021767,90.0,84.43235893949694,0.8742473852529227,0.5921919084736166
juniperus_seg_by_size_20260828_072323,test,expert_E_medium_solo,@50,S-IoU,622,159,32,79.64148527528809,95.10703363914374,86.68989547038328,0.8742473852529227,0.5921919084736166
juniperus_seg_by_size_20260828_072323,test,expert_E_medium_solo,@75,IoU,504,277,186,64.5326504481434,73.04347826086956,68.52481305234535,0.8742473852529227,0.5921919084736166
juniperus_seg_by_size_20260828_072323,test,expert_E_medium_solo,@75,S-IoU,567,214,52,72.59923175416134,91.59935379644588,81.0,0.8742473852529227,0.5921919084736166
juniperus_seg_by_size_20260828_072323,test,expert_E_large_solo,@50,IoU,615,144,75,81.02766798418972,89.13043478260869,84.88612836438924,0.8691984384706766,0.5857557488573658
juniperus_seg_by_size_20260828_072323,test,expert_E_large_solo,@50,S-IoU,617,142,33,81.29117259552042,94.92307692307692,87.57984386089426,0.8691984384706766,0.5857557488573658
juniperus_seg_by_size_20260828_072323,test,expert_E_large_solo,@75,IoU,491,268,199,64.69038208168642,71.15942028985506,67.77087646652863,0.8691984384706766,0.5857557488573658
juniperus_seg_by_size_20260828_072323,test,expert_E_large_solo,@75,S-IoU,565,194,55,74.44005270092227,91.12903225806451,81.94343727338651,0.8691984384706766,0.5857557488573658
juniperus_seg_by_size_20260828_072323,test,btm_forest_ensemble_uniform,@50,IoU,637,277,53,69.69365426695843,92.31884057971016,79.42643391521197,0.8850947611156561,0.597476673919835
juniperus_seg_by_size_20260828_072323,test,btm_forest_ensemble_uniform,@50,S-IoU,671,243,22,73.41356673960613,96.82539682539682,83.5096453018046,0.8850947611156561,0.597476673919835
juniperus_seg_by_size_20260828_072323,test,btm_forest_ensemble_uniform,@75,IoU,509,405,181,55.68927789934355,73.76811594202898,63.46633416458853,0.8850947611156561,0.597476673919835
juniperus_seg_by_size_20260828_072323,test,btm_forest_ensemble_uniform,@75,S-IoU,594,320,35,64.98905908096279,94.4356120826709,76.99287103046014,0.8850947611156561,0.597476673919835
juniperus_seg_by_size_20260828_072323,test,btm_forest_ensemble_weighted,@50,IoU,637,278,53,69.61748633879782,92.31884057971016,79.37694704049846,0.8857180326765033,0.5990317917889532
juniperus_seg_by_size_20260828_072323,test,btm_forest_ensemble_weighted,@50,S-IoU,673,242,22,73.55191256830601,96.83453237410072,83.60248447204968,0.8857180326765033,0.5990317917889532
juniperus_seg_by_size_20260828_072323,test,btm_forest_ensemble_weighted,@75,IoU,510,405,180,55.73770491803278,73.91304347826086,63.55140186915887,0.8857180326765033,0.5990317917889532
juniperus_seg_by_size_20260828_072323,test,btm_forest_ensemble_weighted,@75,S-IoU,593,322,36,64.80874316939891,94.27662957074722,76.81347150259067,0.8857180326765033,0.5990317917889532
juniperus_seg_by_size_20260828_072323,test,btm_forest_soup,@50,IoU,616,145,74,80.946123521682,89.27536231884058,84.90696071674708,0.8721107394198395,0.6203277954839678
juniperus_seg_by_size_20260828_072323,test,btm_forest_soup,@50,S-IoU,622,139,32,81.73455978975032,95.10703363914374,87.91519434628977,0.8721107394198395,0.6203277954839678
juniperus_seg_by_size_20260828_072323,test,btm_forest_soup,@75,IoU,535,226,155,70.30223390275953,77.53623188405797,73.74224672639559,0.8721107394198395,0.6203277954839678
juniperus_seg_by_size_20260828_072323,test,btm_forest_soup,@75,S-IoU,579,182,46,76.08409986859395,92.64,83.54978354978357,0.8721107394198395,0.6203277954839678
juniperus_seg_by_size_20260828_072323,test,random_ensemble,@50,IoU,645,390,45,62.31884057971014,93.47826086956522,74.78260869565217,0.8796843081157352,0.5866463920096903
juniperus_seg_by_size_20260828_072323,test,random_ensemble,@50,S-IoU,692,343,14,66.85990338164251,98.01699716713881,79.49454336588168,0.8796843081157352,0.5866463920096903
juniperus_seg_by_size_20260828_072323,test,random_ensemble,@75,IoU,514,521,176,49.66183574879227,74.4927536231884,59.59420289855073,0.8796843081157352,0.5866463920096903
juniperus_seg_by_size_20260828_072323,test,random_ensemble,@75,S-IoU,610,425,26,58.93719806763285,95.9119496855346,73.01017354877318,0.8796843081157352,0.5866463920096903
juniperus_seg_by_size_20260828_072323,field_work,dense_baseline,@50,IoU,1155,388,616,74.85418016850292,65.21739130434783,69.70428485214242,0.6050564135027984,0.3077482491934694
juniperus_seg_by_size_20260828_072323,field_work,dense_baseline,@50,S-IoU,1216,327,426,78.80751782242385,74.05602923264311,76.35792778649922,0.6050564135027984,0.3077482491934694
juniperus_seg_by_size_20260828_072323,field_work,dense_baseline,@75,IoU,659,884,1112,42.709008425145825,37.210615471485035,39.77066988533495,0.6050564135027984,0.3077482491934694
juniperus_seg_by_size_20260828_072323,field_work,dense_baseline,@75,S-IoU,1000,543,509,64.80881399870383,66.26905235255136,65.53079947575361,0.6050564135027984,0.3077482491934694
juniperus_seg_by_size_20260828_072323,field_work,expert_E_small_solo,@50,IoU,1130,302,641,78.91061452513966,63.80575945793338,70.55885107711521,0.5996000808541023,0.30816763016328386
juniperus_seg_by_size_20260828_072323,field_work,expert_E_small_solo,@50,S-IoU,1221,211,431,85.26536312849163,73.91041162227603,79.1828793774319,0.5996000808541023,0.30816763016328386
juniperus_seg_by_size_20260828_072323,field_work,expert_E_small_solo,@75,IoU,639,793,1132,44.622905027932966,36.081309994353475,39.90009366219169,0.5996000808541023,0.30816763016328386
juniperus_seg_by_size_20260828_072323,field_work,expert_E_small_solo,@75,S-IoU,995,437,533,69.48324022346368,65.11780104712042,67.22972972972973,0.5996000808541023,0.30816763016328386
juniperus_seg_by_size_20260828_072323,field_work,expert_E_medium_solo,@50,IoU,1158,324,613,78.13765182186235,65.38678712591755,71.19581924377498,0.6113140347136808,0.3169800373240711
juniperus_seg_by_size_20260828_072323,field_work,expert_E_medium_solo,@50,S-IoU,1227,255,422,82.79352226720647,74.40873256519103,78.37751517087193,0.6113140347136808,0.3169800373240711
juniperus_seg_by_size_20260828_072323,field_work,expert_E_medium_solo,@75,IoU,660,822,1111,44.534412955465584,37.267080745341616,40.57792806640024,0.6113140347136808,0.3169800373240711
juniperus_seg_by_size_20260828_072323,field_work,expert_E_medium_solo,@75,S-IoU,1010,472,522,68.15114709851552,65.92689295039165,67.0205706702057,0.6113140347136808,0.3169800373240711
juniperus_seg_by_size_20260828_072323,field_work,expert_E_large_solo,@50,IoU,1185,327,586,78.37301587301587,66.91134952004518,72.1900700578739,0.6254326233877402,0.32279624793789824
juniperus_seg_by_size_20260828_072323,field_work,expert_E_large_solo,@50,S-IoU,1263,249,387,83.53174603174604,76.54545454545455,79.88614800759012,0.6254326233877402,0.32279624793789824
juniperus_seg_by_size_20260828_072323,field_work,expert_E_large_solo,@75,IoU,665,847,1106,43.98148148148148,37.54940711462451,40.511727078891255,0.6254326233877402,0.32279624793789824
juniperus_seg_by_size_20260828_072323,field_work,expert_E_large_solo,@75,S-IoU,1048,464,483,69.31216931216932,68.45199216198563,68.87939533355242,0.6254326233877402,0.32279624793789824
juniperus_seg_by_size_20260828_072323,field_work,btm_forest_ensemble_uniform,@50,IoU,1273,587,498,68.44086021505376,71.88029361942405,70.11842467639768,0.6578469253097299,0.33769994957393734
juniperus_seg_by_size_20260828_072323,field_work,btm_forest_ensemble_uniform,@50,S-IoU,1460,400,304,78.49462365591397,82.76643990929705,80.5739514348786,0.6578469253097299,0.33769994957393734
juniperus_seg_by_size_20260828_072323,field_work,btm_forest_ensemble_uniform,@75,IoU,708,1152,1063,38.064516129032256,39.97741389045737,38.99752134398237,0.6578469253097299,0.33769994957393734
juniperus_seg_by_size_20260828_072323,field_work,btm_forest_ensemble_uniform,@75,S-IoU,1147,713,407,61.66666666666667,73.80952380952381,67.19390743995314,0.6578469253097299,0.33769994957393734
juniperus_seg_by_size_20260828_072323,field_work,btm_forest_ensemble_weighted,@50,IoU,1272,588,499,68.38709677419355,71.82382834556748,70.06334343156155,0.6569920473912046,0.33751461142883477
juniperus_seg_by_size_20260828_072323,field_work,btm_forest_ensemble_weighted,@50,S-IoU,1463,397,305,78.65591397849462,82.74886877828054,80.65049614112458,0.6569920473912046,0.33751461142883477
juniperus_seg_by_size_20260828_072323,field_work,btm_forest_ensemble_weighted,@75,IoU,705,1155,1066,37.903225806451616,39.808018068887634,38.83227760947398,0.6569920473912046,0.33751461142883477
juniperus_seg_by_size_20260828_072323,field_work,btm_forest_ensemble_weighted,@75,S-IoU,1150,710,406,61.82795698924731,73.90745501285348,67.33021077283374,0.6569920473912046,0.33751461142883477
juniperus_seg_by_size_20260828_072323,field_work,btm_forest_soup,@50,IoU,1202,282,569,80.99730458221023,67.87125917560701,73.85560675883256,0.6455176657139015,0.3623013250195134
juniperus_seg_by_size_20260828_072323,field_work,btm_forest_soup,@50,S-IoU,1237,247,403,83.35579514824798,75.42682926829268,79.19334186939821,0.6455176657139015,0.3623013250195134
juniperus_seg_by_size_20260828_072323,field_work,btm_forest_soup,@75,IoU,802,682,969,54.04312668463612,45.28514963297572,49.27803379416282,0.6455176657139015,0.3623013250195134
juniperus_seg_by_size_20260828_072323,field_work,btm_forest_soup,@75,S-IoU,1070,414,464,72.10242587601078,69.75228161668839,70.90788601722994,0.6455176657139015,0.3623013250195134
juniperus_seg_by_size_20260828_072323,field_work,random_ensemble,@50,IoU,1327,887,444,59.93676603432701,74.92941840767928,66.59974905897114,0.6735887759615997,0.34368803455386704
juniperus_seg_by_size_20260828_072323,field_work,random_ensemble,@50,S-IoU,1607,607,205,72.58355916892502,88.68653421633555,79.83109786388476,0.6735887759615997,0.34368803455386704
juniperus_seg_by_size_20260828_072323,field_work,random_ensemble,@75,IoU,723,1491,1048,32.65582655826558,40.82439299830604,36.28607277289837,0.6735887759615997,0.34368803455386704
juniperus_seg_by_size_20260828_072323,field_work,random_ensemble,@75,S-IoU,1258,956,284,56.82023486901535,81.58236057068741,66.98615548455803,0.6735887759615997,0.34368803455386704
juniperus_seg_by_size_20260828_151237,test,dense_baseline,@50,IoU,607,186,83,76.54476670870113,87.97101449275362,81.86109238031018,0.8475021767897865,0.5671423695138776
juniperus_seg_by_size_20260828_151237,test,dense_baseline,@50,S-IoU,612,181,41,77.17528373266079,93.72128637059724,84.64730290456431,0.8475021767897865,0.5671423695138776
juniperus_seg_by_size_20260828_151237,test,dense_baseline,@75,IoU,494,299,196,62.295081967213115,71.59420289855073,66.62171274443696,0.8475021767897865,0.5671423695138776
juniperus_seg_by_size_20260828_151237,test,dense_baseline,@75,S-IoU,562,231,52,70.87011349306431,91.53094462540716,79.8862828713575,0.8475021767897865,0.5671423695138776
juniperus_seg_by_size_20260828_151237,test,expert_E_small_solo,@50,IoU,604,151,86,80.0,87.53623188405797,83.59861591695503,0.846214859074274,0.5687094638123678
juniperus_seg_by_size_20260828_151237,test,expert_E_small_solo,@50,S-IoU,612,143,41,81.05960264900662,93.72128637059724,86.93181818181819,0.846214859074274,0.5687094638123678
juniperus_seg_by_size_20260828_151237,test,expert_E_small_solo,@75,IoU,483,272,207,63.97350993377483,70.0,66.85121107266436,0.846214859074274,0.5687094638123678
juniperus_seg_by_size_20260828_151237,test,expert_E_small_solo,@75,S-IoU,560,195,55,74.17218543046357,91.05691056910568,81.75182481751825,0.846214859074274,0.5687094638123678
juniperus_seg_by_size_20260828_151237,test,expert_E_medium_solo,@50,IoU,621,160,69,79.5134443021767,90.0,84.43235893949694,0.8742473852529227,0.5921919084736166
juniperus_seg_by_size_20260828_151237,test,expert_E_medium_solo,@50,S-IoU,622,159,32,79.64148527528809,95.10703363914374,86.68989547038328,0.8742473852529227,0.5921919084736166
juniperus_seg_by_size_20260828_151237,test,expert_E_medium_solo,@75,IoU,504,277,186,64.5326504481434,73.04347826086956,68.52481305234535,0.8742473852529227,0.5921919084736166
juniperus_seg_by_size_20260828_151237,test,expert_E_medium_solo,@75,S-IoU,567,214,52,72.59923175416134,91.59935379644588,81.0,0.8742473852529227,0.5921919084736166
juniperus_seg_by_size_20260828_151237,test,expert_E_large_solo,@50,IoU,615,144,75,81.02766798418972,89.13043478260869,84.88612836438924,0.8691984384706766,0.5857557488573658
juniperus_seg_by_size_20260828_151237,test,expert_E_large_solo,@50,S-IoU,617,142,33,81.29117259552042,94.92307692307692,87.57984386089426,0.8691984384706766,0.5857557488573658
juniperus_seg_by_size_20260828_151237,test,expert_E_large_solo,@75,IoU,491,268,199,64.69038208168642,71.15942028985506,67.77087646652863,0.8691984384706766,0.5857557488573658
juniperus_seg_by_size_20260828_151237,test,expert_E_large_solo,@75,S-IoU,565,194,55,74.44005270092227,91.12903225806451,81.94343727338651,0.8691984384706766,0.5857557488573658
juniperus_seg_by_size_20260828_151237,test,btm_forest_ensemble_uniform,@50,IoU,637,277,53,69.69365426695843,92.31884057971016,79.42643391521197,0.8850947611156561,0.597476673919835
juniperus_seg_by_size_20260828_151237,test,btm_forest_ensemble_uniform,@50,S-IoU,671,243,22,73.41356673960613,96.82539682539682,83.5096453018046,0.8850947611156561,0.597476673919835
juniperus_seg_by_size_20260828_151237,test,btm_forest_ensemble_uniform,@75,IoU,509,405,181,55.68927789934355,73.76811594202898,63.46633416458853,0.8850947611156561,0.597476673919835
juniperus_seg_by_size_20260828_151237,test,btm_forest_ensemble_uniform,@75,S-IoU,594,320,35,64.98905908096279,94.4356120826709,76.99287103046014,0.8850947611156561,0.597476673919835
juniperus_seg_by_size_20260828_151237,test,btm_forest_ensemble_weighted,@50,IoU,637,278,53,69.61748633879782,92.31884057971016,79.37694704049846,0.8857180326765033,0.5990317917889532
juniperus_seg_by_size_20260828_151237,test,btm_forest_ensemble_weighted,@50,S-IoU,673,242,22,73.55191256830601,96.83453237410072,83.60248447204968,0.8857180326765033,0.5990317917889532
juniperus_seg_by_size_20260828_151237,test,btm_forest_ensemble_weighted,@75,IoU,510,405,180,55.73770491803278,73.91304347826086,63.55140186915887,0.8857180326765033,0.5990317917889532
juniperus_seg_by_size_20260828_151237,test,btm_forest_ensemble_weighted,@75,S-IoU,593,322,36,64.80874316939891,94.27662957074722,76.81347150259067,0.8857180326765033,0.5990317917889532
juniperus_seg_by_size_20260828_151237,test,btm_forest_soup,@50,IoU,481,38,209,92.67822736030828,69.71014492753623,79.56989247311827,0.6827014610382742,0.5006091677967173
juniperus_seg_by_size_20260828_151237,test,btm_forest_soup,@50,S-IoU,479,40,167,92.29287090558766,74.14860681114551,82.23175965665237,0.6827014610382742,0.5006091677967173
juniperus_seg_by_size_20260828_151237,test,btm_forest_soup,@75,IoU,437,82,253,84.20038535645472,63.33333333333333,72.29114971050454,0.6827014610382742,0.5006091677967173
juniperus_seg_by_size_20260828_151237,test,btm_forest_soup,@75,S-IoU,458,61,171,88.2466281310212,72.81399046104929,79.79094076655052,0.6827014610382742,0.5006091677967173
juniperus_seg_by_size_20260828_151237,test,random_ensemble,@50,IoU,645,390,45,62.31884057971014,93.47826086956522,74.78260869565217,0.8796843081157352,0.5866463920096903
juniperus_seg_by_size_20260828_151237,test,random_ensemble,@50,S-IoU,692,343,14,66.85990338164251,98.01699716713881,79.49454336588168,0.8796843081157352,0.5866463920096903
juniperus_seg_by_size_20260828_151237,test,random_ensemble,@75,IoU,514,521,176,49.66183574879227,74.4927536231884,59.59420289855073,0.8796843081157352,0.5866463920096903
juniperus_seg_by_size_20260828_151237,test,random_ensemble,@75,S-IoU,610,425,26,58.93719806763285,95.9119496855346,73.01017354877318,0.8796843081157352,0.5866463920096903
juniperus_seg_by_size_20260828_151237,field_work,dense_baseline,@50,IoU,1155,388,616,74.85418016850292,65.21739130434783,69.70428485214242,0.6050564135027984,0.3077482491934694
juniperus_seg_by_size_20260828_151237,field_work,dense_baseline,@50,S-IoU,1216,327,426,78.80751782242385,74.05602923264311,76.35792778649922,0.6050564135027984,0.3077482491934694
juniperus_seg_by_size_20260828_151237,field_work,dense_baseline,@75,IoU,659,884,1112,42.709008425145825,37.210615471485035,39.77066988533495,0.6050564135027984,0.3077482491934694
juniperus_seg_by_size_20260828_151237,field_work,dense_baseline,@75,S-IoU,1000,543,509,64.80881399870383,66.26905235255136,65.53079947575361,0.6050564135027984,0.3077482491934694
juniperus_seg_by_size_20260828_151237,field_work,expert_E_small_solo,@50,IoU,1130,302,641,78.91061452513966,63.80575945793338,70.55885107711521,0.5996000808541023,0.30816763016328386
juniperus_seg_by_size_20260828_151237,field_work,expert_E_small_solo,@50,S-IoU,1221,211,431,85.26536312849163,73.91041162227603,79.1828793774319,0.5996000808541023,0.30816763016328386
juniperus_seg_by_size_20260828_151237,field_work,expert_E_small_solo,@75,IoU,639,793,1132,44.622905027932966,36.081309994353475,39.90009366219169,0.5996000808541023,0.30816763016328386
juniperus_seg_by_size_20260828_151237,field_work,expert_E_small_solo,@75,S-IoU,995,437,533,69.48324022346368,65.11780104712042,67.22972972972973,0.5996000808541023,0.30816763016328386
juniperus_seg_by_size_20260828_151237,field_work,expert_E_medium_solo,@50,IoU,1158,324,613,78.13765182186235,65.38678712591755,71.19581924377498,0.6113140347136808,0.3169800373240711
juniperus_seg_by_size_20260828_151237,field_work,expert_E_medium_solo,@50,S-IoU,1227,255,422,82.79352226720647,74.40873256519103,78.37751517087193,0.6113140347136808,0.3169800373240711
juniperus_seg_by_size_20260828_151237,field_work,expert_E_medium_solo,@75,IoU,660,822,1111,44.534412955465584,37.267080745341616,40.57792806640024,0.6113140347136808,0.3169800373240711
juniperus_seg_by_size_20260828_151237,field_work,expert_E_medium_solo,@75,S-IoU,1010,472,522,68.15114709851552,65.92689295039165,67.0205706702057,0.6113140347136808,0.3169800373240711
juniperus_seg_by_size_20260828_151237,field_work,expert_E_large_solo,@50,IoU,1185,327,586,78.37301587301587,66.91134952004518,72.1900700578739,0.6254326233877402,0.32279624793789824
juniperus_seg_by_size_20260828_151237,field_work,expert_E_large_solo,@50,S-IoU,1263,249,387,83.53174603174604,76.54545454545455,79.88614800759012,0.6254326233877402,0.32279624793789824
juniperus_seg_by_size_20260828_151237,field_work,expert_E_large_solo,@75,IoU,665,847,1106,43.98148148148148,37.54940711462451,40.511727078891255,0.6254326233877402,0.32279624793789824
juniperus_seg_by_size_20260828_151237,field_work,expert_E_large_solo,@75,S-IoU,1048,464,483,69.31216931216932,68.45199216198563,68.87939533355242,0.6254326233877402,0.32279624793789824
juniperus_seg_by_size_20260828_151237,field_work,btm_forest_ensemble_uniform,@50,IoU,1273,587,498,68.44086021505376,71.88029361942405,70.11842467639768,0.6578469253097299,0.33769994957393734
juniperus_seg_by_size_20260828_151237,field_work,btm_forest_ensemble_uniform,@50,S-IoU,1460,400,304,78.49462365591397,82.76643990929705,80.5739514348786,0.6578469253097299,0.33769994957393734
juniperus_seg_by_size_20260828_151237,field_work,btm_forest_ensemble_uniform,@75,IoU,708,1152,1063,38.064516129032256,39.97741389045737,38.99752134398237,0.6578469253097299,0.33769994957393734
juniperus_seg_by_size_20260828_151237,field_work,btm_forest_ensemble_uniform,@75,S-IoU,1147,713,407,61.66666666666667,73.80952380952381,67.19390743995314,0.6578469253097299,0.33769994957393734
juniperus_seg_by_size_20260828_151237,field_work,btm_forest_ensemble_weighted,@50,IoU,1272,588,499,68.38709677419355,71.82382834556748,70.06334343156155,0.6569920473912046,0.33751461142883477
juniperus_seg_by_size_20260828_151237,field_work,btm_forest_ensemble_weighted,@50,S-IoU,1463,397,305,78.65591397849462,82.74886877828054,80.65049614112458,0.6569920473912046,0.33751461142883477
juniperus_seg_by_size_20260828_151237,field_work,btm_forest_ensemble_weighted,@75,IoU,705,1155,1066,37.903225806451616,39.808018068887634,38.83227760947398,0.6569920473912046,0.33751461142883477
juniperus_seg_by_size_20260828_151237,field_work,btm_forest_ensemble_weighted,@75,S-IoU,1150,710,406,61.82795698924731,73.90745501285348,67.33021077283374,0.6569920473912046,0.33751461142883477
juniperus_seg_by_size_20260828_151237,field_work,btm_forest_soup,@50,IoU,713,74,1058,90.5972045743329,40.25974025974026,55.746677091477714,0.3855159343965654,0.22861265786364263
juniperus_seg_by_size_20260828_151237,field_work,btm_forest_soup,@50,S-IoU,705,82,927,89.58068614993647,43.19852941176471,58.2885489871848,0.3855159343965654,0.22861265786364263
juniperus_seg_by_size_20260828_151237,field_work,btm_forest_soup,@75,IoU,524,263,1247,66.58195679796697,29.587803500846977,40.96950742767787,0.3855159343965654,0.22861265786364263
juniperus_seg_by_size_20260828_151237,field_work,btm_forest_soup,@75,S-IoU,632,155,957,80.30495552731894,39.77344241661422,53.198653198653204,0.3855159343965654,0.22861265786364263
juniperus_seg_by_size_20260828_151237,field_work,random_ensemble,@50,IoU,1327,887,444,59.93676603432701,74.92941840767928,66.59974905897114,0.6735887759615997,0.34368803455386704
juniperus_seg_by_size_20260828_151237,field_work,random_ensemble,@50,S-IoU,1607,607,205,72.58355916892502,88.68653421633555,79.83109786388476,0.6735887759615997,0.34368803455386704
juniperus_seg_by_size_20260828_151237,field_work,random_ensemble,@75,IoU,723,1491,1048,32.65582655826558,40.82439299830604,36.28607277289837,0.6735887759615997,0.34368803455386704
juniperus_seg_by_size_20260828_151237,field_work,random_ensemble,@75,S-IoU,1258,956,284,56.82023486901535,81.58236057068741,66.98615548455803,0.6735887759615997,0.34368803455386704
juniperus_seg_by_size_20260828_175314,test,dense_baseline,@50,IoU,607,186,83,76.54476670870113,87.97101449275362,81.86109238031018,0.8475021767897865,0.5671423695138776
juniperus_seg_by_size_20260828_175314,test,dense_baseline,@50,S-IoU,612,181,41,77.17528373266079,93.72128637059724,84.64730290456431,0.8475021767897865,0.5671423695138776
juniperus_seg_by_size_20260828_175314,test,dense_baseline,@75,IoU,494,299,196,62.295081967213115,71.59420289855073,66.62171274443696,0.8475021767897865,0.5671423695138776
juniperus_seg_by_size_20260828_175314,test,dense_baseline,@75,S-IoU,562,231,52,70.87011349306431,91.53094462540716,79.8862828713575,0.8475021767897865,0.5671423695138776
juniperus_seg_by_size_20260828_175314,test,expert_E_small_solo,@50,IoU,604,151,86,80.0,87.53623188405797,83.59861591695503,0.846214859074274,0.5687094638123678
juniperus_seg_by_size_20260828_175314,test,expert_E_small_solo,@50,S-IoU,612,143,41,81.05960264900662,93.72128637059724,86.93181818181819,0.846214859074274,0.5687094638123678
juniperus_seg_by_size_20260828_175314,test,expert_E_small_solo,@75,IoU,483,272,207,63.97350993377483,70.0,66.85121107266436,0.846214859074274,0.5687094638123678
juniperus_seg_by_size_20260828_175314,test,expert_E_small_solo,@75,S-IoU,560,195,55,74.17218543046357,91.05691056910568,81.75182481751825,0.846214859074274,0.5687094638123678
juniperus_seg_by_size_20260828_175314,test,expert_E_medium_solo,@50,IoU,621,160,69,79.5134443021767,90.0,84.43235893949694,0.8742473852529227,0.5921919084736166
juniperus_seg_by_size_20260828_175314,test,expert_E_medium_solo,@50,S-IoU,622,159,32,79.64148527528809,95.10703363914374,86.68989547038328,0.8742473852529227,0.5921919084736166
juniperus_seg_by_size_20260828_175314,test,expert_E_medium_solo,@75,IoU,504,277,186,64.5326504481434,73.04347826086956,68.52481305234535,0.8742473852529227,0.5921919084736166
juniperus_seg_by_size_20260828_175314,test,expert_E_medium_solo,@75,S-IoU,567,214,52,72.59923175416134,91.59935379644588,81.0,0.8742473852529227,0.5921919084736166
juniperus_seg_by_size_20260828_175314,test,expert_E_large_solo,@50,IoU,615,144,75,81.02766798418972,89.13043478260869,84.88612836438924,0.8691984384706766,0.5857557488573658
juniperus_seg_by_size_20260828_175314,test,expert_E_large_solo,@50,S-IoU,617,142,33,81.29117259552042,94.92307692307692,87.57984386089426,0.8691984384706766,0.5857557488573658
juniperus_seg_by_size_20260828_175314,test,expert_E_large_solo,@75,IoU,491,268,199,64.69038208168642,71.15942028985506,67.77087646652863,0.8691984384706766,0.5857557488573658
juniperus_seg_by_size_20260828_175314,test,expert_E_large_solo,@75,S-IoU,565,194,55,74.44005270092227,91.12903225806451,81.94343727338651,0.8691984384706766,0.5857557488573658
juniperus_seg_by_size_20260828_175314,test,btm_forest_ensemble_uniform,@50,IoU,637,277,53,69.69365426695843,92.31884057971016,79.42643391521197,0.8850947611156561,0.597476673919835
juniperus_seg_by_size_20260828_175314,test,btm_forest_ensemble_uniform,@50,S-IoU,671,243,22,73.41356673960613,96.82539682539682,83.5096453018046,0.8850947611156561,0.597476673919835
juniperus_seg_by_size_20260828_175314,test,btm_forest_ensemble_uniform,@75,IoU,509,405,181,55.68927789934355,73.76811594202898,63.46633416458853,0.8850947611156561,0.597476673919835
juniperus_seg_by_size_20260828_175314,test,btm_forest_ensemble_uniform,@75,S-IoU,594,320,35,64.98905908096279,94.4356120826709,76.99287103046014,0.8850947611156561,0.597476673919835
juniperus_seg_by_size_20260828_175314,test,btm_forest_ensemble_weighted,@50,IoU,637,278,53,69.61748633879782,92.31884057971016,79.37694704049846,0.8857180326765033,0.5990317917889532
juniperus_seg_by_size_20260828_175314,test,btm_forest_ensemble_weighted,@50,S-IoU,673,242,22,73.55191256830601,96.83453237410072,83.60248447204968,0.8857180326765033,0.5990317917889532
juniperus_seg_by_size_20260828_175314,test,btm_forest_ensemble_weighted,@75,IoU,510,405,180,55.73770491803278,73.91304347826086,63.55140186915887,0.8857180326765033,0.5990317917889532
juniperus_seg_by_size_20260828_175314,test,btm_forest_ensemble_weighted,@75,S-IoU,593,322,36,64.80874316939891,94.27662957074722,76.81347150259067,0.8857180326765033,0.5990317917889532
juniperus_seg_by_size_20260828_175314,test,btm_forest_soup,@50,IoU,481,38,209,92.67822736030828,69.71014492753623,79.56989247311827,0.6827014610382742,0.5006091677967173
juniperus_seg_by_size_20260828_175314,test,btm_forest_soup,@50,S-IoU,479,40,167,92.29287090558766,74.14860681114551,82.23175965665237,0.6827014610382742,0.5006091677967173
juniperus_seg_by_size_20260828_175314,test,btm_forest_soup,@75,IoU,437,82,253,84.20038535645472,63.33333333333333,72.29114971050454,0.6827014610382742,0.5006091677967173
juniperus_seg_by_size_20260828_175314,test,btm_forest_soup,@75,S-IoU,458,61,171,88.2466281310212,72.81399046104929,79.79094076655052,0.6827014610382742,0.5006091677967173
juniperus_seg_by_size_20260828_175314,test,random_ensemble,@50,IoU,645,390,45,62.31884057971014,93.47826086956522,74.78260869565217,0.8796843081157352,0.5866463920096903
juniperus_seg_by_size_20260828_175314,test,random_ensemble,@50,S-IoU,692,343,14,66.85990338164251,98.01699716713881,79.49454336588168,0.8796843081157352,0.5866463920096903
juniperus_seg_by_size_20260828_175314,test,random_ensemble,@75,IoU,514,521,176,49.66183574879227,74.4927536231884,59.59420289855073,0.8796843081157352,0.5866463920096903
juniperus_seg_by_size_20260828_175314,test,random_ensemble,@75,S-IoU,610,425,26,58.93719806763285,95.9119496855346,73.01017354877318,0.8796843081157352,0.5866463920096903
juniperus_seg_by_size_20260828_175314,field_work,dense_baseline,@50,IoU,1155,388,616,74.85418016850292,65.21739130434783,69.70428485214242,0.6050564135027984,0.3077482491934694
juniperus_seg_by_size_20260828_175314,field_work,dense_baseline,@50,S-IoU,1216,327,426,78.80751782242385,74.05602923264311,76.35792778649922,0.6050564135027984,0.3077482491934694
juniperus_seg_by_size_20260828_175314,field_work,dense_baseline,@75,IoU,659,884,1112,42.709008425145825,37.210615471485035,39.77066988533495,0.6050564135027984,0.3077482491934694
juniperus_seg_by_size_20260828_175314,field_work,dense_baseline,@75,S-IoU,1000,543,509,64.80881399870383,66.26905235255136,65.53079947575361,0.6050564135027984,0.3077482491934694
juniperus_seg_by_size_20260828_175314,field_work,expert_E_small_solo,@50,IoU,1130,302,641,78.91061452513966,63.80575945793338,70.55885107711521,0.5996000808541023,0.30816763016328386
juniperus_seg_by_size_20260828_175314,field_work,expert_E_small_solo,@50,S-IoU,1221,211,431,85.26536312849163,73.91041162227603,79.1828793774319,0.5996000808541023,0.30816763016328386
juniperus_seg_by_size_20260828_175314,field_work,expert_E_small_solo,@75,IoU,639,793,1132,44.622905027932966,36.081309994353475,39.90009366219169,0.5996000808541023,0.30816763016328386
juniperus_seg_by_size_20260828_175314,field_work,expert_E_small_solo,@75,S-IoU,995,437,533,69.48324022346368,65.11780104712042,67.22972972972973,0.5996000808541023,0.30816763016328386
juniperus_seg_by_size_20260828_175314,field_work,expert_E_medium_solo,@50,IoU,1158,324,613,78.13765182186235,65.38678712591755,71.19581924377498,0.6113140347136808,0.3169800373240711
juniperus_seg_by_size_20260828_175314,field_work,expert_E_medium_solo,@50,S-IoU,1227,255,422,82.79352226720647,74.40873256519103,78.37751517087193,0.6113140347136808,0.3169800373240711
juniperus_seg_by_size_20260828_175314,field_work,expert_E_medium_solo,@75,IoU,660,822,1111,44.534412955465584,37.267080745341616,40.57792806640024,0.6113140347136808,0.3169800373240711
juniperus_seg_by_size_20260828_175314,field_work,expert_E_medium_solo,@75,S-IoU,1010,472,522,68.15114709851552,65.92689295039165,67.0205706702057,0.6113140347136808,0.3169800373240711
juniperus_seg_by_size_20260828_175314,field_work,expert_E_large_solo,@50,IoU,1185,327,586,78.37301587301587,66.91134952004518,72.1900700578739,0.6254326233877402,0.32279624793789824
juniperus_seg_by_size_20260828_175314,field_work,expert_E_large_solo,@50,S-IoU,1263,249,387,83.53174603174604,76.54545454545455,79.88614800759012,0.6254326233877402,0.32279624793789824
juniperus_seg_by_size_20260828_175314,field_work,expert_E_large_solo,@75,IoU,665,847,1106,43.98148148148148,37.54940711462451,40.511727078891255,0.6254326233877402,0.32279624793789824
juniperus_seg_by_size_20260828_175314,field_work,expert_E_large_solo,@75,S-IoU,1048,464,483,69.31216931216932,68.45199216198563,68.87939533355242,0.6254326233877402,0.32279624793789824
juniperus_seg_by_size_20260828_175314,field_work,btm_forest_ensemble_uniform,@50,IoU,1273,587,498,68.44086021505376,71.88029361942405,70.11842467639768,0.6578469253097299,0.33769994957393734
juniperus_seg_by_size_20260828_175314,field_work,btm_forest_ensemble_uniform,@50,S-IoU,1460,400,304,78.49462365591397,82.76643990929705,80.5739514348786,0.6578469253097299,0.33769994957393734
juniperus_seg_by_size_20260828_175314,field_work,btm_forest_ensemble_uniform,@75,IoU,708,1152,1063,38.064516129032256,39.97741389045737,38.99752134398237,0.6578469253097299,0.33769994957393734
juniperus_seg_by_size_20260828_175314,field_work,btm_forest_ensemble_uniform,@75,S-IoU,1147,713,407,61.66666666666667,73.80952380952381,67.19390743995314,0.6578469253097299,0.33769994957393734
juniperus_seg_by_size_20260828_175314,field_work,btm_forest_ensemble_weighted,@50,IoU,1272,588,499,68.38709677419355,71.82382834556748,70.06334343156155,0.6569920473912046,0.33751461142883477
juniperus_seg_by_size_20260828_175314,field_work,btm_forest_ensemble_weighted,@50,S-IoU,1463,397,305,78.65591397849462,82.74886877828054,80.65049614112458,0.6569920473912046,0.33751461142883477
juniperus_seg_by_size_20260828_175314,field_work,btm_forest_ensemble_weighted,@75,IoU,705,1155,1066,37.903225806451616,39.808018068887634,38.83227760947398,0.6569920473912046,0.33751461142883477
juniperus_seg_by_size_20260828_175314,field_work,btm_forest_ensemble_weighted,@75,S-IoU,1150,710,406,61.82795698924731,73.90745501285348,67.33021077283374,0.6569920473912046,0.33751461142883477
juniperus_seg_by_size_20260828_175314,field_work,btm_forest_soup,@50,IoU,713,74,1058,90.5972045743329,40.25974025974026,55.746677091477714,0.3855159343965654,0.22861265786364263
juniperus_seg_by_size_20260828_175314,field_work,btm_forest_soup,@50,S-IoU,705,82,927,89.58068614993647,43.19852941176471,58.2885489871848,0.3855159343965654,0.22861265786364263
juniperus_seg_by_size_20260828_175314,field_work,btm_forest_soup,@75,IoU,524,263,1247,66.58195679796697,29.587803500846977,40.96950742767787,0.3855159343965654,0.22861265786364263
juniperus_seg_by_size_20260828_175314,field_work,btm_forest_soup,@75,S-IoU,632,155,957,80.30495552731894,39.77344241661422,53.198653198653204,0.3855159343965654,0.22861265786364263
juniperus_seg_by_size_20260828_175314,field_work,random_ensemble,@50,IoU,1327,887,444,59.93676603432701,74.92941840767928,66.59974905897114,0.6735887759615997,0.34368803455386704
juniperus_seg_by_size_20260828_175314,field_work,random_ensemble,@50,S-IoU,1607,607,205,72.58355916892502,88.68653421633555,79.83109786388476,0.6735887759615997,0.34368803455386704
juniperus_seg_by_size_20260828_175314,field_work,random_ensemble,@75,IoU,723,1491,1048,32.65582655826558,40.82439299830604,36.28607277289837,0.6735887759615997,0.34368803455386704
juniperus_seg_by_size_20260828_175314,field_work,random_ensemble,@75,S-IoU,1258,956,284,56.82023486901535,81.58236057068741,66.98615548455803,0.6735887759615997,0.34368803455386704
juniperus_seg_by_size_20260828_180050,test,dense_baseline,@50,IoU,607,186,83,76.54476670870113,87.97101449275362,81.86109238031018,0.8475021767897865,0.5671423695138776
juniperus_seg_by_size_20260828_180050,test,dense_baseline,@50,S-IoU,612,181,41,77.17528373266079,93.72128637059724,84.64730290456431,0.8475021767897865,0.5671423695138776
juniperus_seg_by_size_20260828_180050,test,dense_baseline,@75,IoU,494,299,196,62.295081967213115,71.59420289855073,66.62171274443696,0.8475021767897865,0.5671423695138776
juniperus_seg_by_size_20260828_180050,test,dense_baseline,@75,S-IoU,562,231,52,70.87011349306431,91.53094462540716,79.8862828713575,0.8475021767897865,0.5671423695138776
juniperus_seg_by_size_20260828_180050,test,expert_E_small_solo,@50,IoU,604,151,86,80.0,87.53623188405797,83.59861591695503,0.846214859074274,0.5687094638123678
juniperus_seg_by_size_20260828_180050,test,expert_E_small_solo,@50,S-IoU,612,143,41,81.05960264900662,93.72128637059724,86.93181818181819,0.846214859074274,0.5687094638123678
juniperus_seg_by_size_20260828_180050,test,expert_E_small_solo,@75,IoU,483,272,207,63.97350993377483,70.0,66.85121107266436,0.846214859074274,0.5687094638123678
juniperus_seg_by_size_20260828_180050,test,expert_E_small_solo,@75,S-IoU,560,195,55,74.17218543046357,91.05691056910568,81.75182481751825,0.846214859074274,0.5687094638123678
juniperus_seg_by_size_20260828_180050,test,expert_E_medium_solo,@50,IoU,621,160,69,79.5134443021767,90.0,84.43235893949694,0.8742473852529227,0.5921919084736166
juniperus_seg_by_size_20260828_180050,test,expert_E_medium_solo,@50,S-IoU,622,159,32,79.64148527528809,95.10703363914374,86.68989547038328,0.8742473852529227,0.5921919084736166
juniperus_seg_by_size_20260828_180050,test,expert_E_medium_solo,@75,IoU,504,277,186,64.5326504481434,73.04347826086956,68.52481305234535,0.8742473852529227,0.5921919084736166
juniperus_seg_by_size_20260828_180050,test,expert_E_medium_solo,@75,S-IoU,567,214,52,72.59923175416134,91.59935379644588,81.0,0.8742473852529227,0.5921919084736166
juniperus_seg_by_size_20260828_180050,test,expert_E_large_solo,@50,IoU,615,144,75,81.02766798418972,89.13043478260869,84.88612836438924,0.8691984384706766,0.5857557488573658
juniperus_seg_by_size_20260828_180050,test,expert_E_large_solo,@50,S-IoU,617,142,33,81.29117259552042,94.92307692307692,87.57984386089426,0.8691984384706766,0.5857557488573658
juniperus_seg_by_size_20260828_180050,test,expert_E_large_solo,@75,IoU,491,268,199,64.69038208168642,71.15942028985506,67.77087646652863,0.8691984384706766,0.5857557488573658
juniperus_seg_by_size_20260828_180050,test,expert_E_large_solo,@75,S-IoU,565,194,55,74.44005270092227,91.12903225806451,81.94343727338651,0.8691984384706766,0.5857557488573658
juniperus_seg_by_size_20260828_180050,test,btm_forest_ensemble_uniform,@50,IoU,637,277,53,69.69365426695843,92.31884057971016,79.42643391521197,0.8850947611156561,0.597476673919835
juniperus_seg_by_size_20260828_180050,test,btm_forest_ensemble_uniform,@50,S-IoU,671,243,22,73.41356673960613,96.82539682539682,83.5096453018046,0.8850947611156561,0.597476673919835
juniperus_seg_by_size_20260828_180050,test,btm_forest_ensemble_uniform,@75,IoU,509,405,181,55.68927789934355,73.76811594202898,63.46633416458853,0.8850947611156561,0.597476673919835
juniperus_seg_by_size_20260828_180050,test,btm_forest_ensemble_uniform,@75,S-IoU,594,320,35,64.98905908096279,94.4356120826709,76.99287103046014,0.8850947611156561,0.597476673919835
juniperus_seg_by_size_20260828_180050,test,btm_forest_ensemble_weighted,@50,IoU,637,278,53,69.61748633879782,92.31884057971016,79.37694704049846,0.8857180326765033,0.5990317917889532
juniperus_seg_by_size_20260828_180050,test,btm_forest_ensemble_weighted,@50,S-IoU,673,242,22,73.55191256830601,96.83453237410072,83.60248447204968,0.8857180326765033,0.5990317917889532
juniperus_seg_by_size_20260828_180050,test,btm_forest_ensemble_weighted,@75,IoU,510,405,180,55.73770491803278,73.91304347826086,63.55140186915887,0.8857180326765033,0.5990317917889532
juniperus_seg_by_size_20260828_180050,test,btm_forest_ensemble_weighted,@75,S-IoU,593,322,36,64.80874316939891,94.27662957074722,76.81347150259067,0.8857180326765033,0.5990317917889532
juniperus_seg_by_size_20260828_180050,test,btm_forest_soup,@50,IoU,616,145,74,80.946123521682,89.27536231884058,84.90696071674708,0.8721107394198395,0.6203277954839678
juniperus_seg_by_size_20260828_180050,test,btm_forest_soup,@50,S-IoU,622,139,32,81.73455978975032,95.10703363914374,87.91519434628977,0.8721107394198395,0.6203277954839678
juniperus_seg_by_size_20260828_180050,test,btm_forest_soup,@75,IoU,535,226,155,70.30223390275953,77.53623188405797,73.74224672639559,0.8721107394198395,0.6203277954839678
juniperus_seg_by_size_20260828_180050,test,btm_forest_soup,@75,S-IoU,579,182,46,76.08409986859395,92.64,83.54978354978357,0.8721107394198395,0.6203277954839678
juniperus_seg_by_size_20260828_180050,test,random_ensemble,@50,IoU,645,390,45,62.31884057971014,93.47826086956522,74.78260869565217,0.8796843081157352,0.5866463920096903
juniperus_seg_by_size_20260828_180050,test,random_ensemble,@50,S-IoU,692,343,14,66.85990338164251,98.01699716713881,79.49454336588168,0.8796843081157352,0.5866463920096903
juniperus_seg_by_size_20260828_180050,test,random_ensemble,@75,IoU,514,521,176,49.66183574879227,74.4927536231884,59.59420289855073,0.8796843081157352,0.5866463920096903
juniperus_seg_by_size_20260828_180050,test,random_ensemble,@75,S-IoU,610,425,26,58.93719806763285,95.9119496855346,73.01017354877318,0.8796843081157352,0.5866463920096903
juniperus_seg_by_size_20260828_180050,field_work,dense_baseline,@50,IoU,1155,388,616,74.85418016850292,65.21739130434783,69.70428485214242,0.6050564135027984,0.3077482491934694
juniperus_seg_by_size_20260828_180050,field_work,dense_baseline,@50,S-IoU,1216,327,426,78.80751782242385,74.05602923264311,76.35792778649922,0.6050564135027984,0.3077482491934694
juniperus_seg_by_size_20260828_180050,field_work,dense_baseline,@75,IoU,659,884,1112,42.709008425145825,37.210615471485035,39.77066988533495,0.6050564135027984,0.3077482491934694
juniperus_seg_by_size_20260828_180050,field_work,dense_baseline,@75,S-IoU,1000,543,509,64.80881399870383,66.26905235255136,65.53079947575361,0.6050564135027984,0.3077482491934694
juniperus_seg_by_size_20260828_180050,field_work,expert_E_small_solo,@50,IoU,1130,302,641,78.91061452513966,63.80575945793338,70.55885107711521,0.5996000808541023,0.30816763016328386
juniperus_seg_by_size_20260828_180050,field_work,expert_E_small_solo,@50,S-IoU,1221,211,431,85.26536312849163,73.91041162227603,79.1828793774319,0.5996000808541023,0.30816763016328386
juniperus_seg_by_size_20260828_180050,field_work,expert_E_small_solo,@75,IoU,639,793,1132,44.622905027932966,36.081309994353475,39.90009366219169,0.5996000808541023,0.30816763016328386
juniperus_seg_by_size_20260828_180050,field_work,expert_E_small_solo,@75,S-IoU,995,437,533,69.48324022346368,65.11780104712042,67.22972972972973,0.5996000808541023,0.30816763016328386
juniperus_seg_by_size_20260828_180050,field_work,expert_E_medium_solo,@50,IoU,1158,324,613,78.13765182186235,65.38678712591755,71.19581924377498,0.6113140347136808,0.3169800373240711
juniperus_seg_by_size_20260828_180050,field_work,expert_E_medium_solo,@50,S-IoU,1227,255,422,82.79352226720647,74.40873256519103,78.37751517087193,0.6113140347136808,0.3169800373240711
juniperus_seg_by_size_20260828_180050,field_work,expert_E_medium_solo,@75,IoU,660,822,1111,44.534412955465584,37.267080745341616,40.57792806640024,0.6113140347136808,0.3169800373240711
juniperus_seg_by_size_20260828_180050,field_work,expert_E_medium_solo,@75,S-IoU,1010,472,522,68.15114709851552,65.92689295039165,67.0205706702057,0.6113140347136808,0.3169800373240711
juniperus_seg_by_size_20260828_180050,field_work,expert_E_large_solo,@50,IoU,1185,327,586,78.37301587301587,66.91134952004518,72.1900700578739,0.6254326233877402,0.32279624793789824
juniperus_seg_by_size_20260828_180050,field_work,expert_E_large_solo,@50,S-IoU,1263,249,387,83.53174603174604,76.54545454545455,79.88614800759012,0.6254326233877402,0.32279624793789824
juniperus_seg_by_size_20260828_180050,field_work,expert_E_large_solo,@75,IoU,665,847,1106,43.98148148148148,37.54940711462451,40.511727078891255,0.6254326233877402,0.32279624793789824
juniperus_seg_by_size_20260828_180050,field_work,expert_E_large_solo,@75,S-IoU,1048,464,483,69.31216931216932,68.45199216198563,68.87939533355242,0.6254326233877402,0.32279624793789824
juniperus_seg_by_size_20260828_180050,field_work,btm_forest_ensemble_uniform,@50,IoU,1273,587,498,68.44086021505376,71.88029361942405,70.11842467639768,0.6578469253097299,0.33769994957393734
juniperus_seg_by_size_20260828_180050,field_work,btm_forest_ensemble_uniform,@50,S-IoU,1460,400,304,78.49462365591397,82.76643990929705,80.5739514348786,0.6578469253097299,0.33769994957393734
juniperus_seg_by_size_20260828_180050,field_work,btm_forest_ensemble_uniform,@75,IoU,708,1152,1063,38.064516129032256,39.97741389045737,38.99752134398237,0.6578469253097299,0.33769994957393734
juniperus_seg_by_size_20260828_180050,field_work,btm_forest_ensemble_uniform,@75,S-IoU,1147,713,407,61.66666666666667,73.80952380952381,67.19390743995314,0.6578469253097299,0.33769994957393734
juniperus_seg_by_size_20260828_180050,field_work,btm_forest_ensemble_weighted,@50,IoU,1272,588,499,68.38709677419355,71.82382834556748,70.06334343156155,0.6569920473912046,0.33751461142883477
juniperus_seg_by_size_20260828_180050,field_work,btm_forest_ensemble_weighted,@50,S-IoU,1463,397,305,78.65591397849462,82.74886877828054,80.65049614112458,0.6569920473912046,0.33751461142883477
juniperus_seg_by_size_20260828_180050,field_work,btm_forest_ensemble_weighted,@75,IoU,705,1155,1066,37.903225806451616,39.808018068887634,38.83227760947398,0.6569920473912046,0.33751461142883477
juniperus_seg_by_size_20260828_180050,field_work,btm_forest_ensemble_weighted,@75,S-IoU,1150,710,406,61.82795698924731,73.90745501285348,67.33021077283374,0.6569920473912046,0.33751461142883477
juniperus_seg_by_size_20260828_180050,field_work,btm_forest_soup,@50,IoU,1202,282,569,80.99730458221023,67.87125917560701,73.85560675883256,0.6455176657139015,0.3623013250195134
juniperus_seg_by_size_20260828_180050,field_work,btm_forest_soup,@50,S-IoU,1237,247,403,83.35579514824798,75.42682926829268,79.19334186939821,0.6455176657139015,0.3623013250195134
juniperus_seg_by_size_20260828_180050,field_work,btm_forest_soup,@75,IoU,802,682,969,54.04312668463612,45.28514963297572,49.27803379416282,0.6455176657139015,0.3623013250195134
juniperus_seg_by_size_20260828_180050,field_work,btm_forest_soup,@75,S-IoU,1070,414,464,72.10242587601078,69.75228161668839,70.90788601722994,0.6455176657139015,0.3623013250195134
juniperus_seg_by_size_20260828_180050,field_work,random_ensemble,@50,IoU,1327,887,444,59.93676603432701,74.92941840767928,66.59974905897114,0.6735887759615997,0.34368803455386704
juniperus_seg_by_size_20260828_180050,field_work,random_ensemble,@50,S-IoU,1607,607,205,72.58355916892502,88.68653421633555,79.83109786388476,0.6735887759615997,0.34368803455386704
juniperus_seg_by_size_20260828_180050,field_work,random_ensemble,@75,IoU,723,1491,1048,32.65582655826558,40.82439299830604,36.28607277289837,0.6735887759615997,0.34368803455386704
juniperus_seg_by_size_20260828_180050,field_work,random_ensemble,@75,S-IoU,1258,956,284,56.82023486901535,81.58236057068741,66.98615548455803,0.6735887759615997,0.34368803455386704
juniperus_seg_by_size_20260828_223540,test,dense_baseline,@50,IoU,607,186,83,76.54476670870113,87.97101449275362,81.86109238031018,0.8475021767897865,0.5671423695138776
juniperus_seg_by_size_20260828_223540,test,dense_baseline,@50,S-IoU,612,181,41,77.17528373266079,93.72128637059724,84.64730290456431,0.8475021767897865,0.5671423695138776
juniperus_seg_by_size_20260828_223540,test,dense_baseline,@75,IoU,494,299,196,62.295081967213115,71.59420289855073,66.62171274443696,0.8475021767897865,0.5671423695138776
juniperus_seg_by_size_20260828_223540,test,dense_baseline,@75,S-IoU,562,231,52,70.87011349306431,91.53094462540716,79.8862828713575,0.8475021767897865,0.5671423695138776
juniperus_seg_by_size_20260828_223540,test,expert_E_small_solo,@50,IoU,604,151,86,80.0,87.53623188405797,83.59861591695503,0.846214859074274,0.5687094638123678
juniperus_seg_by_size_20260828_223540,test,expert_E_small_solo,@50,S-IoU,612,143,41,81.05960264900662,93.72128637059724,86.93181818181819,0.846214859074274,0.5687094638123678
juniperus_seg_by_size_20260828_223540,test,expert_E_small_solo,@75,IoU,483,272,207,63.97350993377483,70.0,66.85121107266436,0.846214859074274,0.5687094638123678
juniperus_seg_by_size_20260828_223540,test,expert_E_small_solo,@75,S-IoU,560,195,55,74.17218543046357,91.05691056910568,81.75182481751825,0.846214859074274,0.5687094638123678
juniperus_seg_by_size_20260828_223540,test,expert_E_medium_solo,@50,IoU,621,160,69,79.5134443021767,90.0,84.43235893949694,0.8742473852529227,0.5921919084736166
juniperus_seg_by_size_20260828_223540,test,expert_E_medium_solo,@50,S-IoU,622,159,32,79.64148527528809,95.10703363914374,86.68989547038328,0.8742473852529227,0.5921919084736166
juniperus_seg_by_size_20260828_223540,test,expert_E_medium_solo,@75,IoU,504,277,186,64.5326504481434,73.04347826086956,68.52481305234535,0.8742473852529227,0.5921919084736166
juniperus_seg_by_size_20260828_223540,test,expert_E_medium_solo,@75,S-IoU,567,214,52,72.59923175416134,91.59935379644588,81.0,0.8742473852529227,0.5921919084736166
juniperus_seg_by_size_20260828_223540,test,expert_E_large_solo,@50,IoU,615,144,75,81.02766798418972,89.13043478260869,84.88612836438924,0.8691984384706766,0.5857557488573658
juniperus_seg_by_size_20260828_223540,test,expert_E_large_solo,@50,S-IoU,617,142,33,81.29117259552042,94.92307692307692,87.57984386089426,0.8691984384706766,0.5857557488573658
juniperus_seg_by_size_20260828_223540,test,expert_E_large_solo,@75,IoU,491,268,199,64.69038208168642,71.15942028985506,67.77087646652863,0.8691984384706766,0.5857557488573658
juniperus_seg_by_size_20260828_223540,test,expert_E_large_solo,@75,S-IoU,565,194,55,74.44005270092227,91.12903225806451,81.94343727338651,0.8691984384706766,0.5857557488573658
juniperus_seg_by_size_20260828_223540,test,btm_forest_ensemble_uniform,@50,IoU,637,277,53,69.69365426695843,92.31884057971016,79.42643391521197,0.8850947611156561,0.597476673919835
juniperus_seg_by_size_20260828_223540,test,btm_forest_ensemble_uniform,@50,S-IoU,671,243,22,73.41356673960613,96.82539682539682,83.5096453018046,0.8850947611156561,0.597476673919835
juniperus_seg_by_size_20260828_223540,test,btm_forest_ensemble_uniform,@75,IoU,509,405,181,55.68927789934355,73.76811594202898,63.46633416458853,0.8850947611156561,0.597476673919835
juniperus_seg_by_size_20260828_223540,test,btm_forest_ensemble_uniform,@75,S-IoU,594,320,35,64.98905908096279,94.4356120826709,76.99287103046014,0.8850947611156561,0.597476673919835
juniperus_seg_by_size_20260828_223540,test,btm_forest_ensemble_weighted,@50,IoU,637,278,53,69.61748633879782,92.31884057971016,79.37694704049846,0.8857180326765033,0.5990317917889532
juniperus_seg_by_size_20260828_223540,test,btm_forest_ensemble_weighted,@50,S-IoU,673,242,22,73.55191256830601,96.83453237410072,83.60248447204968,0.8857180326765033,0.5990317917889532
juniperus_seg_by_size_20260828_223540,test,btm_forest_ensemble_weighted,@75,IoU,510,405,180,55.73770491803278,73.91304347826086,63.55140186915887,0.8857180326765033,0.5990317917889532
juniperus_seg_by_size_20260828_223540,test,btm_forest_ensemble_weighted,@75,S-IoU,593,322,36,64.80874316939891,94.27662957074722,76.81347150259067,0.8857180326765033,0.5990317917889532
juniperus_seg_by_size_20260828_223540,test,btm_forest_soup,@50,IoU,481,38,209,92.67822736030828,69.71014492753623,79.56989247311827,0.6827014610382742,0.5006091677967173
juniperus_seg_by_size_20260828_223540,test,btm_forest_soup,@50,S-IoU,479,40,167,92.29287090558766,74.14860681114551,82.23175965665237,0.6827014610382742,0.5006091677967173
juniperus_seg_by_size_20260828_223540,test,btm_forest_soup,@75,IoU,437,82,253,84.20038535645472,63.33333333333333,72.29114971050454,0.6827014610382742,0.5006091677967173
juniperus_seg_by_size_20260828_223540,test,btm_forest_soup,@75,S-IoU,458,61,171,88.2466281310212,72.81399046104929,79.79094076655052,0.6827014610382742,0.5006091677967173
juniperus_seg_by_size_20260828_223540,test,random_ensemble,@50,IoU,645,390,45,62.31884057971014,93.47826086956522,74.78260869565217,0.8796843081157352,0.5866463920096903
juniperus_seg_by_size_20260828_223540,test,random_ensemble,@50,S-IoU,692,343,14,66.85990338164251,98.01699716713881,79.49454336588168,0.8796843081157352,0.5866463920096903
juniperus_seg_by_size_20260828_223540,test,random_ensemble,@75,IoU,514,521,176,49.66183574879227,74.4927536231884,59.59420289855073,0.8796843081157352,0.5866463920096903
juniperus_seg_by_size_20260828_223540,test,random_ensemble,@75,S-IoU,610,425,26,58.93719806763285,95.9119496855346,73.01017354877318,0.8796843081157352,0.5866463920096903
juniperus_seg_by_size_20260828_223540,field_work,dense_baseline,@50,IoU,1155,388,616,74.85418016850292,65.21739130434783,69.70428485214242,0.6050564135027984,0.3077482491934694
juniperus_seg_by_size_20260828_223540,field_work,dense_baseline,@50,S-IoU,1216,327,426,78.80751782242385,74.05602923264311,76.35792778649922,0.6050564135027984,0.3077482491934694
juniperus_seg_by_size_20260828_223540,field_work,dense_baseline,@75,IoU,659,884,1112,42.709008425145825,37.210615471485035,39.77066988533495,0.6050564135027984,0.3077482491934694
juniperus_seg_by_size_20260828_223540,field_work,dense_baseline,@75,S-IoU,1000,543,509,64.80881399870383,66.26905235255136,65.53079947575361,0.6050564135027984,0.3077482491934694
juniperus_seg_by_size_20260828_223540,field_work,expert_E_small_solo,@50,IoU,1130,302,641,78.91061452513966,63.80575945793338,70.55885107711521,0.5996000808541023,0.30816763016328386
juniperus_seg_by_size_20260828_223540,field_work,expert_E_small_solo,@50,S-IoU,1221,211,431,85.26536312849163,73.91041162227603,79.1828793774319,0.5996000808541023,0.30816763016328386
juniperus_seg_by_size_20260828_223540,field_work,expert_E_small_solo,@75,IoU,639,793,1132,44.622905027932966,36.081309994353475,39.90009366219169,0.5996000808541023,0.30816763016328386
juniperus_seg_by_size_20260828_223540,field_work,expert_E_small_solo,@75,S-IoU,995,437,533,69.48324022346368,65.11780104712042,67.22972972972973,0.5996000808541023,0.30816763016328386
juniperus_seg_by_size_20260828_223540,field_work,expert_E_medium_solo,@50,IoU,1158,324,613,78.13765182186235,65.38678712591755,71.19581924377498,0.6113140347136808,0.3169800373240711
juniperus_seg_by_size_20260828_223540,field_work,expert_E_medium_solo,@50,S-IoU,1227,255,422,82.79352226720647,74.40873256519103,78.37751517087193,0.6113140347136808,0.3169800373240711
juniperus_seg_by_size_20260828_223540,field_work,expert_E_medium_solo,@75,IoU,660,822,1111,44.534412955465584,37.267080745341616,40.57792806640024,0.6113140347136808,0.3169800373240711
juniperus_seg_by_size_20260828_223540,field_work,expert_E_medium_solo,@75,S-IoU,1010,472,522,68.15114709851552,65.92689295039165,67.0205706702057,0.6113140347136808,0.3169800373240711
juniperus_seg_by_size_20260828_223540,field_work,expert_E_large_solo,@50,IoU,1185,327,586,78.37301587301587,66.91134952004518,72.1900700578739,0.6254326233877402,0.32279624793789824
juniperus_seg_by_size_20260828_223540,field_work,expert_E_large_solo,@50,S-IoU,1263,249,387,83.53174603174604,76.54545454545455,79.88614800759012,0.6254326233877402,0.32279624793789824
juniperus_seg_by_size_20260828_223540,field_work,expert_E_large_solo,@75,IoU,665,847,1106,43.98148148148148,37.54940711462451,40.511727078891255,0.6254326233877402,0.32279624793789824
juniperus_seg_by_size_20260828_223540,field_work,expert_E_large_solo,@75,S-IoU,1048,464,483,69.31216931216932,68.45199216198563,68.87939533355242,0.6254326233877402,0.32279624793789824
juniperus_seg_by_size_20260828_223540,field_work,btm_forest_ensemble_uniform,@50,IoU,1273,587,498,68.44086021505376,71.88029361942405,70.11842467639768,0.6578469253097299,0.33769994957393734
juniperus_seg_by_size_20260828_223540,field_work,btm_forest_ensemble_uniform,@50,S-IoU,1460,400,304,78.49462365591397,82.76643990929705,80.5739514348786,0.6578469253097299,0.33769994957393734
juniperus_seg_by_size_20260828_223540,field_work,btm_forest_ensemble_uniform,@75,IoU,708,1152,1063,38.064516129032256,39.97741389045737,38.99752134398237,0.6578469253097299,0.33769994957393734
juniperus_seg_by_size_20260828_223540,field_work,btm_forest_ensemble_uniform,@75,S-IoU,1147,713,407,61.66666666666667,73.80952380952381,67.19390743995314,0.6578469253097299,0.33769994957393734
juniperus_seg_by_size_20260828_223540,field_work,btm_forest_ensemble_weighted,@50,IoU,1272,588,499,68.38709677419355,71.82382834556748,70.06334343156155,0.6569920473912046,0.33751461142883477
juniperus_seg_by_size_20260828_223540,field_work,btm_forest_ensemble_weighted,@50,S-IoU,1463,397,305,78.65591397849462,82.74886877828054,80.65049614112458,0.6569920473912046,0.33751461142883477
juniperus_seg_by_size_20260828_223540,field_work,btm_forest_ensemble_weighted,@75,IoU,705,1155,1066,37.903225806451616,39.808018068887634,38.83227760947398,0.6569920473912046,0.33751461142883477
juniperus_seg_by_size_20260828_223540,field_work,btm_forest_ensemble_weighted,@75,S-IoU,1150,710,406,61.82795698924731,73.90745501285348,67.33021077283374,0.6569920473912046,0.33751461142883477
juniperus_seg_by_size_20260828_223540,field_work,btm_forest_soup,@50,IoU,713,74,1058,90.5972045743329,40.25974025974026,55.746677091477714,0.3855159343965654,0.22861265786364263
juniperus_seg_by_size_20260828_223540,field_work,btm_forest_soup,@50,S-IoU,705,82,927,89.58068614993647,43.19852941176471,58.2885489871848,0.3855159343965654,0.22861265786364263
juniperus_seg_by_size_20260828_223540,field_work,btm_forest_soup,@75,IoU,524,263,1247,66.58195679796697,29.587803500846977,40.96950742767787,0.3855159343965654,0.22861265786364263
juniperus_seg_by_size_20260828_223540,field_work,btm_forest_soup,@75,S-IoU,632,155,957,80.30495552731894,39.77344241661422,53.198653198653204,0.3855159343965654,0.22861265786364263
juniperus_seg_by_size_20260828_223540,field_work,random_ensemble,@50,IoU,1327,887,444,59.93676603432701,74.92941840767928,66.59974905897114,0.6735887759615997,0.34368803455386704
juniperus_seg_by_size_20260828_223540,field_work,random_ensemble,@50,S-IoU,1607,607,205,72.58355916892502,88.68653421633555,79.83109786388476,0.6735887759615997,0.34368803455386704
juniperus_seg_by_size_20260828_223540,field_work,random_ensemble,@75,IoU,723,1491,1048,32.65582655826558,40.82439299830604,36.28607277289837,0.6735887759615997,0.34368803455386704
juniperus_seg_by_size_20260828_223540,field_work,random_ensemble,@75,S-IoU,1258,956,284,56.82023486901535,81.58236057068741,66.98615548455803,0.6735887759615997,0.34368803455386704
juniperus_seg_by_size_20260829_002259,test,dense_baseline,@50,IoU,607,186,83,76.54476670870113,87.97101449275362,81.86109238031018,0.8475021767897865,0.5671423695138776
juniperus_seg_by_size_20260829_002259,test,dense_baseline,@50,S-IoU,612,181,41,77.17528373266079,93.72128637059724,84.64730290456431,0.8475021767897865,0.5671423695138776
juniperus_seg_by_size_20260829_002259,test,dense_baseline,@75,IoU,494,299,196,62.295081967213115,71.59420289855073,66.62171274443696,0.8475021767897865,0.5671423695138776
juniperus_seg_by_size_20260829_002259,test,dense_baseline,@75,S-IoU,562,231,52,70.87011349306431,91.53094462540716,79.8862828713575,0.8475021767897865,0.5671423695138776
juniperus_seg_by_size_20260829_002259,test,expert_E_small_solo,@50,IoU,604,151,86,80.0,87.53623188405797,83.59861591695503,0.846214859074274,0.5687094638123678
juniperus_seg_by_size_20260829_002259,test,expert_E_small_solo,@50,S-IoU,612,143,41,81.05960264900662,93.72128637059724,86.93181818181819,0.846214859074274,0.5687094638123678
juniperus_seg_by_size_20260829_002259,test,expert_E_small_solo,@75,IoU,483,272,207,63.97350993377483,70.0,66.85121107266436,0.846214859074274,0.5687094638123678
juniperus_seg_by_size_20260829_002259,test,expert_E_small_solo,@75,S-IoU,560,195,55,74.17218543046357,91.05691056910568,81.75182481751825,0.846214859074274,0.5687094638123678
juniperus_seg_by_size_20260829_002259,test,expert_E_medium_solo,@50,IoU,621,160,69,79.5134443021767,90.0,84.43235893949694,0.8742473852529227,0.5921919084736166
juniperus_seg_by_size_20260829_002259,test,expert_E_medium_solo,@50,S-IoU,622,159,32,79.64148527528809,95.10703363914374,86.68989547038328,0.8742473852529227,0.5921919084736166
juniperus_seg_by_size_20260829_002259,test,expert_E_medium_solo,@75,IoU,504,277,186,64.5326504481434,73.04347826086956,68.52481305234535,0.8742473852529227,0.5921919084736166
juniperus_seg_by_size_20260829_002259,test,expert_E_medium_solo,@75,S-IoU,567,214,52,72.59923175416134,91.59935379644588,81.0,0.8742473852529227,0.5921919084736166
juniperus_seg_by_size_20260829_002259,test,expert_E_large_solo,@50,IoU,615,144,75,81.02766798418972,89.13043478260869,84.88612836438924,0.8691984384706766,0.5857557488573658
juniperus_seg_by_size_20260829_002259,test,expert_E_large_solo,@50,S-IoU,617,142,33,81.29117259552042,94.92307692307692,87.57984386089426,0.8691984384706766,0.5857557488573658
juniperus_seg_by_size_20260829_002259,test,expert_E_large_solo,@75,IoU,491,268,199,64.69038208168642,71.15942028985506,67.77087646652863,0.8691984384706766,0.5857557488573658
juniperus_seg_by_size_20260829_002259,test,expert_E_large_solo,@75,S-IoU,565,194,55,74.44005270092227,91.12903225806451,81.94343727338651,0.8691984384706766,0.5857557488573658
juniperus_seg_by_size_20260829_002259,test,btm_forest_ensemble_uniform,@50,IoU,637,277,53,69.69365426695843,92.31884057971016,79.42643391521197,0.8850947611156561,0.597476673919835
juniperus_seg_by_size_20260829_002259,test,btm_forest_ensemble_uniform,@50,S-IoU,671,243,22,73.41356673960613,96.82539682539682,83.5096453018046,0.8850947611156561,0.597476673919835
juniperus_seg_by_size_20260829_002259,test,btm_forest_ensemble_uniform,@75,IoU,509,405,181,55.68927789934355,73.76811594202898,63.46633416458853,0.8850947611156561,0.597476673919835
juniperus_seg_by_size_20260829_002259,test,btm_forest_ensemble_uniform,@75,S-IoU,594,320,35,64.98905908096279,94.4356120826709,76.99287103046014,0.8850947611156561,0.597476673919835
juniperus_seg_by_size_20260829_002259,test,btm_forest_ensemble_weighted,@50,IoU,637,278,53,69.61748633879782,92.31884057971016,79.37694704049846,0.8857180326765033,0.5990317917889532
juniperus_seg_by_size_20260829_002259,test,btm_forest_ensemble_weighted,@50,S-IoU,673,242,22,73.55191256830601,96.83453237410072,83.60248447204968,0.8857180326765033,0.5990317917889532
juniperus_seg_by_size_20260829_002259,test,btm_forest_ensemble_weighted,@75,IoU,510,405,180,55.73770491803278,73.91304347826086,63.55140186915887,0.8857180326765033,0.5990317917889532
juniperus_seg_by_size_20260829_002259,test,btm_forest_ensemble_weighted,@75,S-IoU,593,322,36,64.80874316939891,94.27662957074722,76.81347150259067,0.8857180326765033,0.5990317917889532
juniperus_seg_by_size_20260829_002259,test,btm_forest_soup,@50,IoU,616,145,74,80.946123521682,89.27536231884058,84.90696071674708,0.8721107394198395,0.6203277954839678
juniperus_seg_by_size_20260829_002259,test,btm_forest_soup,@50,S-IoU,622,139,32,81.73455978975032,95.10703363914374,87.91519434628977,0.8721107394198395,0.6203277954839678
juniperus_seg_by_size_20260829_002259,test,btm_forest_soup,@75,IoU,535,226,155,70.30223390275953,77.53623188405797,73.74224672639559,0.8721107394198395,0.6203277954839678
juniperus_seg_by_size_20260829_002259,test,btm_forest_soup,@75,S-IoU,579,182,46,76.08409986859395,92.64,83.54978354978357,0.8721107394198395,0.6203277954839678
juniperus_seg_by_size_20260829_002259,test,random_ensemble,@50,IoU,645,390,45,62.31884057971014,93.47826086956522,74.78260869565217,0.8796843081157352,0.5866463920096903
juniperus_seg_by_size_20260829_002259,test,random_ensemble,@50,S-IoU,692,343,14,66.85990338164251,98.01699716713881,79.49454336588168,0.8796843081157352,0.5866463920096903
juniperus_seg_by_size_20260829_002259,test,random_ensemble,@75,IoU,514,521,176,49.66183574879227,74.4927536231884,59.59420289855073,0.8796843081157352,0.5866463920096903
juniperus_seg_by_size_20260829_002259,test,random_ensemble,@75,S-IoU,610,425,26,58.93719806763285,95.9119496855346,73.01017354877318,0.8796843081157352,0.5866463920096903
juniperus_seg_by_size_20260829_002259,field_work,dense_baseline,@50,IoU,1155,388,616,74.85418016850292,65.21739130434783,69.70428485214242,0.6050564135027984,0.3077482491934694
juniperus_seg_by_size_20260829_002259,field_work,dense_baseline,@50,S-IoU,1216,327,426,78.80751782242385,74.05602923264311,76.35792778649922,0.6050564135027984,0.3077482491934694
juniperus_seg_by_size_20260829_002259,field_work,dense_baseline,@75,IoU,659,884,1112,42.709008425145825,37.210615471485035,39.77066988533495,0.6050564135027984,0.3077482491934694
juniperus_seg_by_size_20260829_002259,field_work,dense_baseline,@75,S-IoU,1000,543,509,64.80881399870383,66.26905235255136,65.53079947575361,0.6050564135027984,0.3077482491934694
juniperus_seg_by_size_20260829_002259,field_work,expert_E_small_solo,@50,IoU,1130,302,641,78.91061452513966,63.80575945793338,70.55885107711521,0.5996000808541023,0.30816763016328386
juniperus_seg_by_size_20260829_002259,field_work,expert_E_small_solo,@50,S-IoU,1221,211,431,85.26536312849163,73.91041162227603,79.1828793774319,0.5996000808541023,0.30816763016328386
juniperus_seg_by_size_20260829_002259,field_work,expert_E_small_solo,@75,IoU,639,793,1132,44.622905027932966,36.081309994353475,39.90009366219169,0.5996000808541023,0.30816763016328386
juniperus_seg_by_size_20260829_002259,field_work,expert_E_small_solo,@75,S-IoU,995,437,533,69.48324022346368,65.11780104712042,67.22972972972973,0.5996000808541023,0.30816763016328386
juniperus_seg_by_size_20260829_002259,field_work,expert_E_medium_solo,@50,IoU,1158,324,613,78.13765182186235,65.38678712591755,71.19581924377498,0.6113140347136808,0.3169800373240711
juniperus_seg_by_size_20260829_002259,field_work,expert_E_medium_solo,@50,S-IoU,1227,255,422,82.79352226720647,74.40873256519103,78.37751517087193,0.6113140347136808,0.3169800373240711
juniperus_seg_by_size_20260829_002259,field_work,expert_E_medium_solo,@75,IoU,660,822,1111,44.534412955465584,37.267080745341616,40.57792806640024,0.6113140347136808,0.3169800373240711
juniperus_seg_by_size_20260829_002259,field_work,expert_E_medium_solo,@75,S-IoU,1010,472,522,68.15114709851552,65.92689295039165,67.0205706702057,0.6113140347136808,0.3169800373240711
juniperus_seg_by_size_20260829_002259,field_work,expert_E_large_solo,@50,IoU,1185,327,586,78.37301587301587,66.91134952004518,72.1900700578739,0.6254326233877402,0.32279624793789824
juniperus_seg_by_size_20260829_002259,field_work,expert_E_large_solo,@50,S-IoU,1263,249,387,83.53174603174604,76.54545454545455,79.88614800759012,0.6254326233877402,0.32279624793789824
juniperus_seg_by_size_20260829_002259,field_work,expert_E_large_solo,@75,IoU,665,847,1106,43.98148148148148,37.54940711462451,40.511727078891255,0.6254326233877402,0.32279624793789824
juniperus_seg_by_size_20260829_002259,field_work,expert_E_large_solo,@75,S-IoU,1048,464,483,69.31216931216932,68.45199216198563,68.87939533355242,0.6254326233877402,0.32279624793789824
juniperus_seg_by_size_20260829_002259,field_work,btm_forest_ensemble_uniform,@50,IoU,1273,587,498,68.44086021505376,71.88029361942405,70.11842467639768,0.6578469253097299,0.33769994957393734
juniperus_seg_by_size_20260829_002259,field_work,btm_forest_ensemble_uniform,@50,S-IoU,1460,400,304,78.49462365591397,82.76643990929705,80.5739514348786,0.6578469253097299,0.33769994957393734
juniperus_seg_by_size_20260829_002259,field_work,btm_forest_ensemble_uniform,@75,IoU,708,1152,1063,38.064516129032256,39.97741389045737,38.99752134398237,0.6578469253097299,0.33769994957393734
juniperus_seg_by_size_20260829_002259,field_work,btm_forest_ensemble_uniform,@75,S-IoU,1147,713,407,61.66666666666667,73.80952380952381,67.19390743995314,0.6578469253097299,0.33769994957393734
juniperus_seg_by_size_20260829_002259,field_work,btm_forest_ensemble_weighted,@50,IoU,1272,588,499,68.38709677419355,71.82382834556748,70.06334343156155,0.6569920473912046,0.33751461142883477
juniperus_seg_by_size_20260829_002259,field_work,btm_forest_ensemble_weighted,@50,S-IoU,1463,397,305,78.65591397849462,82.74886877828054,80.65049614112458,0.6569920473912046,0.33751461142883477
juniperus_seg_by_size_20260829_002259,field_work,btm_forest_ensemble_weighted,@75,IoU,705,1155,1066,37.903225806451616,39.808018068887634,38.83227760947398,0.6569920473912046,0.33751461142883477
juniperus_seg_by_size_20260829_002259,field_work,btm_forest_ensemble_weighted,@75,S-IoU,1150,710,406,61.82795698924731,73.90745501285348,67.33021077283374,0.6569920473912046,0.33751461142883477
juniperus_seg_by_size_20260829_002259,field_work,btm_forest_soup,@50,IoU,1202,282,569,80.99730458221023,67.87125917560701,73.85560675883256,0.6455176657139015,0.3623013250195134
juniperus_seg_by_size_20260829_002259,field_work,btm_forest_soup,@50,S-IoU,1237,247,403,83.35579514824798,75.42682926829268,79.19334186939821,0.6455176657139015,0.3623013250195134
juniperus_seg_by_size_20260829_002259,field_work,btm_forest_soup,@75,IoU,802,682,969,54.04312668463612,45.28514963297572,49.27803379416282,0.6455176657139015,0.3623013250195134
juniperus_seg_by_size_20260829_002259,field_work,btm_forest_soup,@75,S-IoU,1070,414,464,72.10242587601078,69.75228161668839,70.90788601722994,0.6455176657139015,0.3623013250195134
juniperus_seg_by_size_20260829_002259,field_work,random_ensemble,@50,IoU,1327,887,444,59.93676603432701,74.92941840767928,66.59974905897114,0.6735887759615997,0.34368803455386704
juniperus_seg_by_size_20260829_002259,field_work,random_ensemble,@50,S-IoU,1607,607,205,72.58355916892502,88.68653421633555,79.83109786388476,0.6735887759615997,0.34368803455386704
juniperus_seg_by_size_20260829_002259,field_work,random_ensemble,@75,IoU,723,1491,1048,32.65582655826558,40.82439299830604,36.28607277289837,0.6735887759615997,0.34368803455386704
juniperus_seg_by_size_20260829_002259,field_work,random_ensemble,@75,S-IoU,1258,956,284,56.82023486901535,81.58236057068741,66.98615548455803,0.6735887759615997,0.34368803455386704
juniperus_seg_by_size_20260830_163740,test,dense_baseline,@50,IoU,671,1952,19,25.581395348837212,97.2463768115942,40.50709326894054,0.9037971727745817,0.5851457074253441
juniperus_seg_by_size_20260830_163740,test,dense_baseline,@50,S-IoU,850,1773,3,32.40564239420511,99.64830011723329,48.906789413118524,0.9037971727745817,0.5851457074253441
juniperus_seg_by_size_20260830_163740,test,dense_baseline,@75,IoU,505,2118,185,19.2527640106748,73.18840579710145,30.485964382734682,0.9037971727745817,0.5851457074253441
juniperus_seg_by_size_20260830_163740,test,dense_baseline,@75,S-IoU,652,1971,8,24.8570339306138,98.7878787878788,39.71976850441669,0.9037971727745817,0.5851457074253441
juniperus_seg_by_size_20260830_163740,test,expert_E_small_solo,@50,IoU,172,457,518,27.344992050874406,24.92753623188406,26.080363912054587,0.1732264442641561,0.0825827266703816
juniperus_seg_by_size_20260830_163740,test,expert_E_small_solo,@50,S-IoU,184,445,503,29.252782193958666,26.78311499272198,27.96352583586626,0.1732264442641561,0.0825827266703816
juniperus_seg_by_size_20260830_163740,test,expert_E_small_solo,@75,IoU,91,538,599,14.467408585055644,13.18840579710145,13.798332069749808,0.1732264442641561,0.0825827266703816
juniperus_seg_by_size_20260830_163740,test,expert_E_small_solo,@75,S-IoU,143,486,534,22.73449920508744,21.122599704579027,21.898928024502297,0.1732264442641561,0.0825827266703816
juniperus_seg_by_size_20260830_163740,test,expert_E_medium_solo,@50,IoU,532,655,158,44.81887110362258,77.10144927536233,56.68620138518913,0.6680312614651206,0.3902205620588041
juniperus_seg_by_size_20260830_163740,test,expert_E_medium_solo,@50,S-IoU,573,614,127,48.27295703454086,81.85714285714286,60.73131955484897,0.6680312614651206,0.3902205620588041
juniperus_seg_by_size_20260830_163740,test,expert_E_medium_solo,@75,IoU,386,801,304,32.518955349620896,55.94202898550724,41.129461907298875,0.6680312614651206,0.3902205620588041
juniperus_seg_by_size_20260830_163740,test,expert_E_medium_solo,@75,S-IoU,491,696,139,41.3647851727043,77.93650793650794,54.04512933406714,0.6680312614651206,0.3902205620588041
juniperus_seg_by_size_20260830_163740,test,expert_E_large_solo,@50,IoU,385,241,305,61.50159744408946,55.79710144927537,58.510638297872354,0.49987441393037596,0.3490228988006243
juniperus_seg_by_size_20260830_163740,test,expert_E_large_solo,@50,S-IoU,428,198,247,68.370607028754,63.40740740740741,65.79554189085319,0.49987441393037596,0.3490228988006243
juniperus_seg_by_size_20260830_163740,test,expert_E_large_solo,@75,IoU,322,304,368,51.43769968051119,46.666666666666664,48.93617021276596,0.49987441393037596,0.3490228988006243
juniperus_seg_by_size_20260830_163740,test,expert_E_large_solo,@75,S-IoU,376,250,253,60.063897763578275,59.77742448330684,59.9203187250996,0.49987441393037596,0.3490228988006243
juniperus_seg_by_size_20260830_163740,test,btm_forest_ensemble_uniform,@50,IoU,665,1271,25,34.34917355371901,96.37681159420289,50.64737242955065,0.8926862035231958,0.5706067058033212
juniperus_seg_by_size_20260830_163740,test,btm_forest_ensemble_uniform,@50,S-IoU,813,1123,4,41.99380165289256,99.51040391676867,59.06284053759534,0.8926862035231958,0.5706067058033212
juniperus_seg_by_size_20260830_163740,test,btm_forest_ensemble_uniform,@75,IoU,513,1423,177,26.49793388429752,74.34782608695653,39.07083015993907,0.8926862035231958,0.5706067058033212
juniperus_seg_by_size_20260830_163740,test,btm_forest_ensemble_uniform,@75,S-IoU,670,1266,10,34.607438016528924,98.52941176470588,51.223241590214066,0.8926862035231958,0.5706067058033212
juniperus_seg_by_size_20260830_163740,test,btm_forest_ensemble_weighted,@50,IoU,664,1271,26,34.315245478036175,96.23188405797102,50.590476190476195,0.8757612776646616,0.53956704989793
juniperus_seg_by_size_20260830_163740,test,btm_forest_ensemble_weighted,@50,S-IoU,811,1124,4,41.91214470284238,99.50920245398774,58.98181818181819,0.8757612776646616,0.53956704989793
juniperus_seg_by_size_20260830_163740,test,btm_forest_ensemble_weighted,@75,IoU,508,1427,182,26.25322997416021,73.62318840579711,38.70476190476191,0.8757612776646616,0.53956704989793
juniperus_seg_by_size_20260830_163740,test,btm_forest_ensemble_weighted,@75,S-IoU,669,1266,9,34.57364341085271,98.67256637168141,51.20551090700345,0.8757612776646616,0.53956704989793
juniperus_seg_by_size_20260830_163740,test,btm_forest_soup,@50,IoU,446,411,244,52.04200700116686,64.6376811594203,57.65998707175177,0.5204623457833988,0.2844171548087021
juniperus_seg_by_size_20260830_163740,test,btm_forest_soup,@50,S-IoU,509,348,210,59.39323220536756,70.79276773296245,64.59390862944163,0.5204623457833988,0.2844171548087021
juniperus_seg_by_size_20260830_163740,test,btm_forest_soup,@75,IoU,308,549,382,35.93932322053676,44.63768115942029,39.81900452488688,0.5204623457833988,0.2844171548087021
juniperus_seg_by_size_20260830_163740,test,btm_forest_soup,@75,S-IoU,414,443,227,48.30805134189031,64.58658346333853,55.27369826435247,0.5204623457833988,0.2844171548087021
juniperus_seg_by_size_20260830_163740,test,random_ensemble,@50,IoU,672,1546,18,30.297565374211,97.3913043478261,46.217331499312245,0.8988100853598074,0.5633487882302322
juniperus_seg_by_size_20260830_163740,test,random_ensemble,@50,S-IoU,883,1335,6,39.81064021641118,99.32508436445444,56.83939491470872,0.8988100853598074,0.5633487882302322
juniperus_seg_by_size_20260830_163740,test,random_ensemble,@75,IoU,513,1705,177,23.128944995491434,74.34782608695653,35.28198074277854,0.8988100853598074,0.5633487882302322
juniperus_seg_by_size_20260830_163740,test,random_ensemble,@75,S-IoU,646,1572,19,29.125338142470696,97.14285714285714,44.814429413805065,0.8988100853598074,0.5633487882302322
juniperus_seg_by_size_20260830_163740,field_work,dense_baseline,@50,IoU,1207,460,564,72.40551889622076,68.15358554488989,70.2152414194299,0.6269930437310058,0.31911427938290154
juniperus_seg_by_size_20260830_163740,field_work,dense_baseline,@50,S-IoU,1311,356,375,78.64427114577084,77.75800711743773,78.19862809424396,0.6269930437310058,0.31911427938290154
juniperus_seg_by_size_20260830_163740,field_work,dense_baseline,@75,IoU,667,1000,1104,40.0119976004799,37.66233766233766,38.80162885398487,0.6269930437310058,0.31911427938290154
juniperus_seg_by_size_20260830_163740,field_work,dense_baseline,@75,S-IoU,1055,612,460,63.28734253149371,69.63696369636963,66.31049654305468,0.6269930437310058,0.31911427938290154
juniperus_seg_by_size_20260830_163740,field_work,expert_E_small_solo,@50,IoU,227,79,1544,74.18300653594771,12.817617165443252,21.858449687048626,0.11414278777399493,0.041346329192266815
juniperus_seg_by_size_20260830_163740,field_work,expert_E_small_solo,@50,S-IoU,248,58,1515,81.04575163398692,14.06693136698809,23.97293378443693,0.11414278777399493,0.041346329192266815
juniperus_seg_by_size_20260830_163740,field_work,expert_E_small_solo,@75,IoU,58,248,1713,18.954248366013072,3.274985883681536,5.584978334135773,0.11414278777399493,0.041346329192266815
juniperus_seg_by_size_20260830_163740,field_work,expert_E_small_solo,@75,S-IoU,214,92,1541,69.93464052287581,12.193732193732194,20.766618146530806,0.11414278777399493,0.041346329192266815
juniperus_seg_by_size_20260830_163740,field_work,expert_E_medium_solo,@50,IoU,671,181,1100,78.75586854460094,37.88819875776397,51.162790697674424,0.346903306561254,0.1673793227217089
juniperus_seg_by_size_20260830_163740,field_work,expert_E_medium_solo,@50,S-IoU,706,146,1000,82.86384976525821,41.38335287221571,55.199374511336984,0.346903306561254,0.1673793227217089
juniperus_seg_by_size_20260830_163740,field_work,expert_E_medium_solo,@75,IoU,367,485,1404,43.075117370892016,20.7227555053642,27.98322531452535,0.346903306561254,0.1673793227217089
juniperus_seg_by_size_20260830_163740,field_work,expert_E_medium_solo,@75,S-IoU,606,246,1045,71.12676056338029,36.70502725620836,48.42189372752697,0.346903306561254,0.1673793227217089
juniperus_seg_by_size_20260830_163740,field_work,expert_E_large_solo,@50,IoU,385,62,1386,86.12975391498881,21.73913043478261,34.71596032461677,0.20856164654046744,0.12719183817978963
juniperus_seg_by_size_20260830_163740,field_work,expert_E_large_solo,@50,S-IoU,406,41,1244,90.82774049217002,24.606060606060606,38.72198378636146,0.20856164654046744,0.12719183817978963
juniperus_seg_by_size_20260830_163740,field_work,expert_E_large_solo,@75,IoU,296,151,1475,66.2192393736018,16.713721061547147,26.690712353471596,0.20856164654046744,0.12719183817978963
juniperus_seg_by_size_20260830_163740,field_work,expert_E_large_solo,@75,S-IoU,361,86,1269,80.76062639821029,22.14723926380368,34.761675493500235,0.20856164654046744,0.12719183817978963
juniperus_seg_by_size_20260830_163740,field_work,btm_forest_ensemble_uniform,@50,IoU,1086,330,685,76.69491525423729,61.32128740824393,68.15186695952306,0.5726907295212939,0.2905436994503564
juniperus_seg_by_size_20260830_163740,field_work,btm_forest_ensemble_uniform,@50,S-IoU,1182,234,490,83.47457627118644,70.69377990430623,76.55440414507773,0.5726907295212939,0.2905436994503564
juniperus_seg_by_size_20260830_163740,field_work,btm_forest_ensemble_uniform,@75,IoU,616,800,1155,43.50282485875706,34.78260869565217,38.65704424223407,0.5726907295212939,0.2905436994503564
juniperus_seg_by_size_20260830_163740,field_work,btm_forest_ensemble_uniform,@75,S-IoU,1015,401,554,71.68079096045197,64.69088591459528,68.00670016750419,0.5726907295212939,0.2905436994503564
juniperus_seg_by_size_20260830_163740,field_work,btm_forest_ensemble_weighted,@50,IoU,1086,329,685,76.74911660777384,61.32128740824393,68.17325800376648,0.5560683044180434,0.2729436863779859
juniperus_seg_by_size_20260830_163740,field_work,btm_forest_ensemble_weighted,@50,S-IoU,1179,236,489,83.32155477031802,70.68345323741008,76.48394421018489,0.5560683044180434,0.2729436863779859
juniperus_seg_by_size_20260830_163740,field_work,btm_forest_ensemble_weighted,@75,IoU,611,804,1160,43.18021201413428,34.50028232636928,38.35530445699937,0.5560683044180434,0.2729436863779859
juniperus_seg_by_size_20260830_163740,field_work,btm_forest_ensemble_weighted,@75,S-IoU,1011,404,554,71.4487632508834,64.60063897763578,67.85234899328859,0.5560683044180434,0.2729436863779859
juniperus_seg_by_size_20260830_163740,field_work,btm_forest_soup,@50,IoU,119,10,1652,92.24806201550388,6.719367588932807,12.526315789473685,0.06453282150895562,0.0334498119284561
juniperus_seg_by_size_20260830_163740,field_work,btm_forest_soup,@50,S-IoU,126,3,1641,97.67441860465115,7.130730050933787,13.29113924050633,0.06453282150895562,0.0334498119284561
juniperus_seg_by_size_20260830_163740,field_work,btm_forest_soup,@75,IoU,77,52,1694,59.68992248062015,4.3478260869565215,8.105263157894736,0.06453282150895562,0.0334498119284561
juniperus_seg_by_size_20260830_163740,field_work,btm_forest_soup,@75,S-IoU,120,9,1645,93.02325581395348,6.79886685552408,12.671594508975714,0.06453282150895562,0.0334498119284561
juniperus_seg_by_size_20260830_163740,field_work,random_ensemble,@50,IoU,772,86,999,89.97668997668997,43.591191417278374,58.729554963864594,0.4098713529784155,0.21106921316161026
juniperus_seg_by_size_20260830_163740,field_work,random_ensemble,@50,S-IoU,775,83,889,90.32634032634033,46.574519230769226,61.45915939730373,0.4098713529784155,0.21106921316161026
juniperus_seg_by_size_20260830_163740,field_work,random_ensemble,@75,IoU,510,348,1261,59.44055944055944,28.797289666854887,38.79802206162039,0.4098713529784155,0.21106921316161026
juniperus_seg_by_size_20260830_163740,field_work,random_ensemble,@75,S-IoU,676,182,953,78.78787878787878,41.49785144260282,54.36268596702855,0.4098713529784155,0.21106921316161026
juniperus_seg_by_size_20260830_164608,test,dense_baseline,@50,IoU,621,252,69,71.1340206185567,90.0,79.46257197696738,0.8651250552129988,0.5678962176605472
juniperus_seg_by_size_20260830_164608,test,dense_baseline,@50,S-IoU,643,230,32,73.6540664375716,95.25925925925925,83.07493540051681,0.8651250552129988,0.5678962176605472
juniperus_seg_by_size_20260830_164608,test,dense_baseline,@75,IoU,489,384,201,56.013745704467354,70.86956521739131,62.571976967370446,0.8651250552129988,0.5678962176605472
juniperus_seg_by_size_20260830_164608,test,dense_baseline,@75,S-IoU,562,311,41,64.37571592210767,93.20066334991708,76.15176151761518,0.8651250552129988,0.5678962176605472
juniperus_seg_by_size_20260830_164608,test,expert_E_small_solo,@50,IoU,126,44,564,74.11764705882354,18.26086956521739,29.30232558139535,0.16751635273826182,0.08328424770595313
juniperus_seg_by_size_20260830_164608,test,expert_E_small_solo,@50,S-IoU,124,46,561,72.94117647058823,18.1021897810219,29.005847953216367,0.16751635273826182,0.08328424770595313
juniperus_seg_by_size_20260830_164608,test,expert_E_small_solo,@75,IoU,68,102,622,40.0,9.855072463768117,15.813953488372093,0.16751635273826182,0.08328424770595313
juniperus_seg_by_size_20260830_164608,test,expert_E_small_solo,@75,S-IoU,113,57,570,66.47058823529412,16.544655929721817,26.494724501758498,0.16751635273826182,0.08328424770595313
juniperus_seg_by_size_20260830_164608,test,expert_E_medium_solo,@50,IoU,254,31,436,89.12280701754386,36.811594202898554,52.102564102564095,0.35346022578867325,0.21303720822342737
juniperus_seg_by_size_20260830_164608,test,expert_E_medium_solo,@50,S-IoU,254,31,421,89.12280701754386,37.629629629629626,52.916666666666664,0.35346022578867325,0.21303720822342737
juniperus_seg_by_size_20260830_164608,test,expert_E_medium_solo,@75,IoU,203,82,487,71.2280701754386,29.42028985507246,41.64102564102564,0.35346022578867325,0.21303720822342737
juniperus_seg_by_size_20260830_164608,test,expert_E_medium_solo,@75,S-IoU,237,48,431,83.15789473684211,35.47904191616767,49.737670514165785,0.35346022578867325,0.21303720822342737
juniperus_seg_by_size_20260830_164608,test,expert_E_large_solo,@50,IoU,312,44,378,87.64044943820225,45.21739130434783,59.65583173996176,0.4374012984478544,0.32648732126121616
juniperus_seg_by_size_20260830_164608,test,expert_E_large_solo,@50,S-IoU,312,44,334,87.64044943820225,48.297213622291025,62.2754491017964,0.4374012984478544,0.32648732126121616
juniperus_seg_by_size_20260830_164608,test,expert_E_large_solo,@75,IoU,282,74,408,79.21348314606742,40.869565217391305,53.91969407265774,0.4374012984478544,0.32648732126121616
juniperus_seg_by_size_20260830_164608,test,expert_E_large_solo,@75,S-IoU,291,65,337,81.74157303370787,46.33757961783439,59.14634146341464,0.4374012984478544,0.32648732126121616
juniperus_seg_by_size_20260830_164608,test,btm_forest_ensemble_uniform,@50,IoU,592,121,98,83.02945301542776,85.79710144927536,84.39059158945116,0.8249722827692016,0.5428905765450845
juniperus_seg_by_size_20260830_164608,test,btm_forest_ensemble_uniform,@50,S-IoU,597,116,55,83.73071528751753,91.56441717791411,87.47252747252749,0.8249722827692016,0.5428905765450845
juniperus_seg_by_size_20260830_164608,test,btm_forest_ensemble_uniform,@75,IoU,472,241,218,66.19915848527349,68.40579710144927,67.28439059158944,0.8249722827692016,0.5428905765450845
juniperus_seg_by_size_20260830_164608,test,btm_forest_ensemble_uniform,@75,S-IoU,552,161,69,77.41935483870968,88.88888888888889,82.75862068965517,0.8249722827692016,0.5428905765450845
juniperus_seg_by_size_20260830_164608,test,btm_forest_ensemble_weighted,@50,IoU,592,121,98,83.02945301542776,85.79710144927536,84.39059158945116,0.8186980485333339,0.5412465604731281
juniperus_seg_by_size_20260830_164608,test,btm_forest_ensemble_weighted,@50,S-IoU,598,115,55,83.87096774193549,91.57733537519142,87.5549048316252,0.8186980485333339,0.5412465604731281
juniperus_seg_by_size_20260830_164608,test,btm_forest_ensemble_weighted,@75,IoU,468,245,222,65.63814866760168,67.82608695652173,66.71418389166072,0.8186980485333339,0.5412465604731281
juniperus_seg_by_size_20260830_164608,test,btm_forest_ensemble_weighted,@75,S-IoU,552,161,69,77.41935483870968,88.88888888888889,82.75862068965517,0.8186980485333339,0.5412465604731281
juniperus_seg_by_size_20260830_164608,test,btm_forest_soup,@50,IoU,100,4,590,96.15384615384616,14.492753623188406,25.188916876574304,0.14281276211710994,0.10332276297364895
juniperus_seg_by_size_20260830_164608,test,btm_forest_soup,@50,S-IoU,102,2,585,98.07692307692307,14.847161572052403,25.790139064475348,0.14281276211710994,0.10332276297364895
juniperus_seg_by_size_20260830_164608,test,btm_forest_soup,@75,IoU,95,9,595,91.34615384615384,13.768115942028986,23.92947103274559,0.14281276211710994,0.10332276297364895
juniperus_seg_by_size_20260830_164608,test,btm_forest_soup,@75,S-IoU,101,3,585,97.11538461538461,14.723032069970845,25.569620253164555,0.14281276211710994,0.10332276297364895
juniperus_seg_by_size_20260830_164608,test,random_ensemble,@50,IoU,488,42,202,92.0754716981132,70.72463768115942,80.0,0.6798680470833458,0.45727127978333015
juniperus_seg_by_size_20260830_164608,test,random_ensemble,@50,S-IoU,487,43,171,91.88679245283019,74.01215805471124,81.98653198653197,0.6798680470833458,0.45727127978333015
juniperus_seg_by_size_20260830_164608,test,random_ensemble,@75,IoU,420,110,270,79.24528301886792,60.86956521739131,68.85245901639344,0.6798680470833458,0.45727127978333015
juniperus_seg_by_size_20260830_164608,test,random_ensemble,@75,S-IoU,457,73,182,86.22641509433963,71.51799687010954,78.18648417450814,0.6798680470833458,0.45727127978333015
juniperus_seg_by_size_20260830_164608,field_work,dense_baseline,@50,IoU,1207,460,564,72.40551889622076,68.15358554488989,70.2152414194299,0.6269930437310058,0.31911427938290154
juniperus_seg_by_size_20260830_164608,field_work,dense_baseline,@50,S-IoU,1311,356,375,78.64427114577084,77.75800711743773,78.19862809424396,0.6269930437310058,0.31911427938290154
juniperus_seg_by_size_20260830_164608,field_work,dense_baseline,@75,IoU,667,1000,1104,40.0119976004799,37.66233766233766,38.80162885398487,0.6269930437310058,0.31911427938290154
juniperus_seg_by_size_20260830_164608,field_work,dense_baseline,@75,S-IoU,1055,612,460,63.28734253149371,69.63696369636963,66.31049654305468,0.6269930437310058,0.31911427938290154
juniperus_seg_by_size_20260830_164608,field_work,expert_E_small_solo,@50,IoU,317,99,1454,76.20192307692307,17.899491812535288,28.989483310470966,0.16126329618333118,0.0568779777093739
juniperus_seg_by_size_20260830_164608,field_work,expert_E_small_solo,@50,S-IoU,341,75,1417,81.97115384615384,19.397042093287826,31.370745170193192,0.16126329618333118,0.0568779777093739
juniperus_seg_by_size_20260830_164608,field_work,expert_E_small_solo,@75,IoU,92,324,1679,22.115384615384613,5.194805194805195,8.413351623228166,0.16126329618333118,0.0568779777093739
juniperus_seg_by_size_20260830_164608,field_work,expert_E_small_solo,@75,S-IoU,281,135,1466,67.54807692307693,16.084716657126503,25.982431807674523,0.16126329618333118,0.0568779777093739
juniperus_seg_by_size_20260830_164608,field_work,expert_E_medium_solo,@50,IoU,432,67,1339,86.57314629258516,24.392998306041786,38.06167400881058,0.2294263400518981,0.11502336331833665
juniperus_seg_by_size_20260830_164608,field_work,expert_E_medium_solo,@50,S-IoU,433,66,1275,86.77354709418837,25.35128805620609,39.238785681921165,0.2294263400518981,0.11502336331833665
juniperus_seg_by_size_20260830_164608,field_work,expert_E_medium_solo,@75,IoU,266,233,1505,53.3066132264529,15.019762845849801,23.436123348017617,0.2294263400518981,0.11502336331833665
juniperus_seg_by_size_20260830_164608,field_work,expert_E_medium_solo,@75,S-IoU,382,117,1313,76.55310621242485,22.536873156342182,34.82224247948951,0.2294263400518981,0.11502336331833665
juniperus_seg_by_size_20260830_164608,field_work,expert_E_large_solo,@50,IoU,445,54,1326,89.17835671342685,25.1270468661773,39.20704845814978,0.23938260966814012,0.14775150945624752
juniperus_seg_by_size_20260830_164608,field_work,expert_E_large_solo,@50,S-IoU,449,50,1183,89.97995991983969,27.512254901960787,42.139840450492734,0.23938260966814012,0.14775150945624752
juniperus_seg_by_size_20260830_164608,field_work,expert_E_large_solo,@75,IoU,345,154,1426,69.13827655310621,19.480519480519483,30.396475770925107,0.23938260966814012,0.14775150945624752
juniperus_seg_by_size_20260830_164608,field_work,expert_E_large_solo,@75,S-IoU,381,118,1212,76.35270541082164,23.91713747645951,36.4244741873805,0.23938260966814012,0.14775150945624752
juniperus_seg_by_size_20260830_164608,field_work,btm_forest_ensemble_uniform,@50,IoU,1031,234,740,81.50197628458497,58.21569734613213,67.91831357048748,0.5458029631486047,0.27845452556649436
juniperus_seg_by_size_20260830_164608,field_work,btm_forest_ensemble_uniform,@50,S-IoU,1087,178,555,85.92885375494072,66.19975639464069,74.78500171998625,0.5458029631486047,0.27845452556649436
juniperus_seg_by_size_20260830_164608,field_work,btm_forest_ensemble_uniform,@75,IoU,607,658,1164,47.984189723320156,34.27442123094297,39.98682476943347,0.5458029631486047,0.27845452556649436
juniperus_seg_by_size_20260830_164608,field_work,btm_forest_ensemble_uniform,@75,S-IoU,916,349,634,72.41106719367589,59.096774193548384,65.07992895204264,0.5458029631486047,0.27845452556649436
juniperus_seg_by_size_20260830_164608,field_work,btm_forest_ensemble_weighted,@50,IoU,1032,233,739,81.58102766798419,58.27216261998871,67.98418972332017,0.5404683056322184,0.281974821226053
juniperus_seg_by_size_20260830_164608,field_work,btm_forest_ensemble_weighted,@50,S-IoU,1088,177,554,86.00790513833992,66.26065773447016,74.85380116959065,0.5404683056322184,0.281974821226053
juniperus_seg_by_size_20260830_164608,field_work,btm_forest_ensemble_weighted,@75,IoU,607,658,1164,47.984189723320156,34.27442123094297,39.98682476943347,0.5404683056322184,0.281974821226053
juniperus_seg_by_size_20260830_164608,field_work,btm_forest_ensemble_weighted,@75,S-IoU,921,344,629,72.80632411067194,59.41935483870968,65.43516873889877,0.5404683056322184,0.281974821226053
juniperus_seg_by_size_20260830_164608,field_work,btm_forest_soup,@50,IoU,125,9,1646,93.28358208955224,7.058159232072275,13.12335958005249,0.06916219024059653,0.042183990559209295
juniperus_seg_by_size_20260830_164608,field_work,btm_forest_soup,@50,S-IoU,126,8,1641,94.02985074626866,7.130730050933787,13.256180957390848,0.06916219024059653,0.042183990559209295
juniperus_seg_by_size_20260830_164608,field_work,btm_forest_soup,@75,IoU,101,33,1670,75.3731343283582,5.702992659514399,10.603674540682416,0.06916219024059653,0.042183990559209295
juniperus_seg_by_size_20260830_164608,field_work,btm_forest_soup,@75,S-IoU,121,13,1645,90.29850746268657,6.851642129105323,12.736842105263161,0.06916219024059653,0.042183990559209295
juniperus_seg_by_size_20260830_164608,field_work,random_ensemble,@50,IoU,725,76,1046,90.51186017478152,40.9373235460192,56.37636080870917,0.391081133399107,0.21356168494679503
juniperus_seg_by_size_20260830_164608,field_work,random_ensemble,@50,S-IoU,732,69,939,91.38576779026218,43.806104129263915,59.22330097087378,0.391081133399107,0.21356168494679503
juniperus_seg_by_size_20260830_164608,field_work,random_ensemble,@75,IoU,469,332,1302,58.5518102372035,26.48221343873518,36.4696734059098,0.391081133399107,0.21356168494679503
juniperus_seg_by_size_20260830_164608,field_work,random_ensemble,@75,S-IoU,649,152,994,81.02372034956305,39.50091296409008,53.109656301145655,0.391081133399107,0.21356168494679503
juniperus_seg_by_size_20260830_202803,test,dense_baseline,@50,IoU,616,173,74,78.07351077313055,89.27536231884058,83.29952670723463,0.8693208827703859,0.5804825249149717
juniperus_seg_by_size_20260830_202803,test,dense_baseline,@50,S-IoU,624,165,23,79.08745247148289,96.44513137557959,86.90807799442896,0.8693208827703859,0.5804825249149717
juniperus_seg_by_size_20260830_202803,test,dense_baseline,@75,IoU,500,289,190,63.37135614702155,72.46376811594203,67.6132521974307,0.8693208827703859,0.5804825249149717
juniperus_seg_by_size_20260830_202803,test,dense_baseline,@75,S-IoU,574,215,42,72.75031685678074,93.18181818181817,81.70818505338077,0.8693208827703859,0.5804825249149717
juniperus_seg_by_size_20260830_202803,test,expert_E_small_solo,@50,IoU,75,28,615,72.81553398058253,10.869565217391305,18.915510718789406,0.09742593384496723,0.044328722373976184
juniperus_seg_by_size_20260830_202803,test,expert_E_small_solo,@50,S-IoU,75,28,615,72.81553398058253,10.869565217391305,18.915510718789406,0.09742593384496723,0.044328722373976184
juniperus_seg_by_size_20260830_202803,test,expert_E_small_solo,@75,IoU,35,68,655,33.980582524271846,5.072463768115942,8.827238335435057,0.09742593384496723,0.044328722373976184
juniperus_seg_by_size_20260830_202803,test,expert_E_small_solo,@75,S-IoU,71,32,618,68.93203883495146,10.304789550072568,17.929292929292927,0.09742593384496723,0.044328722373976184
juniperus_seg_by_size_20260830_202803,test,expert_E_medium_solo,@50,IoU,345,65,345,84.14634146341463,50.0,62.727272727272734,0.4787830747793135,0.3021937035854598
juniperus_seg_by_size_20260830_202803,test,expert_E_medium_solo,@50,S-IoU,347,63,329,84.6341463414634,51.33136094674556,63.90423572744015,0.4787830747793135,0.3021937035854598
juniperus_seg_by_size_20260830_202803,test,expert_E_medium_solo,@75,IoU,281,129,409,68.53658536585367,40.72463768115942,51.090909090909086,0.4787830747793135,0.3021937035854598
juniperus_seg_by_size_20260830_202803,test,expert_E_medium_solo,@75,S-IoU,323,87,339,78.78048780487805,48.79154078549849,60.26119402985075,0.4787830747793135,0.3021937035854598
juniperus_seg_by_size_20260830_202803,test,expert_E_large_solo,@50,IoU,310,53,380,85.39944903581267,44.927536231884055,58.87939221272555,0.42854361420257325,0.30465049397832955
juniperus_seg_by_size_20260830_202803,test,expert_E_large_solo,@50,S-IoU,312,51,336,85.9504132231405,48.148148148148145,61.72106824925816,0.42854361420257325,0.30465049397832955
juniperus_seg_by_size_20260830_202803,test,expert_E_large_solo,@75,IoU,267,96,423,73.55371900826447,38.69565217391304,50.712250712250714,0.42854361420257325,0.30465049397832955
juniperus_seg_by_size_20260830_202803,test,expert_E_large_solo,@75,S-IoU,283,80,341,77.96143250688705,45.3525641025641,57.34549138804458,0.42854361420257325,0.30465049397832955
juniperus_seg_by_size_20260830_202803,test,btm_forest_ensemble_uniform,@50,IoU,600,151,90,79.89347536617842,86.95652173913044,83.27550312283137,0.831720830740149,0.5472455873949187
juniperus_seg_by_size_20260830_202803,test,btm_forest_ensemble_uniform,@50,S-IoU,618,133,53,82.29027962716378,92.10134128166915,86.91983122362869,0.831720830740149,0.5472455873949187
juniperus_seg_by_size_20260830_202803,test,btm_forest_ensemble_uniform,@75,IoU,478,273,212,63.64846870838882,69.27536231884058,66.34281748785565,0.831720830740149,0.5472455873949187
juniperus_seg_by_size_20260830_202803,test,btm_forest_ensemble_uniform,@75,S-IoU,564,187,64,75.09986684420772,89.80891719745223,81.79840464104421,0.831720830740149,0.5472455873949187
juniperus_seg_by_size_20260830_202803,test,btm_forest_ensemble_weighted,@50,IoU,600,151,90,79.89347536617842,86.95652173913044,83.27550312283137,0.822564172787637,0.5271844360045037
juniperus_seg_by_size_20260830_202803,test,btm_forest_ensemble_weighted,@50,S-IoU,618,133,53,82.29027962716378,92.10134128166915,86.91983122362869,0.822564172787637,0.5271844360045037
juniperus_seg_by_size_20260830_202803,test,btm_forest_ensemble_weighted,@75,IoU,484,267,206,64.4474034620506,70.14492753623188,67.17557251908399,0.822564172787637,0.5271844360045037
juniperus_seg_by_size_20260830_202803,test,btm_forest_ensemble_weighted,@75,S-IoU,565,186,63,75.23302263648469,89.96815286624204,81.94343727338651,0.822564172787637,0.5271844360045037
juniperus_seg_by_size_20260830_202803,test,btm_forest_soup,@50,IoU,173,4,517,97.74011299435028,25.072463768115945,39.90772779700116,0.24970511586826266,0.1848361760097333
juniperus_seg_by_size_20260830_202803,test,btm_forest_soup,@50,S-IoU,173,4,514,97.74011299435028,25.181950509461426,40.046296296296305,0.24970511586826266,0.1848361760097333
juniperus_seg_by_size_20260830_202803,test,btm_forest_soup,@75,IoU,167,10,523,94.35028248587571,24.20289855072464,38.52364475201846,0.24970511586826266,0.1848361760097333
juniperus_seg_by_size_20260830_202803,test,btm_forest_soup,@75,S-IoU,171,6,515,96.61016949152543,24.927113702623906,39.62920046349942,0.24970511586826266,0.1848361760097333
juniperus_seg_by_size_20260830_202803,test,random_ensemble,@50,IoU,548,82,142,86.98412698412699,79.42028985507247,83.03030303030303,0.7735995272571399,0.48793278544219226
juniperus_seg_by_size_20260830_202803,test,random_ensemble,@50,S-IoU,544,86,106,86.34920634920636,83.6923076923077,85.00000000000001,0.7735995272571399,0.48793278544219226
juniperus_seg_by_size_20260830_202803,test,random_ensemble,@75,IoU,444,186,246,70.47619047619048,64.34782608695652,67.27272727272727,0.7735995272571399,0.48793278544219226
juniperus_seg_by_size_20260830_202803,test,random_ensemble,@75,S-IoU,499,131,124,79.2063492063492,80.09630818619583,79.6488427773344,0.7735995272571399,0.48793278544219226
juniperus_seg_by_size_20260830_202803,field_work,dense_baseline,@50,IoU,1213,369,558,76.67509481668773,68.49237718802937,72.35311661198928,0.6474677731168716,0.33205146163000365
juniperus_seg_by_size_20260830_202803,field_work,dense_baseline,@50,S-IoU,1295,287,340,81.85840707964603,79.20489296636084,80.50979173142679,0.6474677731168716,0.33205146163000365
juniperus_seg_by_size_20260830_202803,field_work,dense_baseline,@75,IoU,682,900,1089,43.10998735777497,38.50931677018634,40.67998807038473,0.6474677731168716,0.33205146163000365
juniperus_seg_by_size_20260830_202803,field_work,dense_baseline,@75,S-IoU,1071,511,422,67.69911504424779,71.73476222371065,69.65853658536585,0.6474677731168716,0.33205146163000365
juniperus_seg_by_size_20260830_202803,field_work,expert_E_small_solo,@50,IoU,231,57,1540,80.20833333333334,13.043478260869565,22.438076736279747,0.11889898495392857,0.03856606394996621
juniperus_seg_by_size_20260830_202803,field_work,expert_E_small_solo,@50,S-IoU,239,49,1520,82.98611111111111,13.58726549175668,23.351245725451882,0.11889898495392857,0.03856606394996621
juniperus_seg_by_size_20260830_202803,field_work,expert_E_small_solo,@75,IoU,43,245,1728,14.930555555555555,2.4280067758328627,4.176784847013113,0.11889898495392857,0.03856606394996621
juniperus_seg_by_size_20260830_202803,field_work,expert_E_small_solo,@75,S-IoU,204,84,1554,70.83333333333334,11.604095563139932,19.941348973607038,0.11889898495392857,0.03856606394996621
juniperus_seg_by_size_20260830_202803,field_work,expert_E_medium_solo,@50,IoU,619,132,1152,82.42343541944075,34.95200451722191,49.088025376685174,0.3237273775792842,0.16077193385139715
juniperus_seg_by_size_20260830_202803,field_work,expert_E_medium_solo,@50,S-IoU,634,117,1061,84.4207723035952,37.40412979351033,51.83973834832379,0.3237273775792842,0.16077193385139715
juniperus_seg_by_size_20260830_202803,field_work,expert_E_medium_solo,@75,IoU,368,383,1403,49.00133155792277,20.77922077922078,29.183187946074547,0.3237273775792842,0.16077193385139715
juniperus_seg_by_size_20260830_202803,field_work,expert_E_medium_solo,@75,S-IoU,564,187,1111,75.09986684420772,33.67164179104478,46.49629018961254,0.3237273775792842,0.16077193385139715
juniperus_seg_by_size_20260830_202803,field_work,expert_E_large_solo,@50,IoU,413,113,1358,78.51711026615969,23.3201581027668,35.95994775794515,0.2168735435742648,0.12976059951351387
juniperus_seg_by_size_20260830_202803,field_work,expert_E_large_solo,@50,S-IoU,461,65,1179,87.6425855513308,28.10975609756098,42.56694367497691,0.2168735435742648,0.12976059951351387
juniperus_seg_by_size_20260830_202803,field_work,expert_E_large_solo,@75,IoU,304,222,1467,57.79467680608364,17.165443252399772,26.469307792773183,0.2168735435742648,0.12976059951351387
juniperus_seg_by_size_20260830_202803,field_work,expert_E_large_solo,@75,S-IoU,378,148,1205,71.86311787072243,23.878711307643716,35.84637268847795,0.2168735435742648,0.12976059951351387
juniperus_seg_by_size_20260830_202803,field_work,btm_forest_ensemble_uniform,@50,IoU,1088,308,683,77.93696275071633,61.43421795595708,68.70855699400063,0.5673135524835436,0.2840494760599418
juniperus_seg_by_size_20260830_202803,field_work,btm_forest_ensemble_uniform,@50,S-IoU,1175,221,487,84.16905444126076,70.69795427196149,76.84761281883586,0.5673135524835436,0.2840494760599418
juniperus_seg_by_size_20260830_202803,field_work,btm_forest_ensemble_uniform,@75,IoU,601,795,1170,43.05157593123209,33.935629587803504,37.95389958951689,0.5673135524835436,0.2840494760599418
juniperus_seg_by_size_20260830_202803,field_work,btm_forest_ensemble_uniform,@75,S-IoU,1002,394,555,71.77650429799426,64.35452793834297,67.86318997629529,0.5673135524835436,0.2840494760599418
juniperus_seg_by_size_20260830_202803,field_work,btm_forest_ensemble_weighted,@50,IoU,1088,307,683,77.99283154121865,61.43421795595708,68.73025900189515,0.5531395194597336,0.2703245022716044
juniperus_seg_by_size_20260830_202803,field_work,btm_forest_ensemble_weighted,@50,S-IoU,1175,220,487,84.22939068100358,70.69795427196149,76.87275106313378,0.5531395194597336,0.2703245022716044
juniperus_seg_by_size_20260830_202803,field_work,btm_forest_ensemble_weighted,@75,IoU,600,795,1171,43.01075268817204,33.87916431394692,37.90271636133923,0.5531395194597336,0.2703245022716044
juniperus_seg_by_size_20260830_202803,field_work,btm_forest_ensemble_weighted,@75,S-IoU,1002,393,556,71.82795698924731,64.31322207958921,67.86318997629529,0.5531395194597336,0.2703245022716044
juniperus_seg_by_size_20260830_202803,field_work,btm_forest_soup,@50,IoU,204,10,1567,95.32710280373831,11.518915866741954,20.554156171284635,0.11352635220038478,0.06993470572290414
juniperus_seg_by_size_20260830_202803,field_work,btm_forest_soup,@50,S-IoU,203,11,1562,94.85981308411215,11.501416430594901,20.515411824153613,0.11352635220038478,0.06993470572290414
juniperus_seg_by_size_20260830_202803,field_work,btm_forest_soup,@75,IoU,169,45,1602,78.97196261682244,9.542631281761716,17.027707808564234,0.11352635220038478,0.06993470572290414
juniperus_seg_by_size_20260830_202803,field_work,btm_forest_soup,@75,S-IoU,195,19,1567,91.1214953271028,11.066969353007945,19.736842105263158,0.11352635220038478,0.06993470572290414
juniperus_seg_by_size_20260830_202803,field_work,random_ensemble,@50,IoU,864,127,907,87.18466195761857,48.78599661208357,62.563359884141924,0.462890110120192,0.22574825168192994
juniperus_seg_by_size_20260830_202803,field_work,random_ensemble,@50,S-IoU,862,129,794,86.98284561049445,52.05314009661836,65.130336229694,0.462890110120192,0.22574825168192994
juniperus_seg_by_size_20260830_202803,field_work,random_ensemble,@75,IoU,508,483,1263,51.26135216952573,28.684359119141728,36.784938450398265,0.462890110120192,0.22574825168192994
juniperus_seg_by_size_20260830_202803,field_work,random_ensemble,@75,S-IoU,746,245,852,75.27749747729567,46.68335419274093,57.62842796446505,0.462890110120192,0.22574825168192994
juniperus_seg_by_size_20260830_221329,test,dense_baseline,@50,IoU,624,220,66,73.93364928909952,90.43478260869566,81.35593220338984,0.8751000095096428,0.6126126329477865
juniperus_seg_by_size_20260830_221329,test,dense_baseline,@50,S-IoU,636,208,24,75.35545023696683,96.36363636363636,84.57446808510637,0.8751000095096428,0.6126126329477865
juniperus_seg_by_size_20260830_221329,test,dense_baseline,@75,IoU,538,306,152,63.74407582938388,77.97101449275362,70.14341590612777,0.8751000095096428,0.6126126329477865
juniperus_seg_by_size_20260830_221329,test,dense_baseline,@75,S-IoU,581,263,38,68.8388625592417,93.8610662358643,79.42583732057416,0.8751000095096428,0.6126126329477865
juniperus_seg_by_size_20260830_221329,test,expert_E_small_solo,@50,IoU,135,66,555,67.16417910447761,19.565217391304348,30.303030303030305,0.17198241270381753,0.09575916307765206
juniperus_seg_by_size_20260830_221329,test,expert_E_small_solo,@50,S-IoU,135,66,553,67.16417910447761,19.62209302325581,30.37120359955005,0.17198241270381753,0.09575916307765206
juniperus_seg_by_size_20260830_221329,test,expert_E_small_solo,@75,IoU,102,99,588,50.74626865671642,14.782608695652174,22.895622895622896,0.17198241270381753,0.09575916307765206
juniperus_seg_by_size_20260830_221329,test,expert_E_small_solo,@75,S-IoU,121,80,563,60.19900497512438,17.690058479532166,27.34463276836158,0.17198241270381753,0.09575916307765206
juniperus_seg_by_size_20260830_221329,test,expert_E_medium_solo,@50,IoU,309,80,381,79.43444730077121,44.78260869565218,57.27525486561631,0.42281703691270234,0.27244111404264326
juniperus_seg_by_size_20260830_221329,test,expert_E_medium_solo,@50,S-IoU,303,86,368,77.89203084832906,45.156482861400896,57.169811320754704,0.42281703691270234,0.27244111404264326
juniperus_seg_by_size_20260830_221329,test,expert_E_medium_solo,@75,IoU,257,132,433,66.0668380462725,37.2463768115942,47.63670064874884,0.42281703691270234,0.27244111404264326
juniperus_seg_by_size_20260830_221329,test,expert_E_medium_solo,@75,S-IoU,278,111,382,71.46529562982005,42.12121212121212,53.002859866539566,0.42281703691270234,0.27244111404264326
juniperus_seg_by_size_20260830_221329,test,expert_E_large_solo,@50,IoU,327,50,363,86.73740053050398,47.391304347826086,61.29334582942831,0.45775091262340833,0.34602650553139
juniperus_seg_by_size_20260830_221329,test,expert_E_large_solo,@50,S-IoU,324,53,320,85.94164456233422,50.31055900621118,63.46718903036239,0.45775091262340833,0.34602650553139
juniperus_seg_by_size_20260830_221329,test,expert_E_large_solo,@75,IoU,292,85,398,77.45358090185677,42.31884057971014,54.73289597000937,0.45775091262340833,0.34602650553139
juniperus_seg_by_size_20260830_221329,test,expert_E_large_solo,@75,S-IoU,298,79,325,79.04509283819628,47.8330658105939,59.599999999999994,0.45775091262340833,0.34602650553139
juniperus_seg_by_size_20260830_221329,test,btm_forest_ensemble_uniform,@50,IoU,621,195,69,76.10294117647058,90.0,82.47011952191234,0.8565698647990182,0.5898943648153918
juniperus_seg_by_size_20260830_221329,test,btm_forest_ensemble_uniform,@50,S-IoU,624,192,32,76.47058823529412,95.1219512195122,84.78260869565216,0.8565698647990182,0.5898943648153918
juniperus_seg_by_size_20260830_221329,test,btm_forest_ensemble_uniform,@75,IoU,525,291,165,64.33823529411765,76.08695652173914,69.72111553784862,0.8565698647990182,0.5898943648153918
juniperus_seg_by_size_20260830_221329,test,btm_forest_ensemble_uniform,@75,S-IoU,565,251,48,69.24019607843137,92.16965742251223,79.07627711686493,0.8565698647990182,0.5898943648153918
juniperus_seg_by_size_20260830_221329,test,btm_forest_ensemble_weighted,@50,IoU,621,195,69,76.10294117647058,90.0,82.47011952191234,0.8474425961899812,0.5726993167497125
juniperus_seg_by_size_20260830_221329,test,btm_forest_ensemble_weighted,@50,S-IoU,624,192,32,76.47058823529412,95.1219512195122,84.78260869565216,0.8474425961899812,0.5726993167497125
juniperus_seg_by_size_20260830_221329,test,btm_forest_ensemble_weighted,@75,IoU,524,292,166,64.2156862745098,75.94202898550725,69.58831341301462,0.8474425961899812,0.5726993167497125
juniperus_seg_by_size_20260830_221329,test,btm_forest_ensemble_weighted,@75,S-IoU,565,251,48,69.24019607843137,92.16965742251223,79.07627711686493,0.8474425961899812,0.5726993167497125
juniperus_seg_by_size_20260830_221329,test,btm_forest_soup,@50,IoU,273,20,417,93.1740614334471,39.565217391304344,55.54425228891149,0.3879048316058127,0.27597224061038433
juniperus_seg_by_size_20260830_221329,test,btm_forest_soup,@50,S-IoU,272,21,410,92.83276450511946,39.882697947214076,55.794871794871796,0.3879048316058127,0.27597224061038433
juniperus_seg_by_size_20260830_221329,test,btm_forest_soup,@75,IoU,246,47,444,83.95904436860067,35.65217391304348,50.05086469989827,0.3879048316058127,0.27597224061038433
juniperus_seg_by_size_20260830_221329,test,btm_forest_soup,@75,S-IoU,265,28,416,90.44368600682594,38.91336270190896,54.41478439425052,0.3879048316058127,0.27597224061038433
juniperus_seg_by_size_20260830_221329,test,random_ensemble,@50,IoU,527,58,163,90.08547008547009,76.37681159420289,82.66666666666667,0.7255717891342689,0.5100137974835779
juniperus_seg_by_size_20260830_221329,test,random_ensemble,@50,S-IoU,518,67,138,88.54700854700855,78.96341463414635,83.48106365834005,0.7255717891342689,0.5100137974835779
juniperus_seg_by_size_20260830_221329,test,random_ensemble,@75,IoU,472,113,218,80.68376068376068,68.40579710144927,74.03921568627452,0.7255717891342689,0.5100137974835779
juniperus_seg_by_size_20260830_221329,test,random_ensemble,@75,S-IoU,487,98,151,83.24786324786325,76.33228840125392,79.64022894521668,0.7255717891342689,0.5100137974835779
juniperus_seg_by_size_20260830_221329,field_work,dense_baseline,@50,IoU,1259,470,512,72.81665702718334,71.08977978543196,71.94285714285714,0.660118023606628,0.35587613739200025
juniperus_seg_by_size_20260830_221329,field_work,dense_baseline,@50,S-IoU,1347,382,318,77.9063042220937,80.9009009009009,79.37536829699468,0.660118023606628,0.35587613739200025
juniperus_seg_by_size_20260830_221329,field_work,dense_baseline,@75,IoU,765,964,1006,44.24522845575477,43.19593450028233,43.71428571428571,0.660118023606628,0.35587613739200025
juniperus_seg_by_size_20260830_221329,field_work,dense_baseline,@75,S-IoU,1130,599,410,65.3556969346443,73.37662337662337,69.13429183236464,0.660118023606628,0.35587613739200025
juniperus_seg_by_size_20260830_221329,field_work,expert_E_small_solo,@50,IoU,328,98,1443,76.99530516431925,18.520609824957653,29.858898497951753,0.1668322949398638,0.06171621676463347
juniperus_seg_by_size_20260830_221329,field_work,expert_E_small_solo,@50,S-IoU,339,87,1413,79.5774647887324,19.34931506849315,31.129476584022036,0.1668322949398638,0.06171621676463347
juniperus_seg_by_size_20260830_221329,field_work,expert_E_small_solo,@75,IoU,119,307,1652,27.93427230046948,6.719367588932807,10.8329540282203,0.1668322949398638,0.06171621676463347
juniperus_seg_by_size_20260830_221329,field_work,expert_E_small_solo,@75,S-IoU,283,143,1462,66.43192488262912,16.21776504297994,26.070935052970977,0.1668322949398638,0.06171621676463347
juniperus_seg_by_size_20260830_221329,field_work,expert_E_medium_solo,@50,IoU,567,123,1204,82.17391304347827,32.015810276679844,46.0788297440065,0.2923676020875028,0.15111787286966688
juniperus_seg_by_size_20260830_221329,field_work,expert_E_medium_solo,@50,S-IoU,567,123,1136,82.17391304347827,33.29418672930123,47.38821562891767,0.2923676020875028,0.15111787286966688
juniperus_seg_by_size_20260830_221329,field_work,expert_E_medium_solo,@75,IoU,376,314,1395,54.492753623188406,21.230942970073404,30.556684274685086,0.2923676020875028,0.15111787286966688
juniperus_seg_by_size_20260830_221329,field_work,expert_E_medium_solo,@75,S-IoU,494,196,1181,71.59420289855073,29.492537313432837,41.77589852008457,0.2923676020875028,0.15111787286966688
juniperus_seg_by_size_20260830_221329,field_work,expert_E_large_solo,@50,IoU,529,88,1242,85.73743922204214,29.87012987012987,44.30485762144053,0.28334194955282554,0.17740362581672162
juniperus_seg_by_size_20260830_221329,field_work,expert_E_large_solo,@50,S-IoU,527,90,1093,85.41329011345219,32.53086419753086,47.116674117121136,0.28334194955282554,0.17740362581672162
juniperus_seg_by_size_20260830_221329,field_work,expert_E_large_solo,@75,IoU,415,202,1356,67.26094003241491,23.433088650479956,34.7571189279732,0.28334194955282554,0.17740362581672162
juniperus_seg_by_size_20260830_221329,field_work,expert_E_large_solo,@75,S-IoU,445,172,1120,72.12317666126418,28.434504792332266,40.78826764436296,0.28334194955282554,0.17740362581672162
juniperus_seg_by_size_20260830_221329,field_work,btm_forest_ensemble_uniform,@50,IoU,1153,327,618,77.9054054054054,65.10446075663468,70.93202091664102,0.6012629747779169,0.32517182980484394
juniperus_seg_by_size_20260830_221329,field_work,btm_forest_ensemble_uniform,@50,S-IoU,1198,282,448,80.94594594594594,72.78250303766707,76.64747280870122,0.6012629747779169,0.32517182980484394
juniperus_seg_by_size_20260830_221329,field_work,btm_forest_ensemble_uniform,@75,IoU,728,752,1043,49.18918918918919,41.10671936758894,44.786219624730855,0.6012629747779169,0.32517182980484394
juniperus_seg_by_size_20260830_221329,field_work,btm_forest_ensemble_uniform,@75,S-IoU,1006,474,521,67.97297297297298,65.88081204977078,66.91054206850681,0.6012629747779169,0.32517182980484394
juniperus_seg_by_size_20260830_221329,field_work,btm_forest_ensemble_weighted,@50,IoU,1154,326,617,77.97297297297298,65.16092603049125,70.99354044909259,0.5924529170953499,0.3158194853913274
juniperus_seg_by_size_20260830_221329,field_work,btm_forest_ensemble_weighted,@50,S-IoU,1196,284,448,80.8108108108108,72.74939172749392,76.5685019206146,0.5924529170953499,0.3158194853913274
juniperus_seg_by_size_20260830_221329,field_work,btm_forest_ensemble_weighted,@75,IoU,733,747,1038,49.527027027027025,41.38904573687182,45.09381728698862,0.5924529170953499,0.3158194853913274
juniperus_seg_by_size_20260830_221329,field_work,btm_forest_ensemble_weighted,@75,S-IoU,1007,473,518,68.04054054054053,66.0327868852459,67.02163061564059,0.5924529170953499,0.3158194853913274
juniperus_seg_by_size_20260830_221329,field_work,btm_forest_soup,@50,IoU,389,28,1382,93.28537170263789,21.96499153020892,35.55758683729433,0.21270770296103603,0.1255932719195438
juniperus_seg_by_size_20260830_221329,field_work,btm_forest_soup,@50,S-IoU,383,34,1353,91.84652278177458,22.062211981566822,35.5782628889921,0.21270770296103603,0.1255932719195438
juniperus_seg_by_size_20260830_221329,field_work,btm_forest_soup,@75,IoU,300,117,1471,71.94244604316546,16.93958215697346,27.422303473491773,0.21270770296103603,0.1255932719195438
juniperus_seg_by_size_20260830_221329,field_work,btm_forest_soup,@75,S-IoU,358,59,1369,85.85131894484412,20.729588882455126,33.3955223880597,0.21270770296103603,0.1255932719195438
juniperus_seg_by_size_20260830_221329,field_work,random_ensemble,@50,IoU,863,128,908,87.08375378405651,48.72953133822699,62.49094858797971,0.4560067778739326,0.2518023079647841
juniperus_seg_by_size_20260830_221329,field_work,random_ensemble,@50,S-IoU,853,138,809,86.07467204843591,51.323706377858,64.30456087448172,0.4560067778739326,0.2518023079647841
juniperus_seg_by_size_20260830_221329,field_work,random_ensemble,@75,IoU,602,389,1169,60.74672048435923,33.99209486166008,43.59160028964518,0.4560067778739326,0.2518023079647841
juniperus_seg_by_size_20260830_221329,field_work,random_ensemble,@75,S-IoU,737,254,871,74.36932391523713,45.83333333333333,56.714120815698344,0.4560067778739326,0.2518023079647841
seg_smoke_test_by_region,test,dense_baseline,@50,IoU,31,0,659,100.0,4.492753623188406,8.599167822468793,0.04492753623188406,0.035810139410358925
seg_smoke_test_by_region,test,dense_baseline,@50,S-IoU,31,0,659,100.0,4.492753623188406,8.599167822468793,0.04492753623188406,0.035810139410358925
seg_smoke_test_by_region,test,dense_baseline,@75,IoU,30,1,660,96.7741935483871,4.3478260869565215,8.321775312066574,0.04492753623188406,0.035810139410358925
seg_smoke_test_by_region,test,dense_baseline,@75,S-IoU,28,3,659,90.32258064516128,4.075691411935954,7.7994428969359335,0.04492753623188406,0.035810139410358925
seg_smoke_test_by_region,test,expert_E_region0_solo,@50,IoU,0,0,690,0.0,0.0,0.0,0.0,0.0
seg_smoke_test_by_region,test,expert_E_region0_solo,@50,S-IoU,0,0,690,0.0,0.0,0.0,0.0,0.0
seg_smoke_test_by_region,test,expert_E_region0_solo,@75,IoU,0,0,690,0.0,0.0,0.0,0.0,0.0
seg_smoke_test_by_region,test,expert_E_region0_solo,@75,S-IoU,0,0,690,0.0,0.0,0.0,0.0,0.0
seg_smoke_test_by_region,test,expert_E_region1_solo,@50,IoU,0,0,690,0.0,0.0,0.0,0.0,0.0
seg_smoke_test_by_region,test,expert_E_region1_solo,@50,S-IoU,0,0,690,0.0,0.0,0.0,0.0,0.0
seg_smoke_test_by_region,test,expert_E_region1_solo,@75,IoU,0,0,690,0.0,0.0,0.0,0.0,0.0
seg_smoke_test_by_region,test,expert_E_region1_solo,@75,S-IoU,0,0,690,0.0,0.0,0.0,0.0,0.0
seg_smoke_test_by_region,test,btm_forest_ensemble_uniform,@50,IoU,0,0,690,0.0,0.0,0.0,0.0,0.0
seg_smoke_test_by_region,test,btm_forest_ensemble_uniform,@50,S-IoU,0,0,690,0.0,0.0,0.0,0.0,0.0
seg_smoke_test_by_region,test,btm_forest_ensemble_uniform,@75,IoU,0,0,690,0.0,0.0,0.0,0.0,0.0
seg_smoke_test_by_region,test,btm_forest_ensemble_uniform,@75,S-IoU,0,0,690,0.0,0.0,0.0,0.0,0.0
seg_smoke_test_by_region,test,btm_forest_ensemble_weighted,@50,IoU,0,0,690,0.0,0.0,0.0,0.0,0.0
seg_smoke_test_by_region,test,btm_forest_ensemble_weighted,@50,S-IoU,0,0,690,0.0,0.0,0.0,0.0,0.0
seg_smoke_test_by_region,test,btm_forest_ensemble_weighted,@75,IoU,0,0,690,0.0,0.0,0.0,0.0,0.0
seg_smoke_test_by_region,test,btm_forest_ensemble_weighted,@75,S-IoU,0,0,690,0.0,0.0,0.0,0.0,0.0
seg_smoke_test_by_region,test,btm_forest_soup,@50,IoU,0,0,690,0.0,0.0,0.0,0.0,0.0
seg_smoke_test_by_region,test,btm_forest_soup,@50,S-IoU,0,0,690,0.0,0.0,0.0,0.0,0.0
seg_smoke_test_by_region,test,btm_forest_soup,@75,IoU,0,0,690,0.0,0.0,0.0,0.0,0.0
seg_smoke_test_by_region,test,btm_forest_soup,@75,S-IoU,0,0,690,0.0,0.0,0.0,0.0,0.0
seg_smoke_test_by_region,test,random_ensemble,@50,IoU,0,0,690,0.0,0.0,0.0,0.0,0.0
seg_smoke_test_by_region,test,random_ensemble,@50,S-IoU,0,0,690,0.0,0.0,0.0,0.0,0.0
seg_smoke_test_by_region,test,random_ensemble,@75,IoU,0,0,690,0.0,0.0,0.0,0.0,0.0
seg_smoke_test_by_region,test,random_ensemble,@75,S-IoU,0,0,690,0.0,0.0,0.0,0.0,0.0
seg_smoke_test_by_region,field_work,dense_baseline,@50,IoU,39,15,1732,72.22222222222221,2.20214568040655,4.273972602739725,0.01812546889638596,0.012422458464392234
seg_smoke_test_by_region,field_work,dense_baseline,@50,S-IoU,45,9,1709,83.33333333333334,2.565564424173318,4.977876106194691,0.01812546889638596,0.012422458464392234
seg_smoke_test_by_region,field_work,dense_baseline,@75,IoU,35,19,1736,64.81481481481481,1.9762845849802373,3.8356164383561646,0.01812546889638596,0.012422458464392234
seg_smoke_test_by_region,field_work,dense_baseline,@75,S-IoU,37,17,1711,68.51851851851852,2.116704805491991,4.1065482796892345,0.01812546889638596,0.012422458464392234
seg_smoke_test_by_region,field_work,expert_E_region0_solo,@50,IoU,0,0,1771,0.0,0.0,0.0,0.0,0.0
seg_smoke_test_by_region,field_work,expert_E_region0_solo,@50,S-IoU,0,0,1771,0.0,0.0,0.0,0.0,0.0
seg_smoke_test_by_region,field_work,expert_E_region0_solo,@75,IoU,0,0,1771,0.0,0.0,0.0,0.0,0.0
seg_smoke_test_by_region,field_work,expert_E_region0_solo,@75,S-IoU,0,0,1771,0.0,0.0,0.0,0.0,0.0
seg_smoke_test_by_region,field_work,expert_E_region1_solo,@50,IoU,0,0,1771,0.0,0.0,0.0,0.0,0.0
seg_smoke_test_by_region,field_work,expert_E_region1_solo,@50,S-IoU,0,0,1771,0.0,0.0,0.0,0.0,0.0
seg_smoke_test_by_region,field_work,expert_E_region1_solo,@75,IoU,0,0,1771,0.0,0.0,0.0,0.0,0.0
seg_smoke_test_by_region,field_work,expert_E_region1_solo,@75,S-IoU,0,0,1771,0.0,0.0,0.0,0.0,0.0
seg_smoke_test_by_region,field_work,btm_forest_ensemble_uniform,@50,IoU,0,0,1771,0.0,0.0,0.0,0.0,0.0
seg_smoke_test_by_region,field_work,btm_forest_ensemble_uniform,@50,S-IoU,0,0,1771,0.0,0.0,0.0,0.0,0.0
seg_smoke_test_by_region,field_work,btm_forest_ensemble_uniform,@75,IoU,0,0,1771,0.0,0.0,0.0,0.0,0.0
seg_smoke_test_by_region,field_work,btm_forest_ensemble_uniform,@75,S-IoU,0,0,1771,0.0,0.0,0.0,0.0,0.0
seg_smoke_test_by_region,field_work,btm_forest_ensemble_weighted,@50,IoU,0,0,1771,0.0,0.0,0.0,0.0,0.0
seg_smoke_test_by_region,field_work,btm_forest_ensemble_weighted,@50,S-IoU,0,0,1771,0.0,0.0,0.0,0.0,0.0
seg_smoke_test_by_region,field_work,btm_forest_ensemble_weighted,@75,IoU,0,0,1771,0.0,0.0,0.0,0.0,0.0
seg_smoke_test_by_region,field_work,btm_forest_ensemble_weighted,@75,S-IoU,0,0,1771,0.0,0.0,0.0,0.0,0.0
seg_smoke_test_by_region,field_work,btm_forest_soup,@50,IoU,0,0,1771,0.0,0.0,0.0,0.0,0.0
seg_smoke_test_by_region,field_work,btm_forest_soup,@50,S-IoU,0,0,1771,0.0,0.0,0.0,0.0,0.0
seg_smoke_test_by_region,field_work,btm_forest_soup,@75,IoU,0,0,1771,0.0,0.0,0.0,0.0,0.0
seg_smoke_test_by_region,field_work,btm_forest_soup,@75,S-IoU,0,0,1771,0.0,0.0,0.0,0.0,0.0
seg_smoke_test_by_region,field_work,random_ensemble,@50,IoU,0,0,1771,0.0,0.0,0.0,0.0,0.0
seg_smoke_test_by_region,field_work,random_ensemble,@50,S-IoU,0,0,1771,0.0,0.0,0.0,0.0,0.0
seg_smoke_test_by_region,field_work,random_ensemble,@75,IoU,0,0,1771,0.0,0.0,0.0,0.0,0.0
seg_smoke_test_by_region,field_work,random_ensemble,@75,S-IoU,0,0,1771,0.0,0.0,0.0,0.0,0.0
seg_smoke_test_by_size,test,dense_baseline,@50,IoU,31,0,659,100.0,4.492753623188406,8.599167822468793,0.04492753623188406,0.035810139410358925
seg_smoke_test_by_size,test,dense_baseline,@50,S-IoU,31,0,659,100.0,4.492753623188406,8.599167822468793,0.04492753623188406,0.035810139410358925
seg_smoke_test_by_size,test,dense_baseline,@75,IoU,30,1,660,96.7741935483871,4.3478260869565215,8.321775312066574,0.04492753623188406,0.035810139410358925
seg_smoke_test_by_size,test,dense_baseline,@75,S-IoU,28,3,659,90.32258064516128,4.075691411935954,7.7994428969359335,0.04492753623188406,0.035810139410358925
seg_smoke_test_by_size,test,expert_E_small_solo,@50,IoU,0,0,690,0.0,0.0,0.0,0.0,0.0
seg_smoke_test_by_size,test,expert_E_small_solo,@50,S-IoU,0,0,690,0.0,0.0,0.0,0.0,0.0
seg_smoke_test_by_size,test,expert_E_small_solo,@75,IoU,0,0,690,0.0,0.0,0.0,0.0,0.0
seg_smoke_test_by_size,test,expert_E_small_solo,@75,S-IoU,0,0,690,0.0,0.0,0.0,0.0,0.0
seg_smoke_test_by_size,test,expert_E_medium_solo,@50,IoU,1,656,689,0.15220700152207,0.14492753623188406,0.14847809948032667,3.7545993842457013e-06,3.754599384245701e-07
seg_smoke_test_by_size,test,expert_E_medium_solo,@50,S-IoU,1,656,686,0.15220700152207,0.1455604075691412,0.14880952380952384,3.7545993842457013e-06,3.754599384245701e-07
seg_smoke_test_by_size,test,expert_E_medium_solo,@75,IoU,0,657,690,0.0,0.0,0.0,3.7545993842457013e-06,3.754599384245701e-07
seg_smoke_test_by_size,test,expert_E_medium_solo,@75,S-IoU,1,656,687,0.15220700152207,0.14534883720930233,0.14869888475836432,3.7545993842457013e-06,3.754599384245701e-07
seg_smoke_test_by_size,test,expert_E_large_solo,@50,IoU,0,0,690,0.0,0.0,0.0,0.0,0.0
seg_smoke_test_by_size,test,expert_E_large_solo,@50,S-IoU,0,0,690,0.0,0.0,0.0,0.0,0.0
seg_smoke_test_by_size,test,expert_E_large_solo,@75,IoU,0,0,690,0.0,0.0,0.0,0.0,0.0
seg_smoke_test_by_size,test,expert_E_large_solo,@75,S-IoU,0,0,690,0.0,0.0,0.0,0.0,0.0
seg_smoke_test_by_size,test,btm_forest_ensemble_uniform,@50,IoU,1,656,689,0.15220700152207,0.14492753623188406,0.14847809948032667,3.7545993842457013e-06,3.754599384245701e-07
seg_smoke_test_by_size,test,btm_forest_ensemble_uniform,@50,S-IoU,1,656,686,0.15220700152207,0.1455604075691412,0.14880952380952384,3.7545993842457013e-06,3.754599384245701e-07
seg_smoke_test_by_size,test,btm_forest_ensemble_uniform,@75,IoU,0,657,690,0.0,0.0,0.0,3.7545993842457013e-06,3.754599384245701e-07
seg_smoke_test_by_size,test,btm_forest_ensemble_uniform,@75,S-IoU,1,656,687,0.15220700152207,0.14534883720930233,0.14869888475836432,3.7545993842457013e-06,3.754599384245701e-07
seg_smoke_test_by_size,test,btm_forest_ensemble_weighted,@50,IoU,1,656,689,0.15220700152207,0.14492753623188406,0.14847809948032667,3.7545993842457013e-06,3.754599384245701e-07
seg_smoke_test_by_size,test,btm_forest_ensemble_weighted,@50,S-IoU,1,656,686,0.15220700152207,0.1455604075691412,0.14880952380952384,3.7545993842457013e-06,3.754599384245701e-07
seg_smoke_test_by_size,test,btm_forest_ensemble_weighted,@75,IoU,0,657,690,0.0,0.0,0.0,3.7545993842457013e-06,3.754599384245701e-07
seg_smoke_test_by_size,test,btm_forest_ensemble_weighted,@75,S-IoU,1,656,687,0.15220700152207,0.14534883720930233,0.14869888475836432,3.7545993842457013e-06,3.754599384245701e-07
seg_smoke_test_by_size,test,btm_forest_soup,@50,IoU,0,0,690,0.0,0.0,0.0,0.0,0.0
seg_smoke_test_by_size,test,btm_forest_soup,@50,S-IoU,0,0,690,0.0,0.0,0.0,0.0,0.0
seg_smoke_test_by_size,test,btm_forest_soup,@75,IoU,0,0,690,0.0,0.0,0.0,0.0,0.0
seg_smoke_test_by_size,test,btm_forest_soup,@75,S-IoU,0,0,690,0.0,0.0,0.0,0.0,0.0
seg_smoke_test_by_size,test,random_ensemble,@50,IoU,0,81,690,0.0,0.0,0.0,0.0,0.0
seg_smoke_test_by_size,test,random_ensemble,@50,S-IoU,0,81,690,0.0,0.0,0.0,0.0,0.0
seg_smoke_test_by_size,test,random_ensemble,@75,IoU,0,81,690,0.0,0.0,0.0,0.0,0.0
seg_smoke_test_by_size,test,random_ensemble,@75,S-IoU,0,81,690,0.0,0.0,0.0,0.0,0.0
seg_smoke_test_by_size,field_work,dense_baseline,@50,IoU,39,15,1732,72.22222222222221,2.20214568040655,4.273972602739725,0.01812546889638596,0.012422458464392234
seg_smoke_test_by_size,field_work,dense_baseline,@50,S-IoU,45,9,1709,83.33333333333334,2.565564424173318,4.977876106194691,0.01812546889638596,0.012422458464392234
seg_smoke_test_by_size,field_work,dense_baseline,@75,IoU,35,19,1736,64.81481481481481,1.9762845849802373,3.8356164383561646,0.01812546889638596,0.012422458464392234
seg_smoke_test_by_size,field_work,dense_baseline,@75,S-IoU,37,17,1711,68.51851851851852,2.116704805491991,4.1065482796892345,0.01812546889638596,0.012422458464392234
seg_smoke_test_by_size,field_work,expert_E_small_solo,@50,IoU,0,0,1771,0.0,0.0,0.0,0.0,0.0
seg_smoke_test_by_size,field_work,expert_E_small_solo,@50,S-IoU,0,0,1771,0.0,0.0,0.0,0.0,0.0
seg_smoke_test_by_size,field_work,expert_E_small_solo,@75,IoU,0,0,1771,0.0,0.0,0.0,0.0,0.0
seg_smoke_test_by_size,field_work,expert_E_small_solo,@75,S-IoU,0,0,1771,0.0,0.0,0.0,0.0,0.0
seg_smoke_test_by_size,field_work,expert_E_medium_solo,@50,IoU,0,650,1771,0.0,0.0,0.0,0.0,0.0
seg_smoke_test_by_size,field_work,expert_E_medium_solo,@50,S-IoU,0,650,1768,0.0,0.0,0.0,0.0,0.0
seg_smoke_test_by_size,field_work,expert_E_medium_solo,@75,IoU,0,650,1771,0.0,0.0,0.0,0.0,0.0
seg_smoke_test_by_size,field_work,expert_E_medium_solo,@75,S-IoU,0,650,1770,0.0,0.0,0.0,0.0,0.0
seg_smoke_test_by_size,field_work,expert_E_large_solo,@50,IoU,0,2,1771,0.0,0.0,0.0,0.0,0.0
seg_smoke_test_by_size,field_work,expert_E_large_solo,@50,S-IoU,0,2,1771,0.0,0.0,0.0,0.0,0.0
seg_smoke_test_by_size,field_work,expert_E_large_solo,@75,IoU,0,2,1771,0.0,0.0,0.0,0.0,0.0
seg_smoke_test_by_size,field_work,expert_E_large_solo,@75,S-IoU,0,2,1771,0.0,0.0,0.0,0.0,0.0
seg_smoke_test_by_size,field_work,btm_forest_ensemble_uniform,@50,IoU,0,652,1771,0.0,0.0,0.0,0.0,0.0
seg_smoke_test_by_size,field_work,btm_forest_ensemble_uniform,@50,S-IoU,0,652,1768,0.0,0.0,0.0,0.0,0.0
seg_smoke_test_by_size,field_work,btm_forest_ensemble_uniform,@75,IoU,0,652,1771,0.0,0.0,0.0,0.0,0.0
seg_smoke_test_by_size,field_work,btm_forest_ensemble_uniform,@75,S-IoU,0,652,1770,0.0,0.0,0.0,0.0,0.0
seg_smoke_test_by_size,field_work,btm_forest_ensemble_weighted,@50,IoU,0,652,1771,0.0,0.0,0.0,0.0,0.0
seg_smoke_test_by_size,field_work,btm_forest_ensemble_weighted,@50,S-IoU,0,652,1768,0.0,0.0,0.0,0.0,0.0
seg_smoke_test_by_size,field_work,btm_forest_ensemble_weighted,@75,IoU,0,652,1771,0.0,0.0,0.0,0.0,0.0
seg_smoke_test_by_size,field_work,btm_forest_ensemble_weighted,@75,S-IoU,0,652,1770,0.0,0.0,0.0,0.0,0.0
seg_smoke_test_by_size,field_work,btm_forest_soup,@50,IoU,0,0,1771,0.0,0.0,0.0,0.0,0.0
seg_smoke_test_by_size,field_work,btm_forest_soup,@50,S-IoU,0,0,1771,0.0,0.0,0.0,0.0,0.0
seg_smoke_test_by_size,field_work,btm_forest_soup,@75,IoU,0,0,1771,0.0,0.0,0.0,0.0,0.0
seg_smoke_test_by_size,field_work,btm_forest_soup,@75,S-IoU,0,0,1771,0.0,0.0,0.0,0.0,0.0
seg_smoke_test_by_size,field_work,random_ensemble,@50,IoU,0,102,1771,0.0,0.0,0.0,0.0,0.0
seg_smoke_test_by_size,field_work,random_ensemble,@50,S-IoU,2,100,1769,1.9607843137254901,0.1129305477131564,0.21356113187399892,0.0,0.0
seg_smoke_test_by_size,field_work,random_ensemble,@75,IoU,0,102,1771,0.0,0.0,0.0,0.0,0.0
seg_smoke_test_by_size,field_work,random_ensemble,@75,S-IoU,2,100,1769,1.9607843137254901,0.1129305477131564,0.21356113187399892,0.0,0.0
smoke_test_heterogeneous,test,dense_baseline,@50,IoU,7,0,683,100.0,1.0144927536231882,2.008608321377331,0.010144927536231883,0.008712215320910972
smoke_test_heterogeneous,test,dense_baseline,@50,S-IoU,7,0,683,100.0,1.0144927536231882,2.008608321377331,0.010144927536231883,0.008712215320910972
smoke_test_heterogeneous,test,dense_baseline,@75,IoU,7,0,683,100.0,1.0144927536231882,2.008608321377331,0.010144927536231883,0.008712215320910972
smoke_test_heterogeneous,test,dense_baseline,@75,S-IoU,6,1,683,85.71428571428571,0.8708272859216255,1.7241379310344827,0.010144927536231883,0.008712215320910972
smoke_test_heterogeneous,test,expert_E1_scale_solo,@50,IoU,0,1,690,0.0,0.0,0.0,0.0,0.0
smoke_test_heterogeneous,test,expert_E1_scale_solo,@50,S-IoU,0,1,690,0.0,0.0,0.0,0.0,0.0
smoke_test_heterogeneous,test,expert_E1_scale_solo,@75,IoU,0,1,690,0.0,0.0,0.0,0.0,0.0
smoke_test_heterogeneous,test,expert_E1_scale_solo,@75,S-IoU,0,1,690,0.0,0.0,0.0,0.0,0.0
smoke_test_heterogeneous,test,expert_E2_illum_solo,@50,IoU,0,4,690,0.0,0.0,0.0,0.0,0.0
smoke_test_heterogeneous,test,expert_E2_illum_solo,@50,S-IoU,4,0,660,100.0,0.6024096385542169,1.1976047904191616,0.0,0.0
smoke_test_heterogeneous,test,expert_E2_illum_solo,@75,IoU,0,4,690,0.0,0.0,0.0,0.0,0.0
smoke_test_heterogeneous,test,expert_E2_illum_solo,@75,S-IoU,2,2,663,50.0,0.30075187969924816,0.5979073243647235,0.0,0.0
smoke_test_heterogeneous,test,expert_E3_geom_solo,@50,IoU,26,3878,664,0.665983606557377,3.768115942028986,1.1319111885067479,0.0010914456629259606,0.00020056605531819605
smoke_test_heterogeneous,test,expert_E3_geom_solo,@50,S-IoU,1273,2631,29,32.607581967213115,97.7726574500768,48.9051094890511,0.0010914456629259606,0.00020056605531819605
smoke_test_heterogeneous,test,expert_E3_geom_solo,@75,IoU,0,3904,690,0.0,0.0,0.0,0.0010914456629259606,0.00020056605531819605
smoke_test_heterogeneous,test,expert_E3_geom_solo,@75,S-IoU,764,3140,49,19.56967213114754,93.9729397293973,32.3934704261183,0.0010914456629259606,0.00020056605531819605
smoke_test_heterogeneous,test,btm_forest_ensemble_uniform,@50,IoU,26,3882,664,0.6653019447287616,3.768115942028986,1.1309264897781646,0.0021616031908644,0.0003396316194364718
smoke_test_heterogeneous,test,btm_forest_ensemble_uniform,@50,S-IoU,1276,2632,29,32.650972364380756,97.77777777777777,48.95453673508536,0.0021616031908644,0.0003396316194364718
smoke_test_heterogeneous,test,btm_forest_ensemble_uniform,@75,IoU,0,3908,690,0.0,0.0,0.0,0.0021616031908644,0.0003396316194364718
smoke_test_heterogeneous,test,btm_forest_ensemble_uniform,@75,S-IoU,765,3143,48,19.57523029682702,94.0959409594096,32.408388053378516,0.0021616031908644,0.0003396316194364718
smoke_test_heterogeneous,test,btm_forest_ensemble_weighted,@50,IoU,26,3883,664,0.6651317472499361,3.768115942028986,1.1306805827353772,0.001866064047727203,0.000307362090230536
smoke_test_heterogeneous,test,btm_forest_ensemble_weighted,@50,S-IoU,1277,2632,29,32.6682015860834,97.77947932618683,48.97411313518696,0.001866064047727203,0.000307362090230536
smoke_test_heterogeneous,test,btm_forest_ensemble_weighted,@75,IoU,0,3909,690,0.0,0.0,0.0,0.001866064047727203,0.000307362090230536
smoke_test_heterogeneous,test,btm_forest_ensemble_weighted,@75,S-IoU,766,3143,48,19.59580455359427,94.1031941031941,32.437010374761805,0.001866064047727203,0.000307362090230536
smoke_test_heterogeneous,test,random_ensemble,@50,IoU,54,84,636,39.130434782608695,7.82608695652174,13.043478260869568,0.037609905331075416,0.017540961813918267
smoke_test_heterogeneous,test,random_ensemble,@50,S-IoU,103,35,395,74.63768115942028,20.682730923694777,32.38993710691824,0.037609905331075416,0.017540961813918267
smoke_test_heterogeneous,test,random_ensemble,@75,IoU,22,116,668,15.942028985507244,3.1884057971014492,5.314009661835748,0.037609905331075416,0.017540961813918267
smoke_test_heterogeneous,test,random_ensemble,@75,S-IoU,75,63,417,54.347826086956516,15.24390243902439,23.809523809523807,0.037609905331075416,0.017540961813918267
smoke_test_heterogeneous,field_work,dense_baseline,@50,IoU,9,0,1762,100.0,0.5081874647092038,1.0112359550561798,0.005081874647092038,0.003943830496625528
smoke_test_heterogeneous,field_work,dense_baseline,@50,S-IoU,9,0,1762,100.0,0.5081874647092038,1.0112359550561798,0.005081874647092038,0.003943830496625528
smoke_test_heterogeneous,field_work,dense_baseline,@75,IoU,9,0,1762,100.0,0.5081874647092038,1.0112359550561798,0.005081874647092038,0.003943830496625528
smoke_test_heterogeneous,field_work,dense_baseline,@75,S-IoU,7,2,1762,77.77777777777779,0.395703787450537,0.7874015748031494,0.005081874647092038,0.003943830496625528
smoke_test_heterogeneous,field_work,expert_E1_scale_solo,@50,IoU,0,17,1771,0.0,0.0,0.0,0.0,0.0
smoke_test_heterogeneous,field_work,expert_E1_scale_solo,@50,S-IoU,0,17,1771,0.0,0.0,0.0,0.0,0.0
smoke_test_heterogeneous,field_work,expert_E1_scale_solo,@75,IoU,0,17,1771,0.0,0.0,0.0,0.0,0.0
smoke_test_heterogeneous,field_work,expert_E1_scale_solo,@75,S-IoU,0,17,1771,0.0,0.0,0.0,0.0,0.0
smoke_test_heterogeneous,field_work,expert_E2_illum_solo,@50,IoU,0,2,1771,0.0,0.0,0.0,0.0,0.0
smoke_test_heterogeneous,field_work,expert_E2_illum_solo,@50,S-IoU,1,1,1766,50.0,0.056593095642331635,0.11305822498586773,0.0,0.0
smoke_test_heterogeneous,field_work,expert_E2_illum_solo,@75,IoU,0,2,1771,0.0,0.0,0.0,0.0,0.0
smoke_test_heterogeneous,field_work,expert_E2_illum_solo,@75,S-IoU,1,1,1766,50.0,0.056593095642331635,0.11305822498586773,0.0,0.0
smoke_test_heterogeneous,field_work,expert_E3_geom_solo,@50,IoU,39,4639,1732,0.8336896109448482,2.20214568040655,1.2094898433865713,0.0003448887075157998,6.898748454949583e-05
smoke_test_heterogeneous,field_work,expert_E3_geom_solo,@50,S-IoU,1749,2929,150,37.38777255237281,92.10110584518168,53.18534286148701,0.0003448887075157998,6.898748454949583e-05
smoke_test_heterogeneous,field_work,expert_E3_geom_solo,@75,IoU,6,4672,1765,0.12825994014536127,0.33879164313946925,0.18607536052101104,0.0003448887075157998,6.898748454949583e-05
smoke_test_heterogeneous,field_work,expert_E3_geom_solo,@75,S-IoU,946,3732,199,20.222317229585293,82.62008733624454,32.49184269277005,0.0003448887075157998,6.898748454949583e-05
smoke_test_heterogeneous,field_work,btm_forest_ensemble_uniform,@50,IoU,39,4656,1732,0.8306709265175719,2.20214568040655,1.2063099288586452,0.0002978960186388926,7.261330843430466e-05
smoke_test_heterogeneous,field_work,btm_forest_ensemble_uniform,@50,S-IoU,1750,2945,150,37.273695420660275,92.10526315789474,53.070507960576194,0.0002978960186388926,7.261330843430466e-05
smoke_test_heterogeneous,field_work,btm_forest_ensemble_uniform,@75,IoU,6,4689,1765,0.12779552715654952,0.33879164313946925,0.18558614290133005,0.0002978960186388926,7.261330843430466e-05
smoke_test_heterogeneous,field_work,btm_forest_ensemble_uniform,@75,S-IoU,947,3748,199,20.170394036208734,82.63525305410123,32.42595445985276,0.0002978960186388926,7.261330843430466e-05
smoke_test_heterogeneous,field_work,btm_forest_ensemble_weighted,@50,IoU,39,4656,1732,0.8306709265175719,2.20214568040655,1.2063099288586452,0.0002824843406023451,6.505211208075487e-05
smoke_test_heterogeneous,field_work,btm_forest_ensemble_weighted,@50,S-IoU,1750,2945,150,37.273695420660275,92.10526315789474,53.070507960576194,0.0002824843406023451,6.505211208075487e-05
smoke_test_heterogeneous,field_work,btm_forest_ensemble_weighted,@75,IoU,6,4689,1765,0.12779552715654952,0.33879164313946925,0.18558614290133005,0.0002824843406023451,6.505211208075487e-05
smoke_test_heterogeneous,field_work,btm_forest_ensemble_weighted,@75,S-IoU,947,3748,199,20.170394036208734,82.63525305410123,32.42595445985276,0.0002824843406023451,6.505211208075487e-05
smoke_test_heterogeneous,field_work,random_ensemble,@50,IoU,56,128,1715,30.434782608695656,3.1620553359683794,5.728900255754476,0.01098215177893713,0.004357191410092251
smoke_test_heterogeneous,field_work,random_ensemble,@50,S-IoU,137,47,1077,74.45652173913044,11.28500823723229,19.59942775393419,0.01098215177893713,0.004357191410092251
smoke_test_heterogeneous,field_work,random_ensemble,@75,IoU,17,167,1754,9.239130434782608,0.9599096555618294,1.7391304347826086,0.01098215177893713,0.004357191410092251
smoke_test_heterogeneous,field_work,random_ensemble,@75,S-IoU,105,79,1116,57.065217391304344,8.5995085995086,14.946619217081853,0.01098215177893713,0.004357191410092251
