experiment,split,mechanism,overlap,score_thr,metric,TP,FP,FN,precision,recall,f1
juniperus_seg_heterogeneous_20260905_111758,field_work,btm_forest_ensemble_weighted,50,0.02,IoU,1278,609,493,67.72655007949126,72.16261998870695,69.87424822307271
juniperus_seg_heterogeneous_20260905_111758,field_work,btm_forest_ensemble_weighted,50,0.02,S-IoU,1493,394,279,79.1202967673556,84.25507900677201,81.6069964471167
juniperus_seg_heterogeneous_20260905_111758,field_work,btm_forest_ensemble_weighted,50,0.05,IoU,1278,609,493,67.72655007949126,72.16261998870695,69.87424822307271
juniperus_seg_heterogeneous_20260905_111758,field_work,btm_forest_ensemble_weighted,50,0.05,S-IoU,1493,394,279,79.1202967673556,84.25507900677201,81.6069964471167
juniperus_seg_heterogeneous_20260905_111758,field_work,btm_forest_ensemble_weighted,50,0.08,IoU,1278,609,493,67.72655007949126,72.16261998870695,69.87424822307271
juniperus_seg_heterogeneous_20260905_111758,field_work,btm_forest_ensemble_weighted,50,0.08,S-IoU,1493,394,279,79.1202967673556,84.25507900677201,81.6069964471167
juniperus_seg_heterogeneous_20260905_111758,field_work,btm_forest_ensemble_weighted,50,0.1,IoU,1254,499,517,71.53451226468911,70.80745341614907,71.16912599318955
juniperus_seg_heterogeneous_20260905_111758,field_work,btm_forest_ensemble_weighted,50,0.1,S-IoU,1425,328,301,81.28921848260126,82.56083429895713,81.92009198045417
juniperus_seg_heterogeneous_20260905_111758,field_work,btm_forest_ensemble_weighted,50,0.12,IoU,1207,389,564,75.62656641604009,68.15358554488989,71.69587169587169
juniperus_seg_heterogeneous_20260905_111758,field_work,btm_forest_ensemble_weighted,50,0.12,S-IoU,1336,260,338,83.70927318295739,79.80884109916367,81.71253822629969
juniperus_seg_heterogeneous_20260905_111758,field_work,btm_forest_ensemble_weighted,50,0.15,IoU,1140,269,631,80.90844570617459,64.37041219649915,71.69811320754718
juniperus_seg_heterogeneous_20260905_111758,field_work,btm_forest_ensemble_weighted,50,0.15,S-IoU,1225,184,402,86.94109297374024,75.2919483712354,80.69828722002636
juniperus_seg_heterogeneous_20260905_111758,field_work,btm_forest_ensemble_weighted,50,0.18,IoU,1051,195,720,84.34991974317818,59.34500282326369,69.67185946304276
juniperus_seg_heterogeneous_20260905_111758,field_work,btm_forest_ensemble_weighted,50,0.18,S-IoU,1110,136,501,89.08507223113965,68.90130353817506,77.70388519425973
juniperus_seg_heterogeneous_20260905_111758,field_work,btm_forest_ensemble_weighted,50,0.2,IoU,968,148,803,86.73835125448028,54.6583850931677,67.05923103567717
juniperus_seg_heterogeneous_20260905_111758,field_work,btm_forest_ensemble_weighted,50,0.2,S-IoU,1012,104,601,90.68100358422939,62.740235585864845,74.16636130450713
juniperus_seg_heterogeneous_20260905_111758,field_work,btm_forest_ensemble_weighted,50,0.25,IoU,699,57,1072,92.46031746031747,39.46922642574817,55.32251681836169
juniperus_seg_heterogeneous_20260905_111758,field_work,btm_forest_ensemble_weighted,50,0.25,S-IoU,711,45,942,94.04761904761905,43.01270417422868,59.02864259028643
juniperus_seg_heterogeneous_20260905_111758,field_work,btm_forest_ensemble_weighted,50,0.3,IoU,163,5,1608,97.02380952380952,9.203839638622249,16.812790097988657
juniperus_seg_heterogeneous_20260905_111758,field_work,btm_forest_ensemble_weighted,50,0.3,S-IoU,167,1,1581,99.40476190476191,9.553775743707094,17.4321503131524
juniperus_seg_heterogeneous_20260905_111758,field_work,btm_forest_ensemble_weighted,50,0.35,IoU,0,0,1771,0.0,0.0,0.0
juniperus_seg_heterogeneous_20260905_111758,field_work,btm_forest_ensemble_weighted,50,0.35,S-IoU,0,0,1771,0.0,0.0,0.0
juniperus_seg_heterogeneous_20260905_111758,field_work,btm_forest_ensemble_weighted,50,0.4,IoU,0,0,1771,0.0,0.0,0.0
juniperus_seg_heterogeneous_20260905_111758,field_work,btm_forest_ensemble_weighted,50,0.4,S-IoU,0,0,1771,0.0,0.0,0.0
juniperus_seg_heterogeneous_20260905_111758,field_work,btm_forest_ensemble_weighted,50,0.45,IoU,0,0,1771,0.0,0.0,0.0
juniperus_seg_heterogeneous_20260905_111758,field_work,btm_forest_ensemble_weighted,50,0.45,S-IoU,0,0,1771,0.0,0.0,0.0
juniperus_seg_heterogeneous_20260905_111758,field_work,btm_forest_ensemble_weighted,50,0.5,IoU,0,0,1771,0.0,0.0,0.0
juniperus_seg_heterogeneous_20260905_111758,field_work,btm_forest_ensemble_weighted,50,0.5,S-IoU,0,0,1771,0.0,0.0,0.0
juniperus_seg_heterogeneous_20260905_111758,field_work,btm_forest_ensemble_weighted,50,0.55,IoU,0,0,1771,0.0,0.0,0.0
juniperus_seg_heterogeneous_20260905_111758,field_work,btm_forest_ensemble_weighted,50,0.55,S-IoU,0,0,1771,0.0,0.0,0.0
juniperus_seg_heterogeneous_20260905_111758,field_work,btm_forest_ensemble_weighted,50,0.6,IoU,0,0,1771,0.0,0.0,0.0
juniperus_seg_heterogeneous_20260905_111758,field_work,btm_forest_ensemble_weighted,50,0.6,S-IoU,0,0,1771,0.0,0.0,0.0
juniperus_seg_heterogeneous_20260905_111758,field_work,btm_forest_ensemble_weighted,50,0.7,IoU,0,0,1771,0.0,0.0,0.0
juniperus_seg_heterogeneous_20260905_111758,field_work,btm_forest_ensemble_weighted,50,0.7,S-IoU,0,0,1771,0.0,0.0,0.0
juniperus_seg_heterogeneous_20260905_111758,field_work,btm_forest_ensemble_weighted,50,0.8,IoU,0,0,1771,0.0,0.0,0.0
juniperus_seg_heterogeneous_20260905_111758,field_work,btm_forest_ensemble_weighted,50,0.8,S-IoU,0,0,1771,0.0,0.0,0.0
juniperus_seg_heterogeneous_20260905_111758,field_work,btm_forest_ensemble_weighted,50,0.9,IoU,0,0,1771,0.0,0.0,0.0
juniperus_seg_heterogeneous_20260905_111758,field_work,btm_forest_ensemble_weighted,50,0.9,S-IoU,0,0,1771,0.0,0.0,0.0
juniperus_seg_heterogeneous_20260905_111758,field_work,btm_forest_ensemble_weighted,75,0.02,IoU,703,1184,1068,37.254901960784316,39.69508752117448,38.43630399125205
juniperus_seg_heterogeneous_20260905_111758,field_work,btm_forest_ensemble_weighted,75,0.02,S-IoU,1215,672,350,64.3879173290938,77.63578274760383,70.39397450753187
juniperus_seg_heterogeneous_20260905_111758,field_work,btm_forest_ensemble_weighted,75,0.05,IoU,703,1184,1068,37.254901960784316,39.69508752117448,38.43630399125205
juniperus_seg_heterogeneous_20260905_111758,field_work,btm_forest_ensemble_weighted,75,0.05,S-IoU,1215,672,350,64.3879173290938,77.63578274760383,70.39397450753187
juniperus_seg_heterogeneous_20260905_111758,field_work,btm_forest_ensemble_weighted,75,0.08,IoU,703,1184,1068,37.254901960784316,39.69508752117448,38.43630399125205
juniperus_seg_heterogeneous_20260905_111758,field_work,btm_forest_ensemble_weighted,75,0.08,S-IoU,1215,672,350,64.3879173290938,77.63578274760383,70.39397450753187
juniperus_seg_heterogeneous_20260905_111758,field_work,btm_forest_ensemble_weighted,75,0.1,IoU,697,1056,1074,39.76041072447234,39.356295878035006,39.55732122587969
juniperus_seg_heterogeneous_20260905_111758,field_work,btm_forest_ensemble_weighted,75,0.1,S-IoU,1179,574,371,67.2561323445522,76.06451612903226,71.38964577656677
juniperus_seg_heterogeneous_20260905_111758,field_work,btm_forest_ensemble_weighted,75,0.12,IoU,680,916,1091,42.606516290726816,38.396386222473176,40.39204039204039
juniperus_seg_heterogeneous_20260905_111758,field_work,btm_forest_ensemble_weighted,75,0.12,S-IoU,1127,469,407,70.6140350877193,73.46805736636244,72.01277955271564
juniperus_seg_heterogeneous_20260905_111758,field_work,btm_forest_ensemble_weighted,75,0.15,IoU,657,752,1114,46.628814762242726,37.09768492377188,41.320754716981135
juniperus_seg_heterogeneous_20260905_111758,field_work,btm_forest_ensemble_weighted,75,0.15,S-IoU,1056,353,470,74.94677075940383,69.20052424639582,71.95911413969337
juniperus_seg_heterogeneous_20260905_111758,field_work,btm_forest_ensemble_weighted,75,0.18,IoU,630,616,1141,50.56179775280899,35.573122529644266,41.76334106728538
juniperus_seg_heterogeneous_20260905_111758,field_work,btm_forest_ensemble_weighted,75,0.18,S-IoU,973,273,561,78.08988764044943,63.428943937418516,70.0
juniperus_seg_heterogeneous_20260905_111758,field_work,btm_forest_ensemble_weighted,75,0.2,IoU,606,510,1165,54.3010752688172,34.217955957086396,41.981295462417734
juniperus_seg_heterogeneous_20260905_111758,field_work,btm_forest_ensemble_weighted,75,0.2,S-IoU,907,209,652,81.27240143369175,58.1783194355356,67.81308411214953
juniperus_seg_heterogeneous_20260905_111758,field_work,btm_forest_ensemble_weighted,75,0.25,IoU,496,260,1275,65.60846560846561,28.00677583286279,39.25603482390186
juniperus_seg_heterogeneous_20260905_111758,field_work,btm_forest_ensemble_weighted,75,0.25,S-IoU,664,92,968,87.83068783068782,40.68627450980392,55.61139028475712
juniperus_seg_heterogeneous_20260905_111758,field_work,btm_forest_ensemble_weighted,75,0.3,IoU,152,16,1619,90.47619047619048,8.582721626199886,15.678184631253222
juniperus_seg_heterogeneous_20260905_111758,field_work,btm_forest_ensemble_weighted,75,0.3,S-IoU,160,8,1585,95.23809523809523,9.169054441260744,16.727652901202298
juniperus_seg_heterogeneous_20260905_111758,field_work,btm_forest_ensemble_weighted,75,0.35,IoU,0,0,1771,0.0,0.0,0.0
juniperus_seg_heterogeneous_20260905_111758,field_work,btm_forest_ensemble_weighted,75,0.35,S-IoU,0,0,1771,0.0,0.0,0.0
juniperus_seg_heterogeneous_20260905_111758,field_work,btm_forest_ensemble_weighted,75,0.4,IoU,0,0,1771,0.0,0.0,0.0
juniperus_seg_heterogeneous_20260905_111758,field_work,btm_forest_ensemble_weighted,75,0.4,S-IoU,0,0,1771,0.0,0.0,0.0
juniperus_seg_heterogeneous_20260905_111758,field_work,btm_forest_ensemble_weighted,75,0.45,IoU,0,0,1771,0.0,0.0,0.0
juniperus_seg_heterogeneous_20260905_111758,field_work,btm_forest_ensemble_weighted,75,0.45,S-IoU,0,0,1771,0.0,0.0,0.0
juniperus_seg_heterogeneous_20260905_111758,field_work,btm_forest_ensemble_weighted,75,0.5,IoU,0,0,1771,0.0,0.0,0.0
juniperus_seg_heterogeneous_20260905_111758,field_work,btm_forest_ensemble_weighted,75,0.5,S-IoU,0,0,1771,0.0,0.0,0.0
juniperus_seg_heterogeneous_20260905_111758,field_work,btm_forest_ensemble_weighted,75,0.55,IoU,0,0,1771,0.0,0.0,0.0
juniperus_seg_heterogeneous_20260905_111758,field_work,btm_forest_ensemble_weighted,75,0.55,S-IoU,0,0,1771,0.0,0.0,0.0
juniperus_seg_heterogeneous_20260905_111758,field_work,btm_forest_ensemble_weighted,75,0.6,IoU,0,0,1771,0.0,0.0,0.0
juniperus_seg_heterogeneous_20260905_111758,field_work,btm_forest_ensemble_weighted,75,0.6,S-IoU,0,0,1771,0.0,0.0,0.0
juniperus_seg_heterogeneous_20260905_111758,field_work,btm_forest_ensemble_weighted,75,0.7,IoU,0,0,1771,0.0,0.0,0.0
juniperus_seg_heterogeneous_20260905_111758,field_work,btm_forest_ensemble_weighted,75,0.7,S-IoU,0,0,1771,0.0,0.0,0.0
juniperus_seg_heterogeneous_20260905_111758,field_work,btm_forest_ensemble_weighted,75,0.8,IoU,0,0,1771,0.0,0.0,0.0
juniperus_seg_heterogeneous_20260905_111758,field_work,btm_forest_ensemble_weighted,75,0.8,S-IoU,0,0,1771,0.0,0.0,0.0
juniperus_seg_heterogeneous_20260905_111758,field_work,btm_forest_ensemble_weighted,75,0.9,IoU,0,0,1771,0.0,0.0,0.0
juniperus_seg_heterogeneous_20260905_111758,field_work,btm_forest_ensemble_weighted,75,0.9,S-IoU,0,0,1771,0.0,0.0,0.0
juniperus_seg_heterogeneous_20260905_111758,test,btm_forest_ensemble_weighted,50,0.02,IoU,647,290,43,69.05016008537886,93.76811594202898,79.53288260602335
juniperus_seg_heterogeneous_20260905_111758,test,btm_forest_ensemble_weighted,50,0.02,S-IoU,704,233,16,75.1334044823906,97.77777777777777,84.97284248642126
juniperus_seg_heterogeneous_20260905_111758,test,btm_forest_ensemble_weighted,50,0.05,IoU,647,290,43,69.05016008537886,93.76811594202898,79.53288260602335
juniperus_seg_heterogeneous_20260905_111758,test,btm_forest_ensemble_weighted,50,0.05,S-IoU,704,233,16,75.1334044823906,97.77777777777777,84.97284248642126
juniperus_seg_heterogeneous_20260905_111758,test,btm_forest_ensemble_weighted,50,0.08,IoU,647,290,43,69.05016008537886,93.76811594202898,79.53288260602335
juniperus_seg_heterogeneous_20260905_111758,test,btm_forest_ensemble_weighted,50,0.08,S-IoU,704,233,16,75.1334044823906,97.77777777777777,84.97284248642126
juniperus_seg_heterogeneous_20260905_111758,test,btm_forest_ensemble_weighted,50,0.1,IoU,641,246,49,72.26606538895152,92.89855072463769,81.29359543436905
juniperus_seg_heterogeneous_20260905_111758,test,btm_forest_ensemble_weighted,50,0.1,S-IoU,688,199,20,77.56482525366404,97.17514124293785,86.26959247648904
juniperus_seg_heterogeneous_20260905_111758,test,btm_forest_ensemble_weighted,50,0.12,IoU,632,189,58,76.97929354445799,91.59420289855072,83.65320979483786
juniperus_seg_heterogeneous_20260905_111758,test,btm_forest_ensemble_weighted,50,0.12,S-IoU,664,157,23,80.87697929354447,96.65211062590974,88.06366047745358
juniperus_seg_heterogeneous_20260905_111758,test,btm_forest_ensemble_weighted,50,0.15,IoU,615,139,75,81.56498673740053,89.13043478260869,85.18005540166205
juniperus_seg_heterogeneous_20260905_111758,test,btm_forest_ensemble_weighted,50,0.15,S-IoU,636,118,33,84.3501326259947,95.06726457399103,89.3886156008433
juniperus_seg_heterogeneous_20260905_111758,test,btm_forest_ensemble_weighted,50,0.18,IoU,594,93,96,86.46288209606988,86.08695652173914,86.27450980392159
juniperus_seg_heterogeneous_20260905_111758,test,btm_forest_ensemble_weighted,50,0.18,S-IoU,608,79,57,88.50072780203784,91.42857142857143,89.94082840236686
juniperus_seg_heterogeneous_20260905_111758,test,btm_forest_ensemble_weighted,50,0.2,IoU,574,69,116,89.26905132192846,83.18840579710145,86.12153038259565
juniperus_seg_heterogeneous_20260905_111758,test,btm_forest_ensemble_weighted,50,0.2,S-IoU,587,56,79,91.29082426127528,88.13813813813813,89.68678380443085
juniperus_seg_heterogeneous_20260905_111758,test,btm_forest_ensemble_weighted,50,0.25,IoU,475,26,215,94.81037924151696,68.84057971014492,79.7649034424853
juniperus_seg_heterogeneous_20260905_111758,test,btm_forest_ensemble_weighted,50,0.25,S-IoU,482,19,179,96.20758483033931,72.91981845688352,82.960413080895
juniperus_seg_heterogeneous_20260905_111758,test,btm_forest_ensemble_weighted,50,0.3,IoU,170,3,520,98.26589595375722,24.637681159420293,39.39745075318656
juniperus_seg_heterogeneous_20260905_111758,test,btm_forest_ensemble_weighted,50,0.3,S-IoU,168,5,513,97.10982658959537,24.669603524229075,39.344262295081975
juniperus_seg_heterogeneous_20260905_111758,test,btm_forest_ensemble_weighted,50,0.35,IoU,0,0,690,0.0,0.0,0.0
juniperus_seg_heterogeneous_20260905_111758,test,btm_forest_ensemble_weighted,50,0.35,S-IoU,0,0,690,0.0,0.0,0.0
juniperus_seg_heterogeneous_20260905_111758,test,btm_forest_ensemble_weighted,50,0.4,IoU,0,0,690,0.0,0.0,0.0
juniperus_seg_heterogeneous_20260905_111758,test,btm_forest_ensemble_weighted,50,0.4,S-IoU,0,0,690,0.0,0.0,0.0
juniperus_seg_heterogeneous_20260905_111758,test,btm_forest_ensemble_weighted,50,0.45,IoU,0,0,690,0.0,0.0,0.0
juniperus_seg_heterogeneous_20260905_111758,test,btm_forest_ensemble_weighted,50,0.45,S-IoU,0,0,690,0.0,0.0,0.0
juniperus_seg_heterogeneous_20260905_111758,test,btm_forest_ensemble_weighted,50,0.5,IoU,0,0,690,0.0,0.0,0.0
juniperus_seg_heterogeneous_20260905_111758,test,btm_forest_ensemble_weighted,50,0.5,S-IoU,0,0,690,0.0,0.0,0.0
juniperus_seg_heterogeneous_20260905_111758,test,btm_forest_ensemble_weighted,50,0.55,IoU,0,0,690,0.0,0.0,0.0
juniperus_seg_heterogeneous_20260905_111758,test,btm_forest_ensemble_weighted,50,0.55,S-IoU,0,0,690,0.0,0.0,0.0
juniperus_seg_heterogeneous_20260905_111758,test,btm_forest_ensemble_weighted,50,0.6,IoU,0,0,690,0.0,0.0,0.0
juniperus_seg_heterogeneous_20260905_111758,test,btm_forest_ensemble_weighted,50,0.6,S-IoU,0,0,690,0.0,0.0,0.0
juniperus_seg_heterogeneous_20260905_111758,test,btm_forest_ensemble_weighted,50,0.7,IoU,0,0,690,0.0,0.0,0.0
juniperus_seg_heterogeneous_20260905_111758,test,btm_forest_ensemble_weighted,50,0.7,S-IoU,0,0,690,0.0,0.0,0.0
juniperus_seg_heterogeneous_20260905_111758,test,btm_forest_ensemble_weighted,50,0.8,IoU,0,0,690,0.0,0.0,0.0
juniperus_seg_heterogeneous_20260905_111758,test,btm_forest_ensemble_weighted,50,0.8,S-IoU,0,0,690,0.0,0.0,0.0
juniperus_seg_heterogeneous_20260905_111758,test,btm_forest_ensemble_weighted,50,0.9,IoU,0,0,690,0.0,0.0,0.0
juniperus_seg_heterogeneous_20260905_111758,test,btm_forest_ensemble_weighted,50,0.9,S-IoU,0,0,690,0.0,0.0,0.0
juniperus_seg_heterogeneous_20260905_111758,test,btm_forest_ensemble_weighted,75,0.02,IoU,513,424,177,54.749199573105656,74.34782608695653,63.060848186846954
juniperus_seg_heterogeneous_20260905_111758,test,btm_forest_ensemble_weighted,75,0.02,S-IoU,630,307,30,67.2358591248666,95.45454545454545,78.8979336255479
juniperus_seg_heterogeneous_20260905_111758,test,btm_forest_ensemble_weighted,75,0.05,IoU,513,424,177,54.749199573105656,74.34782608695653,63.060848186846954
juniperus_seg_heterogeneous_20260905_111758,test,btm_forest_ensemble_weighted,75,0.05,S-IoU,630,307,30,67.2358591248666,95.45454545454545,78.8979336255479
juniperus_seg_heterogeneous_20260905_111758,test,btm_forest_ensemble_weighted,75,0.08,IoU,513,424,177,54.749199573105656,74.34782608695653,63.060848186846954
juniperus_seg_heterogeneous_20260905_111758,test,btm_forest_ensemble_weighted,75,0.08,S-IoU,630,307,30,67.2358591248666,95.45454545454545,78.8979336255479
juniperus_seg_heterogeneous_20260905_111758,test,btm_forest_ensemble_weighted,75,0.1,IoU,509,378,181,57.384441939120634,73.76811594202898,64.55294863665188
juniperus_seg_heterogeneous_20260905_111758,test,btm_forest_ensemble_weighted,75,0.1,S-IoU,620,267,35,69.89853438556933,94.65648854961832,80.41504539559014
juniperus_seg_heterogeneous_20260905_111758,test,btm_forest_ensemble_weighted,75,0.12,IoU,504,317,186,61.38855054811205,73.04347826086956,66.71078755790867
juniperus_seg_heterogeneous_20260905_111758,test,btm_forest_ensemble_weighted,75,0.12,S-IoU,609,212,37,74.17783191230207,94.27244582043343,83.02658486707567
juniperus_seg_heterogeneous_20260905_111758,test,btm_forest_ensemble_weighted,75,0.15,IoU,495,259,195,65.6498673740053,71.73913043478261,68.5595567867036
juniperus_seg_heterogeneous_20260905_111758,test,btm_forest_ensemble_weighted,75,0.15,S-IoU,590,164,49,78.24933687002653,92.33176838810641,84.70926058865757
juniperus_seg_heterogeneous_20260905_111758,test,btm_forest_ensemble_weighted,75,0.18,IoU,485,202,205,70.59679767103349,70.28985507246377,70.44299201161947
juniperus_seg_heterogeneous_20260905_111758,test,btm_forest_ensemble_weighted,75,0.18,S-IoU,572,115,72,83.26055312954877,88.81987577639751,85.9504132231405
juniperus_seg_heterogeneous_20260905_111758,test,btm_forest_ensemble_weighted,75,0.2,IoU,480,163,210,74.65007776049767,69.56521739130434,72.01800450112529
juniperus_seg_heterogeneous_20260905_111758,test,btm_forest_ensemble_weighted,75,0.2,S-IoU,557,86,90,86.62519440124416,86.08964451313756,86.35658914728681
juniperus_seg_heterogeneous_20260905_111758,test,btm_forest_ensemble_weighted,75,0.25,IoU,421,80,269,84.03193612774452,61.01449275362319,70.69689336691856
juniperus_seg_heterogeneous_20260905_111758,test,btm_forest_ensemble_weighted,75,0.25,S-IoU,461,40,189,92.01596806387225,70.92307692307692,80.10425716768027
juniperus_seg_heterogeneous_20260905_111758,test,btm_forest_ensemble_weighted,75,0.3,IoU,168,5,522,97.10982658959537,24.347826086956523,38.93395133256084
juniperus_seg_heterogeneous_20260905_111758,test,btm_forest_ensemble_weighted,75,0.3,S-IoU,164,9,513,94.79768786127167,24.224519940915805,38.58823529411765
juniperus_seg_heterogeneous_20260905_111758,test,btm_forest_ensemble_weighted,75,0.35,IoU,0,0,690,0.0,0.0,0.0
juniperus_seg_heterogeneous_20260905_111758,test,btm_forest_ensemble_weighted,75,0.35,S-IoU,0,0,690,0.0,0.0,0.0
juniperus_seg_heterogeneous_20260905_111758,test,btm_forest_ensemble_weighted,75,0.4,IoU,0,0,690,0.0,0.0,0.0
juniperus_seg_heterogeneous_20260905_111758,test,btm_forest_ensemble_weighted,75,0.4,S-IoU,0,0,690,0.0,0.0,0.0
juniperus_seg_heterogeneous_20260905_111758,test,btm_forest_ensemble_weighted,75,0.45,IoU,0,0,690,0.0,0.0,0.0
juniperus_seg_heterogeneous_20260905_111758,test,btm_forest_ensemble_weighted,75,0.45,S-IoU,0,0,690,0.0,0.0,0.0
juniperus_seg_heterogeneous_20260905_111758,test,btm_forest_ensemble_weighted,75,0.5,IoU,0,0,690,0.0,0.0,0.0
juniperus_seg_heterogeneous_20260905_111758,test,btm_forest_ensemble_weighted,75,0.5,S-IoU,0,0,690,0.0,0.0,0.0
juniperus_seg_heterogeneous_20260905_111758,test,btm_forest_ensemble_weighted,75,0.55,IoU,0,0,690,0.0,0.0,0.0
juniperus_seg_heterogeneous_20260905_111758,test,btm_forest_ensemble_weighted,75,0.55,S-IoU,0,0,690,0.0,0.0,0.0
juniperus_seg_heterogeneous_20260905_111758,test,btm_forest_ensemble_weighted,75,0.6,IoU,0,0,690,0.0,0.0,0.0
juniperus_seg_heterogeneous_20260905_111758,test,btm_forest_ensemble_weighted,75,0.6,S-IoU,0,0,690,0.0,0.0,0.0
juniperus_seg_heterogeneous_20260905_111758,test,btm_forest_ensemble_weighted,75,0.7,IoU,0,0,690,0.0,0.0,0.0
juniperus_seg_heterogeneous_20260905_111758,test,btm_forest_ensemble_weighted,75,0.7,S-IoU,0,0,690,0.0,0.0,0.0
juniperus_seg_heterogeneous_20260905_111758,test,btm_forest_ensemble_weighted,75,0.8,IoU,0,0,690,0.0,0.0,0.0
juniperus_seg_heterogeneous_20260905_111758,test,btm_forest_ensemble_weighted,75,0.8,S-IoU,0,0,690,0.0,0.0,0.0
juniperus_seg_heterogeneous_20260905_111758,test,btm_forest_ensemble_weighted,75,0.9,IoU,0,0,690,0.0,0.0,0.0
juniperus_seg_heterogeneous_20260905_111758,test,btm_forest_ensemble_weighted,75,0.9,S-IoU,0,0,690,0.0,0.0,0.0
juniperus_seg_homogeneous_20260905_105741,field_work,btm_forest_ensemble_uniform,50,0.02,IoU,1547,5294,224,22.6136529747113,87.35177865612648,35.92661402693915
juniperus_seg_homogeneous_20260905_105741,field_work,btm_forest_ensemble_uniform,50,0.02,S-IoU,2694,4147,60,39.3802075719924,97.82135076252723,56.154247003647725
juniperus_seg_homogeneous_20260905_105741,field_work,btm_forest_ensemble_uniform,50,0.05,IoU,1508,3140,263,32.44406196213425,85.14963297571994,46.985511761956694
juniperus_seg_homogeneous_20260905_105741,field_work,btm_forest_ensemble_uniform,50,0.05,S-IoU,2304,2344,89,49.5697074010327,96.28081905557877,65.44524925436728
juniperus_seg_homogeneous_20260905_105741,field_work,btm_forest_ensemble_uniform,50,0.08,IoU,1476,2323,295,38.85232956041064,83.34274421230943,52.99820466786355
juniperus_seg_homogeneous_20260905_105741,field_work,btm_forest_ensemble_uniform,50,0.08,S-IoU,2102,1697,108,55.33035009212951,95.11312217194569,69.96172408054585
juniperus_seg_homogeneous_20260905_105741,field_work,btm_forest_ensemble_uniform,50,0.1,IoU,1462,1956,309,42.773551784669394,82.55223037831733,56.34997109269608
juniperus_seg_homogeneous_20260905_105741,field_work,btm_forest_ensemble_uniform,50,0.1,S-IoU,2006,1412,123,58.68929198361615,94.2226397369657,72.3273841716243
juniperus_seg_homogeneous_20260905_105741,field_work,btm_forest_ensemble_uniform,50,0.12,IoU,1448,1657,323,46.63446054750403,81.76171654432524,59.3929450369155
juniperus_seg_homogeneous_20260905_105741,field_work,btm_forest_ensemble_uniform,50,0.12,S-IoU,1930,1175,131,62.15780998389694,93.64386220281416,74.71931862175765
juniperus_seg_homogeneous_20260905_105741,field_work,btm_forest_ensemble_uniform,50,0.15,IoU,1427,1394,344,50.58489897199575,80.5759457933371,62.15156794425087
juniperus_seg_homogeneous_20260905_105741,field_work,btm_forest_ensemble_uniform,50,0.15,S-IoU,1851,970,150,65.61503013115917,92.50374812593704,76.77312318540025
juniperus_seg_homogeneous_20260905_105741,field_work,btm_forest_ensemble_uniform,50,0.18,IoU,1396,1179,375,54.21359223300971,78.82552230378317,64.24298205246203
juniperus_seg_homogeneous_20260905_105741,field_work,btm_forest_ensemble_uniform,50,0.18,S-IoU,1773,802,172,68.85436893203884,91.15681233933162,78.45132743362832
juniperus_seg_homogeneous_20260905_105741,field_work,btm_forest_ensemble_uniform,50,0.2,IoU,1380,1068,391,56.372549019607845,77.92207792207793,65.41834557952122
juniperus_seg_homogeneous_20260905_105741,field_work,btm_forest_ensemble_uniform,50,0.2,S-IoU,1724,724,190,70.42483660130719,90.07314524555903,79.04630903255388
juniperus_seg_homogeneous_20260905_105741,field_work,btm_forest_ensemble_uniform,50,0.25,IoU,1337,847,434,61.21794871794872,75.49407114624506,67.61061946902655
juniperus_seg_homogeneous_20260905_105741,field_work,btm_forest_ensemble_uniform,50,0.25,S-IoU,1622,562,226,74.26739926739927,87.77056277056276,80.45634920634922
juniperus_seg_homogeneous_20260905_105741,field_work,btm_forest_ensemble_uniform,50,0.3,IoU,1293,664,478,66.0705160960654,73.00959909655562,69.36695278969958
juniperus_seg_homogeneous_20260905_105741,field_work,btm_forest_ensemble_uniform,50,0.3,S-IoU,1511,446,278,77.2100153295861,84.460592509782,80.6727175654031
juniperus_seg_homogeneous_20260905_105741,field_work,btm_forest_ensemble_uniform,50,0.35,IoU,1252,513,519,70.93484419263456,70.69452286843591,70.81447963800905
juniperus_seg_homogeneous_20260905_105741,field_work,btm_forest_ensemble_uniform,50,0.35,S-IoU,1431,334,326,81.07648725212464,81.44564598747866,81.26064735945485
juniperus_seg_homogeneous_20260905_105741,field_work,btm_forest_ensemble_uniform,50,0.4,IoU,1205,424,566,73.97176181706568,68.04065499717674,70.88235294117648
juniperus_seg_homogeneous_20260905_105741,field_work,btm_forest_ensemble_uniform,50,0.4,S-IoU,1363,266,367,83.67096378146101,78.78612716763006,81.15510568621613
juniperus_seg_homogeneous_20260905_105741,field_work,btm_forest_ensemble_uniform,50,0.45,IoU,1172,335,599,77.77040477770404,66.17730095990966,71.50701647345943
juniperus_seg_homogeneous_20260905_105741,field_work,btm_forest_ensemble_uniform,50,0.45,S-IoU,1295,212,408,85.93231585932315,76.04227833235467,80.68535825545172
juniperus_seg_homogeneous_20260905_105741,field_work,btm_forest_ensemble_uniform,50,0.5,IoU,1125,273,646,80.47210300429185,63.523433088650485,71.00031555695804
juniperus_seg_homogeneous_20260905_105741,field_work,btm_forest_ensemble_uniform,50,0.5,S-IoU,1219,179,454,87.19599427753934,72.86312014345488,79.38782155649625
juniperus_seg_homogeneous_20260905_105741,field_work,btm_forest_ensemble_uniform,50,0.55,IoU,1076,218,695,83.15301391035548,60.75663466967814,70.21207177814028
juniperus_seg_homogeneous_20260905_105741,field_work,btm_forest_ensemble_uniform,50,0.55,S-IoU,1145,149,508,88.4853168469861,69.2679975801573,77.70614183915848
juniperus_seg_homogeneous_20260905_105741,field_work,btm_forest_ensemble_uniform,50,0.6,IoU,1015,169,756,85.72635135135135,57.31225296442688,68.69712351945854
juniperus_seg_homogeneous_20260905_105741,field_work,btm_forest_ensemble_uniform,50,0.6,S-IoU,1064,120,578,89.86486486486487,64.79902557856273,75.30077848549186
juniperus_seg_homogeneous_20260905_105741,field_work,btm_forest_ensemble_uniform,50,0.7,IoU,840,82,931,91.1062906724512,47.43083003952569,62.3839584106944
juniperus_seg_homogeneous_20260905_105741,field_work,btm_forest_ensemble_uniform,50,0.7,S-IoU,852,70,788,92.40780911062907,51.951219512195124,66.5105386416862
juniperus_seg_homogeneous_20260905_105741,field_work,btm_forest_ensemble_uniform,50,0.8,IoU,574,39,1197,93.6378466557912,32.41106719367589,48.15436241610738
juniperus_seg_homogeneous_20260905_105741,field_work,btm_forest_ensemble_uniform,50,0.8,S-IoU,581,32,1094,94.77977161500816,34.6865671641791,50.78671328671328
juniperus_seg_homogeneous_20260905_105741,field_work,btm_forest_ensemble_uniform,50,0.9,IoU,151,4,1620,97.41935483870968,8.526256352343308,15.680166147455868
juniperus_seg_homogeneous_20260905_105741,field_work,btm_forest_ensemble_uniform,50,0.9,S-IoU,154,1,1604,99.35483870967742,8.75995449374289,16.100365917407213
juniperus_seg_homogeneous_20260905_105741,field_work,btm_forest_ensemble_uniform,75,0.02,IoU,751,6090,1020,10.977927203625201,42.40542066629023,17.440780306549
juniperus_seg_homogeneous_20260905_105741,field_work,btm_forest_ensemble_uniform,75,0.02,S-IoU,1765,5076,145,25.800321590410757,92.40837696335078,40.33824705747914
juniperus_seg_homogeneous_20260905_105741,field_work,btm_forest_ensemble_uniform,75,0.05,IoU,738,3910,1033,15.877796901893287,41.67137210615471,22.994235862283844
juniperus_seg_homogeneous_20260905_105741,field_work,btm_forest_ensemble_uniform,75,0.05,S-IoU,1583,3065,181,34.05765920826162,89.73922902494331,49.37616968184654
juniperus_seg_homogeneous_20260905_105741,field_work,btm_forest_ensemble_uniform,75,0.08,IoU,730,3069,1041,19.215583048170572,41.219649915302085,26.211849192100534
juniperus_seg_homogeneous_20260905_105741,field_work,btm_forest_ensemble_uniform,75,0.08,S-IoU,1495,2304,206,39.352461173993156,87.88947677836568,54.36363636363637
juniperus_seg_homogeneous_20260905_105741,field_work,btm_forest_ensemble_uniform,75,0.1,IoU,726,2692,1045,21.240491515506143,40.993788819875775,27.9822701869339
juniperus_seg_homogeneous_20260905_105741,field_work,btm_forest_ensemble_uniform,75,0.1,S-IoU,1450,1968,226,42.422469280280865,86.51551312649165,56.9297212406753
juniperus_seg_homogeneous_20260905_105741,field_work,btm_forest_ensemble_uniform,75,0.12,IoU,725,2380,1046,23.349436392914654,40.9373235460192,29.73748974569319
juniperus_seg_homogeneous_20260905_105741,field_work,btm_forest_ensemble_uniform,75,0.12,S-IoU,1415,1690,239,45.571658615136876,85.55018137847642,59.46627442740072
juniperus_seg_homogeneous_20260905_105741,field_work,btm_forest_ensemble_uniform,75,0.15,IoU,723,2098,1048,25.62920950017724,40.82439299830604,31.489547038327526
juniperus_seg_homogeneous_20260905_105741,field_work,btm_forest_ensemble_uniform,75,0.15,S-IoU,1387,1434,253,49.16696207018788,84.57317073170731,62.18336695808115
juniperus_seg_homogeneous_20260905_105741,field_work,btm_forest_ensemble_uniform,75,0.18,IoU,712,1863,1059,27.650485436893202,40.20327498588368,32.765761619880344
juniperus_seg_homogeneous_20260905_105741,field_work,btm_forest_ensemble_uniform,75,0.18,S-IoU,1345,1230,277,52.23300970873787,82.92231812577066,64.09340004765309
juniperus_seg_homogeneous_20260905_105741,field_work,btm_forest_ensemble_uniform,75,0.2,IoU,708,1740,1063,28.921568627450984,39.97741389045737,33.56245555818914
juniperus_seg_homogeneous_20260905_105741,field_work,btm_forest_ensemble_uniform,75,0.2,S-IoU,1318,1130,291,53.83986928104575,81.91423244251088,64.97411880700025
juniperus_seg_homogeneous_20260905_105741,field_work,btm_forest_ensemble_uniform,75,0.25,IoU,695,1489,1076,31.82234432234432,39.24336533032185,35.145385587863466
juniperus_seg_homogeneous_20260905_105741,field_work,btm_forest_ensemble_uniform,75,0.25,S-IoU,1256,928,324,57.509157509157504,79.49367088607595,66.7375132837407
juniperus_seg_homogeneous_20260905_105741,field_work,btm_forest_ensemble_uniform,75,0.3,IoU,684,1273,1087,34.95145631067961,38.62224731789949,36.69527896995708
juniperus_seg_homogeneous_20260905_105741,field_work,btm_forest_ensemble_uniform,75,0.3,S-IoU,1196,761,368,61.113949923352074,76.47058823529412,67.93524566884408
juniperus_seg_homogeneous_20260905_105741,field_work,btm_forest_ensemble_uniform,75,0.35,IoU,674,1091,1097,38.186968838526916,38.05759457933371,38.12217194570135
juniperus_seg_homogeneous_20260905_105741,field_work,btm_forest_ensemble_uniform,75,0.35,S-IoU,1156,609,412,65.4957507082153,73.72448979591837,69.36693669366937
juniperus_seg_homogeneous_20260905_105741,field_work,btm_forest_ensemble_uniform,75,0.4,IoU,663,966,1108,40.699815837937386,37.436476566911345,38.99999999999999
juniperus_seg_homogeneous_20260905_105741,field_work,btm_forest_ensemble_uniform,75,0.4,S-IoU,1117,512,450,68.56967464702272,71.28270580727505,69.89987484355444
juniperus_seg_homogeneous_20260905_105741,field_work,btm_forest_ensemble_uniform,75,0.45,IoU,651,856,1120,43.19840743198407,36.75889328063241,39.719341061622934
juniperus_seg_homogeneous_20260905_105741,field_work,btm_forest_ensemble_uniform,75,0.45,S-IoU,1080,427,491,71.6655607166556,68.74602164226607,70.17543859649122
juniperus_seg_homogeneous_20260905_105741,field_work,btm_forest_ensemble_uniform,75,0.5,IoU,628,770,1143,44.92131616595136,35.46019198193111,39.63395392868412
juniperus_seg_homogeneous_20260905_105741,field_work,btm_forest_ensemble_uniform,75,0.5,S-IoU,1027,371,531,73.4620886981402,65.91784338896021,69.48579161028418
juniperus_seg_homogeneous_20260905_105741,field_work,btm_forest_ensemble_uniform,75,0.55,IoU,615,679,1156,47.52704791344668,34.7261434217956,40.1305057096248
juniperus_seg_homogeneous_20260905_105741,field_work,btm_forest_ensemble_uniform,75,0.55,S-IoU,974,320,585,75.27047913446677,62.475946119307245,68.27900455660708
juniperus_seg_homogeneous_20260905_105741,field_work,btm_forest_ensemble_uniform,75,0.6,IoU,597,587,1174,50.422297297297305,33.709768492377194,40.40609137055838
juniperus_seg_homogeneous_20260905_105741,field_work,btm_forest_ensemble_uniform,75,0.6,S-IoU,921,263,655,77.78716216216216,58.43908629441624,66.73913043478261
juniperus_seg_homogeneous_20260905_105741,field_work,btm_forest_ensemble_uniform,75,0.7,IoU,541,381,1230,58.6767895878525,30.547713156408808,40.17823988117341
juniperus_seg_homogeneous_20260905_105741,field_work,btm_forest_ensemble_uniform,75,0.7,S-IoU,765,157,835,82.97180043383948,47.8125,60.66613798572562
juniperus_seg_homogeneous_20260905_105741,field_work,btm_forest_ensemble_uniform,75,0.8,IoU,433,180,1338,70.63621533442088,24.44946357989836,36.32550335570469
juniperus_seg_homogeneous_20260905_105741,field_work,btm_forest_ensemble_uniform,75,0.8,S-IoU,538,75,1115,87.76508972267537,32.54688445251059,47.48455428067079
juniperus_seg_homogeneous_20260905_105741,field_work,btm_forest_ensemble_uniform,75,0.9,IoU,141,14,1630,90.96774193548387,7.961603613777527,14.641744548286603
juniperus_seg_homogeneous_20260905_105741,field_work,btm_forest_ensemble_uniform,75,0.9,S-IoU,143,12,1605,92.25806451612904,8.180778032036613,15.028901734104046
juniperus_seg_homogeneous_20260905_105741,field_work,btm_forest_ensemble_weighted,50,0.02,IoU,1494,2833,277,34.52738617980125,84.35911914172783,48.9996720236143
juniperus_seg_homogeneous_20260905_105741,field_work,btm_forest_ensemble_weighted,50,0.02,S-IoU,2226,2101,96,51.444418765888614,95.8656330749354,66.95743720860281
juniperus_seg_homogeneous_20260905_105741,field_work,btm_forest_ensemble_weighted,50,0.05,IoU,1429,1399,342,50.53041018387553,80.68887634105025,62.14394433572515
juniperus_seg_homogeneous_20260905_105741,field_work,btm_forest_ensemble_weighted,50,0.05,S-IoU,1851,977,148,65.45261669024045,92.59629814907454,76.69359850839031
juniperus_seg_homogeneous_20260905_105741,field_work,btm_forest_ensemble_weighted,50,0.08,IoU,1355,894,416,60.24899955535794,76.51044607566347,67.41293532338308
juniperus_seg_homogeneous_20260905_105741,field_work,btm_forest_ensemble_weighted,50,0.08,S-IoU,1656,593,215,73.63272565584704,88.50881881346874,80.38834951456312
juniperus_seg_homogeneous_20260905_105741,field_work,btm_forest_ensemble_weighted,50,0.1,IoU,1300,677,471,65.75619625695498,73.40485601355167,69.37033084311634
juniperus_seg_homogeneous_20260905_105741,field_work,btm_forest_ensemble_weighted,50,0.1,S-IoU,1521,456,268,76.93474962063733,85.01956400223588,80.77535847052577
juniperus_seg_homogeneous_20260905_105741,field_work,btm_forest_ensemble_weighted,50,0.12,IoU,1252,492,519,71.78899082568807,70.69452286843591,71.2375533428165
juniperus_seg_homogeneous_20260905_105741,field_work,btm_forest_ensemble_weighted,50,0.12,S-IoU,1422,322,326,81.53669724770643,81.35011441647598,81.44329896907216
juniperus_seg_homogeneous_20260905_105741,field_work,btm_forest_ensemble_weighted,50,0.15,IoU,1181,342,590,77.54432042022324,66.68548842461885,71.70613236187006
juniperus_seg_homogeneous_20260905_105741,field_work,btm_forest_ensemble_weighted,50,0.15,S-IoU,1305,218,399,85.68614576493762,76.58450704225352,80.88007437248218
juniperus_seg_homogeneous_20260905_105741,field_work,btm_forest_ensemble_weighted,50,0.18,IoU,1097,231,674,82.60542168674698,61.94240542066629,70.79703130041949
juniperus_seg_homogeneous_20260905_105741,field_work,btm_forest_ensemble_weighted,50,0.18,S-IoU,1171,157,489,88.17771084337349,70.54216867469879,78.38018741633199
juniperus_seg_homogeneous_20260905_105741,field_work,btm_forest_ensemble_weighted,50,0.2,IoU,1024,172,747,85.61872909698997,57.82044042913608,69.02595214020897
juniperus_seg_homogeneous_20260905_105741,field_work,btm_forest_ensemble_weighted,50,0.2,S-IoU,1070,126,569,89.4648829431438,65.2837095790116,75.48500881834215
juniperus_seg_homogeneous_20260905_105741,field_work,btm_forest_ensemble_weighted,50,0.25,IoU,726,57,1045,92.72030651340997,40.993788819875775,56.851996867658585
juniperus_seg_homogeneous_20260905_105741,field_work,btm_forest_ensemble_weighted,50,0.25,S-IoU,734,49,924,93.74201787994892,44.27020506634499,60.139287177386315
juniperus_seg_homogeneous_20260905_105741,field_work,btm_forest_ensemble_weighted,50,0.3,IoU,169,3,1602,98.25581395348837,9.542631281761716,17.39577972207926
juniperus_seg_homogeneous_20260905_105741,field_work,btm_forest_ensemble_weighted,50,0.3,S-IoU,171,1,1590,99.4186046511628,9.710391822827939,17.692705638903263
juniperus_seg_homogeneous_20260905_105741,field_work,btm_forest_ensemble_weighted,50,0.35,IoU,0,0,1771,0.0,0.0,0.0
juniperus_seg_homogeneous_20260905_105741,field_work,btm_forest_ensemble_weighted,50,0.35,S-IoU,0,0,1771,0.0,0.0,0.0
juniperus_seg_homogeneous_20260905_105741,field_work,btm_forest_ensemble_weighted,50,0.4,IoU,0,0,1771,0.0,0.0,0.0
juniperus_seg_homogeneous_20260905_105741,field_work,btm_forest_ensemble_weighted,50,0.4,S-IoU,0,0,1771,0.0,0.0,0.0
juniperus_seg_homogeneous_20260905_105741,field_work,btm_forest_ensemble_weighted,50,0.45,IoU,0,0,1771,0.0,0.0,0.0
juniperus_seg_homogeneous_20260905_105741,field_work,btm_forest_ensemble_weighted,50,0.45,S-IoU,0,0,1771,0.0,0.0,0.0
juniperus_seg_homogeneous_20260905_105741,field_work,btm_forest_ensemble_weighted,50,0.5,IoU,0,0,1771,0.0,0.0,0.0
juniperus_seg_homogeneous_20260905_105741,field_work,btm_forest_ensemble_weighted,50,0.5,S-IoU,0,0,1771,0.0,0.0,0.0
juniperus_seg_homogeneous_20260905_105741,field_work,btm_forest_ensemble_weighted,50,0.55,IoU,0,0,1771,0.0,0.0,0.0
juniperus_seg_homogeneous_20260905_105741,field_work,btm_forest_ensemble_weighted,50,0.55,S-IoU,0,0,1771,0.0,0.0,0.0
juniperus_seg_homogeneous_20260905_105741,field_work,btm_forest_ensemble_weighted,50,0.6,IoU,0,0,1771,0.0,0.0,0.0
juniperus_seg_homogeneous_20260905_105741,field_work,btm_forest_ensemble_weighted,50,0.6,S-IoU,0,0,1771,0.0,0.0,0.0
juniperus_seg_homogeneous_20260905_105741,field_work,btm_forest_ensemble_weighted,50,0.7,IoU,0,0,1771,0.0,0.0,0.0
juniperus_seg_homogeneous_20260905_105741,field_work,btm_forest_ensemble_weighted,50,0.7,S-IoU,0,0,1771,0.0,0.0,0.0
juniperus_seg_homogeneous_20260905_105741,field_work,btm_forest_ensemble_weighted,50,0.8,IoU,0,0,1771,0.0,0.0,0.0
juniperus_seg_homogeneous_20260905_105741,field_work,btm_forest_ensemble_weighted,50,0.8,S-IoU,0,0,1771,0.0,0.0,0.0
juniperus_seg_homogeneous_20260905_105741,field_work,btm_forest_ensemble_weighted,50,0.9,IoU,0,0,1771,0.0,0.0,0.0
juniperus_seg_homogeneous_20260905_105741,field_work,btm_forest_ensemble_weighted,50,0.9,S-IoU,0,0,1771,0.0,0.0,0.0
juniperus_seg_homogeneous_20260905_105741,field_work,btm_forest_ensemble_weighted,75,0.02,IoU,735,3592,1036,16.98636468685001,41.50197628458498,24.10626434896687
juniperus_seg_homogeneous_20260905_105741,field_work,btm_forest_ensemble_weighted,75,0.02,S-IoU,1554,2773,183,35.91402819505431,89.46459412780656,51.2532981530343
juniperus_seg_homogeneous_20260905_105741,field_work,btm_forest_ensemble_weighted,75,0.05,IoU,722,2106,1049,25.530410183875528,40.767927724449464,31.398130028267012
juniperus_seg_homogeneous_20260905_105741,field_work,btm_forest_ensemble_weighted,75,0.05,S-IoU,1392,1436,249,49.222065063649225,84.82632541133455,62.295815618706655
juniperus_seg_homogeneous_20260905_105741,field_work,btm_forest_ensemble_weighted,75,0.08,IoU,697,1552,1074,30.991551800800355,39.356295878035006,34.67661691542288
juniperus_seg_homogeneous_20260905_105741,field_work,btm_forest_ensemble_weighted,75,0.08,S-IoU,1277,972,311,56.78079146287239,80.41561712846348,66.56241855616368
juniperus_seg_homogeneous_20260905_105741,field_work,btm_forest_ensemble_weighted,75,0.1,IoU,684,1293,1087,34.59787556904401,38.62224731789949,36.49946638207043
juniperus_seg_homogeneous_20260905_105741,field_work,btm_forest_ensemble_weighted,75,0.1,S-IoU,1205,772,359,60.95093576125442,77.0460358056266,68.05987009319401
juniperus_seg_homogeneous_20260905_105741,field_work,btm_forest_ensemble_weighted,75,0.12,IoU,673,1071,1098,38.5894495412844,38.001129305477136,38.29302987197724
juniperus_seg_homogeneous_20260905_105741,field_work,btm_forest_ensemble_weighted,75,0.12,S-IoU,1154,590,411,66.1697247706422,73.73801916932908,69.74916893321245
juniperus_seg_homogeneous_20260905_105741,field_work,btm_forest_ensemble_weighted,75,0.15,IoU,653,870,1118,42.875902823374915,36.87182382834557,39.64784456587736
juniperus_seg_homogeneous_20260905_105741,field_work,btm_forest_ensemble_weighted,75,0.15,S-IoU,1087,436,482,71.37229152987524,69.27979604843848,70.31047865459249
juniperus_seg_homogeneous_20260905_105741,field_work,btm_forest_ensemble_weighted,75,0.18,IoU,621,707,1150,46.76204819277108,35.064935064935064,40.07744433688287
juniperus_seg_homogeneous_20260905_105741,field_work,btm_forest_ensemble_weighted,75,0.18,S-IoU,996,332,565,75.0,63.80525304292121,68.95119418483904
juniperus_seg_homogeneous_20260905_105741,field_work,btm_forest_ensemble_weighted,75,0.2,IoU,596,600,1175,49.83277591973244,33.653303218520605,40.175261206605995
juniperus_seg_homogeneous_20260905_105741,field_work,btm_forest_ensemble_weighted,75,0.2,S-IoU,928,268,648,77.59197324414716,58.88324873096447,66.95526695526695
juniperus_seg_homogeneous_20260905_105741,field_work,btm_forest_ensemble_weighted,75,0.25,IoU,496,287,1275,63.346104725415074,28.00677583286279,38.84103367267032
juniperus_seg_homogeneous_20260905_105741,field_work,btm_forest_ensemble_weighted,75,0.25,S-IoU,672,111,957,85.82375478927203,41.25230202578269,55.72139303482587
juniperus_seg_homogeneous_20260905_105741,field_work,btm_forest_ensemble_weighted,75,0.3,IoU,156,16,1615,90.69767441860465,8.8085827216262,16.057642820380856
juniperus_seg_homogeneous_20260905_105741,field_work,btm_forest_ensemble_weighted,75,0.3,S-IoU,161,11,1592,93.6046511627907,9.184255561893897,16.727272727272727
juniperus_seg_homogeneous_20260905_105741,field_work,btm_forest_ensemble_weighted,75,0.35,IoU,0,0,1771,0.0,0.0,0.0
juniperus_seg_homogeneous_20260905_105741,field_work,btm_forest_ensemble_weighted,75,0.35,S-IoU,0,0,1771,0.0,0.0,0.0
juniperus_seg_homogeneous_20260905_105741,field_work,btm_forest_ensemble_weighted,75,0.4,IoU,0,0,1771,0.0,0.0,0.0
juniperus_seg_homogeneous_20260905_105741,field_work,btm_forest_ensemble_weighted,75,0.4,S-IoU,0,0,1771,0.0,0.0,0.0
juniperus_seg_homogeneous_20260905_105741,field_work,btm_forest_ensemble_weighted,75,0.45,IoU,0,0,1771,0.0,0.0,0.0
juniperus_seg_homogeneous_20260905_105741,field_work,btm_forest_ensemble_weighted,75,0.45,S-IoU,0,0,1771,0.0,0.0,0.0
juniperus_seg_homogeneous_20260905_105741,field_work,btm_forest_ensemble_weighted,75,0.5,IoU,0,0,1771,0.0,0.0,0.0
juniperus_seg_homogeneous_20260905_105741,field_work,btm_forest_ensemble_weighted,75,0.5,S-IoU,0,0,1771,0.0,0.0,0.0
juniperus_seg_homogeneous_20260905_105741,field_work,btm_forest_ensemble_weighted,75,0.55,IoU,0,0,1771,0.0,0.0,0.0
juniperus_seg_homogeneous_20260905_105741,field_work,btm_forest_ensemble_weighted,75,0.55,S-IoU,0,0,1771,0.0,0.0,0.0
juniperus_seg_homogeneous_20260905_105741,field_work,btm_forest_ensemble_weighted,75,0.6,IoU,0,0,1771,0.0,0.0,0.0
juniperus_seg_homogeneous_20260905_105741,field_work,btm_forest_ensemble_weighted,75,0.6,S-IoU,0,0,1771,0.0,0.0,0.0
juniperus_seg_homogeneous_20260905_105741,field_work,btm_forest_ensemble_weighted,75,0.7,IoU,0,0,1771,0.0,0.0,0.0
juniperus_seg_homogeneous_20260905_105741,field_work,btm_forest_ensemble_weighted,75,0.7,S-IoU,0,0,1771,0.0,0.0,0.0
juniperus_seg_homogeneous_20260905_105741,field_work,btm_forest_ensemble_weighted,75,0.8,IoU,0,0,1771,0.0,0.0,0.0
juniperus_seg_homogeneous_20260905_105741,field_work,btm_forest_ensemble_weighted,75,0.8,S-IoU,0,0,1771,0.0,0.0,0.0
juniperus_seg_homogeneous_20260905_105741,field_work,btm_forest_ensemble_weighted,75,0.9,IoU,0,0,1771,0.0,0.0,0.0
juniperus_seg_homogeneous_20260905_105741,field_work,btm_forest_ensemble_weighted,75,0.9,S-IoU,0,0,1771,0.0,0.0,0.0
juniperus_seg_homogeneous_20260905_105741,field_work,btm_forest_soup,50,0.02,IoU,1316,819,455,61.63934426229508,74.30830039525692,67.38351254480287
juniperus_seg_homogeneous_20260905_105741,field_work,btm_forest_soup,50,0.02,S-IoU,1555,580,275,72.8337236533958,84.97267759562843,78.43631778058008
juniperus_seg_homogeneous_20260905_105741,field_work,btm_forest_soup,50,0.05,IoU,1204,479,567,71.53891859774212,67.98418972332016,69.71627099015635
juniperus_seg_homogeneous_20260905_105741,field_work,btm_forest_soup,50,0.05,S-IoU,1351,332,378,80.27332144979204,78.13765182186235,79.19109026963659
juniperus_seg_homogeneous_20260905_105741,field_work,btm_forest_soup,50,0.08,IoU,1147,362,624,76.01060304837641,64.7656691134952,69.93902439024392
juniperus_seg_homogeneous_20260905_105741,field_work,btm_forest_soup,50,0.08,S-IoU,1262,247,438,83.63154406891982,74.23529411764706,78.6537862262387
juniperus_seg_homogeneous_20260905_105741,field_work,btm_forest_soup,50,0.1,IoU,1121,315,650,78.06406685236769,63.29757199322417,69.90957280947926
juniperus_seg_homogeneous_20260905_105741,field_work,btm_forest_soup,50,0.1,S-IoU,1217,219,466,84.74930362116991,72.31134878193701,78.03783263866623
juniperus_seg_homogeneous_20260905_105741,field_work,btm_forest_soup,50,0.12,IoU,1080,271,691,79.94078460399705,60.98249576510446,69.18641896220372
juniperus_seg_homogeneous_20260905_105741,field_work,btm_forest_soup,50,0.12,S-IoU,1160,191,513,85.86232420429312,69.3365212193664,76.71957671957672
juniperus_seg_homogeneous_20260905_105741,field_work,btm_forest_soup,50,0.15,IoU,1040,230,731,81.88976377952756,58.723884810841334,68.39855310753042
juniperus_seg_homogeneous_20260905_105741,field_work,btm_forest_soup,50,0.15,S-IoU,1104,166,556,86.92913385826772,66.50602409638554,75.35836177474403
juniperus_seg_homogeneous_20260905_105741,field_work,btm_forest_soup,50,0.18,IoU,1010,202,761,83.33333333333334,57.02992659514399,67.71706335903453
juniperus_seg_homogeneous_20260905_105741,field_work,btm_forest_soup,50,0.18,S-IoU,1066,146,586,87.95379537953795,64.5278450363196,74.4413407821229
juniperus_seg_homogeneous_20260905_105741,field_work,btm_forest_soup,50,0.2,IoU,987,183,784,84.35897435897436,55.73122529644269,67.1200272016321
juniperus_seg_homogeneous_20260905_105741,field_work,btm_forest_soup,50,0.2,S-IoU,1032,138,613,88.2051282051282,62.73556231003039,73.3214920071048
juniperus_seg_homogeneous_20260905_105741,field_work,btm_forest_soup,50,0.25,IoU,935,137,836,87.22014925373134,52.79503105590062,65.77558916637355
juniperus_seg_homogeneous_20260905_105741,field_work,btm_forest_soup,50,0.25,S-IoU,964,108,679,89.92537313432835,58.67315885575167,71.01289134438305
juniperus_seg_homogeneous_20260905_105741,field_work,btm_forest_soup,50,0.3,IoU,878,111,893,88.77654196157735,49.57651044607566,63.623188405797094
juniperus_seg_homogeneous_20260905_105741,field_work,btm_forest_soup,50,0.3,S-IoU,895,94,749,90.49544994944388,54.44038929440389,67.98328902392707
juniperus_seg_homogeneous_20260905_105741,field_work,btm_forest_soup,50,0.35,IoU,825,91,946,90.06550218340611,46.58385093167702,61.40677335318199
juniperus_seg_homogeneous_20260905_105741,field_work,btm_forest_soup,50,0.35,S-IoU,842,74,802,91.92139737991266,51.21654501216545,65.78125
juniperus_seg_homogeneous_20260905_105741,field_work,btm_forest_soup,50,0.4,IoU,780,73,991,91.44196951934349,44.042913608131,59.45121951219512
juniperus_seg_homogeneous_20260905_105741,field_work,btm_forest_soup,50,0.4,S-IoU,790,63,856,92.61430246189917,47.9951397326853,63.225290116046416
juniperus_seg_homogeneous_20260905_105741,field_work,btm_forest_soup,50,0.45,IoU,725,53,1046,93.18766066838047,40.9373235460192,56.88505296194586
juniperus_seg_homogeneous_20260905_105741,field_work,btm_forest_soup,50,0.45,S-IoU,728,50,930,93.573264781491,43.90832328106152,59.77011494252873
juniperus_seg_homogeneous_20260905_105741,field_work,btm_forest_soup,50,0.5,IoU,665,40,1106,94.32624113475178,37.54940711462451,53.7156704361874
juniperus_seg_homogeneous_20260905_105741,field_work,btm_forest_soup,50,0.5,S-IoU,665,40,1007,94.32624113475178,39.77272727272727,55.95288178376104
juniperus_seg_homogeneous_20260905_105741,field_work,btm_forest_soup,50,0.55,IoU,621,28,1150,95.68567026194145,35.064935064935064,51.32231404958678
juniperus_seg_homogeneous_20260905_105741,field_work,btm_forest_soup,50,0.55,S-IoU,616,33,1069,94.91525423728814,36.55786350148368,52.784918594687234
juniperus_seg_homogeneous_20260905_105741,field_work,btm_forest_soup,50,0.6,IoU,572,20,1199,96.62162162162163,32.298136645962735,48.41303427845959
juniperus_seg_homogeneous_20260905_105741,field_work,btm_forest_soup,50,0.6,S-IoU,567,25,1130,95.77702702702703,33.41190335886859,49.54128440366972
juniperus_seg_homogeneous_20260905_105741,field_work,btm_forest_soup,50,0.7,IoU,417,10,1354,97.65807962529274,23.54601919819311,37.94358507734304
juniperus_seg_homogeneous_20260905_105741,field_work,btm_forest_soup,50,0.7,S-IoU,412,15,1318,96.4871194379391,23.815028901734102,38.20120537783959
juniperus_seg_homogeneous_20260905_105741,field_work,btm_forest_soup,50,0.8,IoU,229,2,1542,99.13419913419914,12.93054771315641,22.877122877122876
juniperus_seg_homogeneous_20260905_105741,field_work,btm_forest_soup,50,0.8,S-IoU,228,3,1528,98.7012987012987,12.984054669703873,22.9491696024157
juniperus_seg_homogeneous_20260905_105741,field_work,btm_forest_soup,50,0.9,IoU,2,0,1769,100.0,0.1129305477131564,0.22560631697687533
juniperus_seg_homogeneous_20260905_105741,field_work,btm_forest_soup,50,0.9,S-IoU,2,0,1769,100.0,0.1129305477131564,0.22560631697687533
juniperus_seg_homogeneous_20260905_105741,field_work,btm_forest_soup,75,0.02,IoU,675,1460,1096,31.61592505854801,38.114059853190284,34.56221198156682
juniperus_seg_homogeneous_20260905_105741,field_work,btm_forest_soup,75,0.02,S-IoU,1208,927,358,56.5807962529274,77.13920817369093,65.2796541475277
juniperus_seg_homogeneous_20260905_105741,field_work,btm_forest_soup,75,0.05,IoU,643,1040,1128,38.20558526440879,36.307171089779786,37.23219455703533
juniperus_seg_homogeneous_20260905_105741,field_work,btm_forest_soup,75,0.05,S-IoU,1092,591,461,64.88413547237076,70.3155183515776,67.49072929542646
juniperus_seg_homogeneous_20260905_105741,field_work,btm_forest_soup,75,0.08,IoU,625,884,1146,41.4181577203446,35.290796160361374,38.109756097560975
juniperus_seg_homogeneous_20260905_105741,field_work,btm_forest_soup,75,0.08,S-IoU,1047,462,509,69.38369781312127,67.2879177377892,68.31973898858075
juniperus_seg_homogeneous_20260905_105741,field_work,btm_forest_soup,75,0.1,IoU,617,819,1154,42.96657381615599,34.83907396950875,38.47832865606486
juniperus_seg_homogeneous_20260905_105741,field_work,btm_forest_soup,75,0.1,S-IoU,1020,416,535,71.03064066852369,65.59485530546624,68.20461384152458
juniperus_seg_homogeneous_20260905_105741,field_work,btm_forest_soup,75,0.12,IoU,598,753,1173,44.26350851221317,33.76623376623377,38.30877642536835
juniperus_seg_homogeneous_20260905_105741,field_work,btm_forest_soup,75,0.12,S-IoU,975,376,578,72.16876387860843,62.78171281390856,67.14876033057851
juniperus_seg_homogeneous_20260905_105741,field_work,btm_forest_soup,75,0.15,IoU,585,685,1186,46.06299212598425,33.03218520609825,38.47418612298586
juniperus_seg_homogeneous_20260905_105741,field_work,btm_forest_soup,75,0.15,S-IoU,946,324,613,74.48818897637796,60.679923027581786,66.87875574407917
juniperus_seg_homogeneous_20260905_105741,field_work,btm_forest_soup,75,0.18,IoU,577,635,1194,47.60726072607261,32.58046301524563,38.68588669125042
juniperus_seg_homogeneous_20260905_105741,field_work,btm_forest_soup,75,0.18,S-IoU,920,292,637,75.9075907590759,59.087989723827874,66.4499819429397
juniperus_seg_homogeneous_20260905_105741,field_work,btm_forest_soup,75,0.2,IoU,570,600,1201,48.717948717948715,32.18520609824957,38.762325739544366
juniperus_seg_homogeneous_20260905_105741,field_work,btm_forest_soup,75,0.2,S-IoU,895,275,670,76.49572649572649,57.18849840255591,65.44789762340037
juniperus_seg_homogeneous_20260905_105741,field_work,btm_forest_soup,75,0.25,IoU,549,523,1222,51.21268656716418,30.999435347261432,38.62117481533591
juniperus_seg_homogeneous_20260905_105741,field_work,btm_forest_soup,75,0.25,S-IoU,850,222,730,79.2910447761194,53.79746835443038,64.1025641025641
juniperus_seg_homogeneous_20260905_105741,field_work,btm_forest_soup,75,0.3,IoU,527,462,1244,53.28614762386249,29.757199322416717,38.18840579710145
juniperus_seg_homogeneous_20260905_105741,field_work,btm_forest_soup,75,0.3,S-IoU,803,186,792,81.19312436804853,50.3448275862069,62.151702786377705
juniperus_seg_homogeneous_20260905_105741,field_work,btm_forest_soup,75,0.35,IoU,509,407,1262,55.567685589519655,28.740824392998306,37.886118347599556
juniperus_seg_homogeneous_20260905_105741,field_work,btm_forest_soup,75,0.35,S-IoU,762,154,841,83.1877729257642,47.53587024329383,60.500198491464865
juniperus_seg_homogeneous_20260905_105741,field_work,btm_forest_soup,75,0.4,IoU,490,363,1281,57.444314185228606,27.66798418972332,37.34756097560975
juniperus_seg_homogeneous_20260905_105741,field_work,btm_forest_soup,75,0.4,S-IoU,723,130,891,84.75967174677609,44.795539033457246,58.61370085123633
juniperus_seg_homogeneous_20260905_105741,field_work,btm_forest_soup,75,0.45,IoU,467,311,1304,60.02570694087404,26.36928289102202,36.64182032169478
juniperus_seg_homogeneous_20260905_105741,field_work,btm_forest_soup,75,0.45,S-IoU,680,98,956,87.40359897172236,41.56479217603912,56.33802816901409
juniperus_seg_homogeneous_20260905_105741,field_work,btm_forest_soup,75,0.5,IoU,442,263,1329,62.69503546099291,24.957651044607566,35.70274636510501
juniperus_seg_homogeneous_20260905_105741,field_work,btm_forest_soup,75,0.5,S-IoU,625,80,1033,88.65248226950354,37.69601930036188,52.89885738468049
juniperus_seg_homogeneous_20260905_105741,field_work,btm_forest_soup,75,0.55,IoU,428,221,1343,65.94761171032357,24.167137210615472,35.37190082644628
juniperus_seg_homogeneous_20260905_105741,field_work,btm_forest_soup,75,0.55,S-IoU,582,67,1090,89.6764252696456,34.80861244019139,50.15079707022835
juniperus_seg_homogeneous_20260905_105741,field_work,btm_forest_soup,75,0.6,IoU,411,181,1360,69.42567567567568,23.20722755505364,34.78628861616589
juniperus_seg_homogeneous_20260905_105741,field_work,btm_forest_soup,75,0.6,S-IoU,541,51,1146,91.38513513513513,32.06876111440427,47.476963580517776
juniperus_seg_homogeneous_20260905_105741,field_work,btm_forest_soup,75,0.7,IoU,337,90,1434,78.92271662763466,19.028797289666855,30.664240218380346
juniperus_seg_homogeneous_20260905_105741,field_work,btm_forest_soup,75,0.7,S-IoU,399,28,1327,93.44262295081968,23.117033603707995,37.06456107756619
juniperus_seg_homogeneous_20260905_105741,field_work,btm_forest_soup,75,0.8,IoU,215,16,1556,93.07359307359307,12.140033879164314,21.478521478521476
juniperus_seg_homogeneous_20260905_105741,field_work,btm_forest_soup,75,0.8,S-IoU,224,7,1531,96.96969696969697,12.763532763532764,22.557905337361532
juniperus_seg_homogeneous_20260905_105741,field_work,btm_forest_soup,75,0.9,IoU,2,0,1769,100.0,0.1129305477131564,0.22560631697687533
juniperus_seg_homogeneous_20260905_105741,field_work,btm_forest_soup,75,0.9,S-IoU,2,0,1769,100.0,0.1129305477131564,0.22560631697687533
juniperus_seg_homogeneous_20260905_105741,field_work,dense_baseline,50,0.02,IoU,1354,1482,417,47.74330042313117,76.45398080180689,58.780117212936844
juniperus_seg_homogeneous_20260905_105741,field_work,dense_baseline,50,0.02,S-IoU,1659,1177,247,58.49788434414669,87.04092339979013,69.97047659215522
juniperus_seg_homogeneous_20260905_105741,field_work,dense_baseline,50,0.05,IoU,1277,988,494,56.37969094922737,72.10615471485036,63.28047571853319
juniperus_seg_homogeneous_20260905_105741,field_work,dense_baseline,50,0.05,S-IoU,1484,781,329,65.5187637969095,81.85328185328186,72.7807748896518
juniperus_seg_homogeneous_20260905_105741,field_work,dense_baseline,50,0.08,IoU,1239,749,532,62.323943661971825,69.96047430830039,65.92178770949721
juniperus_seg_homogeneous_20260905_105741,field_work,dense_baseline,50,0.08,S-IoU,1390,598,362,69.91951710261569,79.337899543379,74.33155080213903
juniperus_seg_homogeneous_20260905_105741,field_work,dense_baseline,50,0.1,IoU,1213,661,558,64.72785485592316,68.49237718802937,66.55692729766804
juniperus_seg_homogeneous_20260905_105741,field_work,dense_baseline,50,0.1,S-IoU,1347,527,386,71.87833511205977,77.7264858626659,74.68810645966177
juniperus_seg_homogeneous_20260905_105741,field_work,dense_baseline,50,0.12,IoU,1190,576,581,67.38391845979615,67.19367588932806,67.28866270851003
juniperus_seg_homogeneous_20260905_105741,field_work,dense_baseline,50,0.12,S-IoU,1309,457,413,74.12231030577576,76.01626016260163,75.05733944954129
juniperus_seg_homogeneous_20260905_105741,field_work,dense_baseline,50,0.15,IoU,1161,481,610,70.70645554202193,65.5561829474873,68.03398769411075
juniperus_seg_homogeneous_20260905_105741,field_work,dense_baseline,50,0.15,S-IoU,1252,390,448,76.24847746650426,73.6470588235294,74.92519449431478
juniperus_seg_homogeneous_20260905_105741,field_work,dense_baseline,50,0.18,IoU,1140,400,631,74.02597402597402,64.37041219649915,68.86137118695258
juniperus_seg_homogeneous_20260905_105741,field_work,dense_baseline,50,0.18,S-IoU,1213,327,471,78.76623376623377,72.03087885985748,75.24813895781638
juniperus_seg_homogeneous_20260905_105741,field_work,dense_baseline,50,0.2,IoU,1121,367,650,75.33602150537635,63.29757199322417,68.79410862227677
juniperus_seg_homogeneous_20260905_105741,field_work,dense_baseline,50,0.2,S-IoU,1182,306,494,79.43548387096774,70.52505966587113,74.71554993678888
juniperus_seg_homogeneous_20260905_105741,field_work,dense_baseline,50,0.25,IoU,1078,301,693,78.1725888324873,60.86956521739131,68.44444444444446
juniperus_seg_homogeneous_20260905_105741,field_work,dense_baseline,50,0.25,S-IoU,1128,251,532,81.79840464104423,67.95180722891565,74.23494570582429
juniperus_seg_homogeneous_20260905_105741,field_work,dense_baseline,50,0.3,IoU,1014,236,757,81.12,57.2557876905703,67.13008937437935
juniperus_seg_homogeneous_20260905_105741,field_work,dense_baseline,50,0.3,S-IoU,1043,207,607,83.44,63.21212121212121,71.93103448275862
juniperus_seg_homogeneous_20260905_105741,field_work,dense_baseline,50,0.35,IoU,973,195,798,83.30479452054794,54.9407114624506,66.2129976182375
juniperus_seg_homogeneous_20260905_105741,field_work,dense_baseline,50,0.35,S-IoU,998,170,652,85.44520547945206,60.484848484848484,70.83037615330022
juniperus_seg_homogeneous_20260905_105741,field_work,dense_baseline,50,0.4,IoU,927,148,844,86.23255813953489,52.343308865048,65.14406184118062
juniperus_seg_homogeneous_20260905_105741,field_work,dense_baseline,50,0.4,S-IoU,935,140,709,86.9767441860465,56.8734793187348,68.7752850312615
juniperus_seg_homogeneous_20260905_105741,field_work,dense_baseline,50,0.45,IoU,875,112,896,88.65248226950354,49.40711462450593,63.45177664974619
juniperus_seg_homogeneous_20260905_105741,field_work,dense_baseline,50,0.45,S-IoU,874,113,769,88.55116514690982,53.195374315276936,66.4638783269962
juniperus_seg_homogeneous_20260905_105741,field_work,dense_baseline,50,0.5,IoU,814,84,957,90.64587973273942,45.962732919254655,60.99662795054327
juniperus_seg_homogeneous_20260905_105741,field_work,dense_baseline,50,0.5,S-IoU,811,87,844,90.31180400890868,49.003021148036254,63.533098315707
juniperus_seg_homogeneous_20260905_105741,field_work,dense_baseline,50,0.55,IoU,750,68,1021,91.68704156479217,42.34895539243365,57.93742757821552
juniperus_seg_homogeneous_20260905_105741,field_work,dense_baseline,50,0.55,S-IoU,743,75,921,90.83129584352079,44.65144230769231,59.87107171635778
juniperus_seg_homogeneous_20260905_105741,field_work,dense_baseline,50,0.6,IoU,675,50,1096,93.10344827586206,38.114059853190284,54.08653846153846
juniperus_seg_homogeneous_20260905_105741,field_work,dense_baseline,50,0.6,S-IoU,667,58,1013,92.0,39.70238095238095,55.46777546777546
juniperus_seg_homogeneous_20260905_105741,field_work,dense_baseline,50,0.7,IoU,521,26,1250,95.24680073126143,29.41840767927724,44.9525452976704
juniperus_seg_homogeneous_20260905_105741,field_work,dense_baseline,50,0.7,S-IoU,507,40,1199,92.68738574040219,29.718640093786636,45.006657789613854
juniperus_seg_homogeneous_20260905_105741,field_work,dense_baseline,50,0.8,IoU,312,8,1459,97.5,17.6171654432524,29.84218077474893
juniperus_seg_homogeneous_20260905_105741,field_work,dense_baseline,50,0.8,S-IoU,305,15,1431,95.3125,17.569124423963135,29.66926070038911
juniperus_seg_homogeneous_20260905_105741,field_work,dense_baseline,50,0.9,IoU,82,0,1689,100.0,4.630152456239413,8.850512682137076
juniperus_seg_homogeneous_20260905_105741,field_work,dense_baseline,50,0.9,S-IoU,81,1,1681,98.78048780487805,4.597048808172531,8.785249457700651
juniperus_seg_homogeneous_20260905_105741,field_work,dense_baseline,75,0.02,IoU,689,2147,1082,24.294781382228493,38.90457368718238,29.911004992402866
juniperus_seg_homogeneous_20260905_105741,field_work,dense_baseline,75,0.02,S-IoU,1193,1643,353,42.066290550070526,77.16688227684347,54.450022820629854
juniperus_seg_homogeneous_20260905_105741,field_work,dense_baseline,75,0.05,IoU,673,1592,1098,29.713024282560706,38.001129305477136,33.34985133795838
juniperus_seg_homogeneous_20260905_105741,field_work,dense_baseline,75,0.05,S-IoU,1107,1158,429,48.87417218543047,72.0703125,58.24782951854775
juniperus_seg_homogeneous_20260905_105741,field_work,dense_baseline,75,0.08,IoU,662,1326,1109,33.29979879275654,37.38001129305477,35.222133546155895
juniperus_seg_homogeneous_20260905_105741,field_work,dense_baseline,75,0.08,S-IoU,1062,926,458,53.420523138833,69.86842105263158,60.5473204104903
juniperus_seg_homogeneous_20260905_105741,field_work,dense_baseline,75,0.1,IoU,651,1223,1120,34.738527214514406,36.75889328063241,35.7201646090535
juniperus_seg_homogeneous_20260905_105741,field_work,dense_baseline,75,0.1,S-IoU,1039,835,479,55.44290288153682,68.44532279314888,61.261792452830186
juniperus_seg_homogeneous_20260905_105741,field_work,dense_baseline,75,0.12,IoU,644,1122,1127,36.46659116647792,36.36363636363637,36.41504099519367
juniperus_seg_homogeneous_20260905_105741,field_work,dense_baseline,75,0.12,S-IoU,1021,745,502,57.81426953567384,67.03873933026921,62.08574034660991
juniperus_seg_homogeneous_20260905_105741,field_work,dense_baseline,75,0.15,IoU,637,1005,1134,38.79415347137637,35.96837944664031,37.32786404922355
juniperus_seg_homogeneous_20260905_105741,field_work,dense_baseline,75,0.15,S-IoU,995,647,531,60.59683313032886,65.20314547837484,62.81565656565655
juniperus_seg_homogeneous_20260905_105741,field_work,dense_baseline,75,0.18,IoU,626,914,1145,40.64935064935065,35.347261434217955,37.81334944125642
juniperus_seg_homogeneous_20260905_105741,field_work,dense_baseline,75,0.18,S-IoU,981,559,550,63.701298701298704,64.07576747224036,63.887984369912076
juniperus_seg_homogeneous_20260905_105741,field_work,dense_baseline,75,0.2,IoU,620,868,1151,41.66666666666667,35.00846979107849,38.048481129180736
juniperus_seg_homogeneous_20260905_105741,field_work,dense_baseline,75,0.2,S-IoU,960,528,573,64.51612903225806,62.62230919765166,63.55511420059583
juniperus_seg_homogeneous_20260905_105741,field_work,dense_baseline,75,0.25,IoU,602,777,1169,43.65482233502538,33.99209486166008,38.22222222222222
juniperus_seg_homogeneous_20260905_105741,field_work,dense_baseline,75,0.25,S-IoU,923,456,615,66.93255982596084,60.01300390117035,63.28419609187521
juniperus_seg_homogeneous_20260905_105741,field_work,dense_baseline,75,0.3,IoU,576,674,1195,46.08,32.523997741389046,38.1330685203575
juniperus_seg_homogeneous_20260905_105741,field_work,dense_baseline,75,0.3,S-IoU,874,376,685,69.92,56.06157793457345,62.22855108579566
juniperus_seg_homogeneous_20260905_105741,field_work,dense_baseline,75,0.35,IoU,567,601,1204,48.54452054794521,32.015810276679844,38.58455256890099
juniperus_seg_homogeneous_20260905_105741,field_work,dense_baseline,75,0.35,S-IoU,847,321,724,72.51712328767124,53.9147040101846,61.84738955823295
juniperus_seg_homogeneous_20260905_105741,field_work,dense_baseline,75,0.4,IoU,554,521,1217,51.53488372093024,31.281761716544327,38.93183415319748
juniperus_seg_homogeneous_20260905_105741,field_work,dense_baseline,75,0.4,S-IoU,809,266,778,75.25581395348837,50.976685570258354,60.781367392937646
juniperus_seg_homogeneous_20260905_105741,field_work,dense_baseline,75,0.45,IoU,534,453,1237,54.1033434650456,30.15245623941276,38.723712835387964
juniperus_seg_homogeneous_20260905_105741,field_work,dense_baseline,75,0.45,S-IoU,768,219,833,77.81155015197568,47.97001873828857,59.35085007727976
juniperus_seg_homogeneous_20260905_105741,field_work,dense_baseline,75,0.5,IoU,510,388,1261,56.792873051224944,28.797289666854887,38.21656050955414
juniperus_seg_homogeneous_20260905_105741,field_work,dense_baseline,75,0.5,S-IoU,717,181,901,79.84409799554567,44.31396786155748,56.995230524642295
juniperus_seg_homogeneous_20260905_105741,field_work,dense_baseline,75,0.55,IoU,488,330,1283,59.65770171149144,27.555053642010165,37.6979528775589
juniperus_seg_homogeneous_20260905_105741,field_work,dense_baseline,75,0.55,S-IoU,664,154,971,81.17359413202934,40.61162079510704,54.13779046066042
juniperus_seg_homogeneous_20260905_105741,field_work,dense_baseline,75,0.6,IoU,458,267,1313,63.172413793103445,25.86109542631282,36.69871794871795
juniperus_seg_homogeneous_20260905_105741,field_work,dense_baseline,75,0.6,S-IoU,603,122,1048,83.17241379310344,36.52331920048456,50.757575757575765
juniperus_seg_homogeneous_20260905_105741,field_work,dense_baseline,75,0.7,IoU,393,154,1378,71.84643510054845,22.190852625635234,33.908541846419325
juniperus_seg_homogeneous_20260905_105741,field_work,dense_baseline,75,0.7,S-IoU,473,74,1216,86.47166361974405,28.004736530491414,42.30769230769231
juniperus_seg_homogeneous_20260905_105741,field_work,dense_baseline,75,0.8,IoU,272,48,1499,85.0,15.35855448898927,26.016260162601622
juniperus_seg_homogeneous_20260905_105741,field_work,dense_baseline,75,0.8,S-IoU,291,29,1438,90.9375,16.830537883169463,28.40409956076135
juniperus_seg_homogeneous_20260905_105741,field_work,dense_baseline,75,0.9,IoU,78,4,1693,95.1219512195122,4.4042913608131,8.41878035617917
juniperus_seg_homogeneous_20260905_105741,field_work,dense_baseline,75,0.9,S-IoU,79,3,1683,96.34146341463415,4.483541430192963,8.568329718004337
juniperus_seg_homogeneous_20260905_105741,field_work,expert_E1_scale_solo,50,0.02,IoU,1243,1170,528,51.512639867385005,70.1863354037267,59.416826003824085
juniperus_seg_homogeneous_20260905_105741,field_work,expert_E1_scale_solo,50,0.02,S-IoU,1678,735,227,69.53999171156237,88.08398950131233,77.72116720704028
juniperus_seg_homogeneous_20260905_105741,field_work,expert_E1_scale_solo,50,0.05,IoU,1142,692,629,62.26826608505998,64.48334274421231,63.356449375866845
juniperus_seg_homogeneous_20260905_105741,field_work,expert_E1_scale_solo,50,0.05,S-IoU,1421,413,332,77.48091603053436,81.06103822019395,79.23055478115415
juniperus_seg_homogeneous_20260905_105741,field_work,expert_E1_scale_solo,50,0.08,IoU,1092,516,679,67.91044776119402,61.6600790513834,64.63450725066586
juniperus_seg_homogeneous_20260905_105741,field_work,expert_E1_scale_solo,50,0.08,S-IoU,1296,312,396,80.59701492537313,76.59574468085107,78.54545454545455
juniperus_seg_homogeneous_20260905_105741,field_work,expert_E1_scale_solo,50,0.1,IoU,1058,441,713,70.5803869246164,59.74025974025974,64.70948012232415
juniperus_seg_homogeneous_20260905_105741,field_work,expert_E1_scale_solo,50,0.1,S-IoU,1239,260,427,82.65510340226818,74.36974789915966,78.29383886255924
juniperus_seg_homogeneous_20260905_105741,field_work,expert_E1_scale_solo,50,0.12,IoU,1022,382,749,72.79202279202279,57.70750988142292,64.37795275590551
juniperus_seg_homogeneous_20260905_105741,field_work,expert_E1_scale_solo,50,0.12,S-IoU,1176,228,472,83.76068376068376,71.35922330097088,77.06422018348624
juniperus_seg_homogeneous_20260905_105741,field_work,expert_E1_scale_solo,50,0.15,IoU,982,316,789,75.65485362095532,55.448898927159796,63.994786575431725
juniperus_seg_homogeneous_20260905_105741,field_work,expert_E1_scale_solo,50,0.15,S-IoU,1108,190,531,85.36209553158706,67.60219646125687,75.45114061967996
juniperus_seg_homogeneous_20260905_105741,field_work,expert_E1_scale_solo,50,0.18,IoU,936,277,835,77.16405605935697,52.8514963297572,62.73458445040214
juniperus_seg_homogeneous_20260905_105741,field_work,expert_E1_scale_solo,50,0.18,S-IoU,1048,165,582,86.39736191261336,64.29447852760735,73.72493844530426
juniperus_seg_homogeneous_20260905_105741,field_work,expert_E1_scale_solo,50,0.2,IoU,916,248,855,78.69415807560138,51.72219085262564,62.419080068143096
juniperus_seg_homogeneous_20260905_105741,field_work,expert_E1_scale_solo,50,0.2,S-IoU,1014,150,600,87.11340206185567,62.825278810408925,73.00215982721382
juniperus_seg_homogeneous_20260905_105741,field_work,expert_E1_scale_solo,50,0.25,IoU,875,202,896,81.24419684308263,49.40711462450593,61.44662921348314
juniperus_seg_homogeneous_20260905_105741,field_work,expert_E1_scale_solo,50,0.25,S-IoU,956,121,648,88.76508820798514,59.60099750623441,71.31667288325252
juniperus_seg_homogeneous_20260905_105741,field_work,expert_E1_scale_solo,50,0.3,IoU,832,164,939,83.53413654618474,46.97910784867307,60.137332851463675
juniperus_seg_homogeneous_20260905_105741,field_work,expert_E1_scale_solo,50,0.3,S-IoU,894,102,707,89.7590361445783,55.84009993753904,68.84867154408933
juniperus_seg_homogeneous_20260905_105741,field_work,expert_E1_scale_solo,50,0.35,IoU,783,141,988,84.74025974025975,44.21230942970074,58.10760667903525
juniperus_seg_homogeneous_20260905_105741,field_work,expert_E1_scale_solo,50,0.35,S-IoU,839,85,753,90.80086580086581,52.701005025125625,66.69316375198729
juniperus_seg_homogeneous_20260905_105741,field_work,expert_E1_scale_solo,50,0.4,IoU,738,112,1033,86.82352941176471,41.67137210615471,56.31438382296834
juniperus_seg_homogeneous_20260905_105741,field_work,expert_E1_scale_solo,50,0.4,S-IoU,781,69,815,91.88235294117646,48.93483709273183,63.85936222403924
juniperus_seg_homogeneous_20260905_105741,field_work,expert_E1_scale_solo,50,0.45,IoU,691,94,1080,88.02547770700637,39.01750423489554,54.068857589984354
juniperus_seg_homogeneous_20260905_105741,field_work,expert_E1_scale_solo,50,0.45,S-IoU,728,57,877,92.73885350318471,45.3582554517134,60.920502092050214
juniperus_seg_homogeneous_20260905_105741,field_work,expert_E1_scale_solo,50,0.5,IoU,666,80,1105,89.27613941018767,37.60587238848108,52.92014302741358
juniperus_seg_homogeneous_20260905_105741,field_work,expert_E1_scale_solo,50,0.5,S-IoU,697,49,914,93.43163538873995,43.265052762259465,59.142978362324996
juniperus_seg_homogeneous_20260905_105741,field_work,expert_E1_scale_solo,50,0.55,IoU,623,64,1148,90.68413391557496,35.177865612648226,50.691619202603746
juniperus_seg_homogeneous_20260905_105741,field_work,expert_E1_scale_solo,50,0.55,S-IoU,645,42,983,93.88646288209607,39.61916461916462,55.723542116630675
juniperus_seg_homogeneous_20260905_105741,field_work,expert_E1_scale_solo,50,0.6,IoU,574,55,1197,91.25596184419715,32.41106719367589,47.833333333333336
juniperus_seg_homogeneous_20260905_105741,field_work,expert_E1_scale_solo,50,0.6,S-IoU,593,36,1053,94.27662957074722,36.026731470230864,52.13186813186813
juniperus_seg_homogeneous_20260905_105741,field_work,expert_E1_scale_solo,50,0.7,IoU,435,30,1336,93.54838709677419,24.56239412761152,38.90876565295171
juniperus_seg_homogeneous_20260905_105741,field_work,expert_E1_scale_solo,50,0.7,S-IoU,447,18,1235,96.12903225806451,26.575505350772886,41.639496972519794
juniperus_seg_homogeneous_20260905_105741,field_work,expert_E1_scale_solo,50,0.8,IoU,271,10,1500,96.44128113879003,15.302089215132694,26.413255360623783
juniperus_seg_homogeneous_20260905_105741,field_work,expert_E1_scale_solo,50,0.8,S-IoU,273,8,1468,97.15302491103202,15.680643308443424,27.002967359050444
juniperus_seg_homogeneous_20260905_105741,field_work,expert_E1_scale_solo,50,0.9,IoU,76,1,1695,98.7012987012987,4.291360813099943,8.225108225108224
juniperus_seg_homogeneous_20260905_105741,field_work,expert_E1_scale_solo,50,0.9,S-IoU,76,1,1688,98.7012987012987,4.308390022675737,8.256382400869093
juniperus_seg_homogeneous_20260905_105741,field_work,expert_E1_scale_solo,75,0.02,IoU,647,1766,1124,26.813095731454624,36.533032185206096,30.927342256214146
juniperus_seg_homogeneous_20260905_105741,field_work,expert_E1_scale_solo,75,0.02,S-IoU,1226,1187,318,50.80812266887692,79.40414507772022,61.966135961587064
juniperus_seg_homogeneous_20260905_105741,field_work,expert_E1_scale_solo,75,0.05,IoU,620,1214,1151,33.80588876772082,35.00846979107849,34.39667128987517
juniperus_seg_homogeneous_20260905_105741,field_work,expert_E1_scale_solo,75,0.05,S-IoU,1089,745,420,59.3784078516903,72.16699801192843,65.15106192043075
juniperus_seg_homogeneous_20260905_105741,field_work,expert_E1_scale_solo,75,0.08,IoU,608,1000,1163,37.81094527363184,34.330886504799544,35.98697839597514
juniperus_seg_homogeneous_20260905_105741,field_work,expert_E1_scale_solo,75,0.08,S-IoU,1020,588,484,63.43283582089553,67.81914893617021,65.55269922879178
juniperus_seg_homogeneous_20260905_105741,field_work,expert_E1_scale_solo,75,0.1,IoU,597,902,1174,39.826551034022685,33.709768492377194,36.51376146788991
juniperus_seg_homogeneous_20260905_105741,field_work,expert_E1_scale_solo,75,0.1,S-IoU,991,508,511,66.11074049366245,65.97869507323568,66.04465178273908
juniperus_seg_homogeneous_20260905_105741,field_work,expert_E1_scale_solo,75,0.12,IoU,590,814,1181,42.02279202279202,33.31451157538114,37.16535433070865
juniperus_seg_homogeneous_20260905_105741,field_work,expert_E1_scale_solo,75,0.12,S-IoU,959,445,546,68.30484330484332,63.72093023255814,65.9333104159505
juniperus_seg_homogeneous_20260905_105741,field_work,expert_E1_scale_solo,75,0.15,IoU,576,722,1195,44.37596302003082,32.523997741389046,37.5366568914956
juniperus_seg_homogeneous_20260905_105741,field_work,expert_E1_scale_solo,75,0.15,S-IoU,913,385,599,70.33898305084746,60.383597883597886,64.98220640569394
juniperus_seg_homogeneous_20260905_105741,field_work,expert_E1_scale_solo,75,0.18,IoU,559,654,1212,46.0840890354493,31.56408808582722,37.466487935656836
juniperus_seg_homogeneous_20260905_105741,field_work,expert_E1_scale_solo,75,0.18,S-IoU,874,339,648,72.0527617477329,57.42444152431012,63.912248628884825
juniperus_seg_homogeneous_20260905_105741,field_work,expert_E1_scale_solo,75,0.2,IoU,546,618,1225,46.90721649484536,30.8300395256917,37.206132879045995
juniperus_seg_homogeneous_20260905_105741,field_work,expert_E1_scale_solo,75,0.2,S-IoU,848,316,670,72.85223367697594,55.86297760210803,63.23639075316927
juniperus_seg_homogeneous_20260905_105741,field_work,expert_E1_scale_solo,75,0.25,IoU,531,546,1240,49.30362116991643,29.983060417843028,37.28932584269663
juniperus_seg_homogeneous_20260905_105741,field_work,expert_E1_scale_solo,75,0.25,S-IoU,817,260,711,75.85886722376974,53.468586387434556,62.72552783109404
juniperus_seg_homogeneous_20260905_105741,field_work,expert_E1_scale_solo,75,0.3,IoU,512,484,1259,51.40562248995983,28.91022021456804,37.00758944705457
juniperus_seg_homogeneous_20260905_105741,field_work,expert_E1_scale_solo,75,0.3,S-IoU,774,222,761,77.71084337349397,50.42345276872964,61.1615962070328
juniperus_seg_homogeneous_20260905_105741,field_work,expert_E1_scale_solo,75,0.35,IoU,498,426,1273,53.896103896103895,28.11970638057595,36.95732838589982
juniperus_seg_homogeneous_20260905_105741,field_work,expert_E1_scale_solo,75,0.35,S-IoU,732,192,799,79.22077922077922,47.811887655127364,59.63340122199593
juniperus_seg_homogeneous_20260905_105741,field_work,expert_E1_scale_solo,75,0.4,IoU,475,375,1296,55.88235294117647,26.82100508187465,36.24570774513545
juniperus_seg_homogeneous_20260905_105741,field_work,expert_E1_scale_solo,75,0.4,S-IoU,690,160,858,81.17647058823529,44.57364341085272,57.547956630525434
juniperus_seg_homogeneous_20260905_105741,field_work,expert_E1_scale_solo,75,0.45,IoU,457,328,1314,58.216560509554135,25.804630152456237,35.758998435054764
juniperus_seg_homogeneous_20260905_105741,field_work,expert_E1_scale_solo,75,0.45,S-IoU,651,134,917,82.92993630573248,41.517857142857146,55.33361665958352
juniperus_seg_homogeneous_20260905_105741,field_work,expert_E1_scale_solo,75,0.5,IoU,443,303,1328,59.383378016085786,25.014116318464147,35.20063567739373
juniperus_seg_homogeneous_20260905_105741,field_work,expert_E1_scale_solo,75,0.5,S-IoU,626,120,951,83.91420911528151,39.69562460367787,53.8958243650452
juniperus_seg_homogeneous_20260905_105741,field_work,expert_E1_scale_solo,75,0.55,IoU,426,261,1345,62.00873362445415,24.054206662902313,34.66232709519935
juniperus_seg_homogeneous_20260905_105741,field_work,expert_E1_scale_solo,75,0.55,S-IoU,587,100,1012,85.44395924308587,36.7104440275172,51.35608048993876
juniperus_seg_homogeneous_20260905_105741,field_work,expert_E1_scale_solo,75,0.6,IoU,401,228,1370,63.751987281399046,22.64257481648786,33.416666666666664
juniperus_seg_homogeneous_20260905_105741,field_work,expert_E1_scale_solo,75,0.6,S-IoU,544,85,1075,86.48648648648648,33.600988264360716,48.39857651245551
juniperus_seg_homogeneous_20260905_105741,field_work,expert_E1_scale_solo,75,0.7,IoU,338,127,1433,72.68817204301075,19.085262563523433,30.232558139534888
juniperus_seg_homogeneous_20260905_105741,field_work,expert_E1_scale_solo,75,0.7,S-IoU,418,47,1247,89.89247311827957,25.105105105105107,39.248826291079816
juniperus_seg_homogeneous_20260905_105741,field_work,expert_E1_scale_solo,75,0.8,IoU,231,50,1540,82.20640569395017,13.043478260869565,22.514619883040936
juniperus_seg_homogeneous_20260905_105741,field_work,expert_E1_scale_solo,75,0.8,S-IoU,261,20,1470,92.88256227758008,15.077989601386482,25.944333996023854
juniperus_seg_homogeneous_20260905_105741,field_work,expert_E1_scale_solo,75,0.9,IoU,71,6,1700,92.20779220779221,4.009034443817053,7.683982683982685
juniperus_seg_homogeneous_20260905_105741,field_work,expert_E1_scale_solo,75,0.9,S-IoU,72,5,1689,93.5064935064935,4.088586030664395,7.834602829162132
juniperus_seg_homogeneous_20260905_105741,field_work,expert_E2_illum_solo,50,0.02,IoU,1425,2151,346,39.848993288590606,80.46301524562394,53.300916401720585
juniperus_seg_homogeneous_20260905_105741,field_work,expert_E2_illum_solo,50,0.02,S-IoU,1743,1833,124,48.741610738255034,93.35832886984467,64.04556310857983
juniperus_seg_homogeneous_20260905_105741,field_work,expert_E2_illum_solo,50,0.05,IoU,1381,1333,390,50.884303610906414,77.9785431959345,61.5830546265329
juniperus_seg_homogeneous_20260905_105741,field_work,expert_E2_illum_solo,50,0.05,S-IoU,1614,1100,161,59.46941783345615,90.92957746478874,71.90911116061484
juniperus_seg_homogeneous_20260905_105741,field_work,expert_E2_illum_solo,50,0.08,IoU,1348,1032,423,56.63865546218487,76.11518915866742,64.94820525174657
juniperus_seg_homogeneous_20260905_105741,field_work,expert_E2_illum_solo,50,0.08,S-IoU,1532,848,185,64.36974789915966,89.22539312754805,74.78642909445938
juniperus_seg_homogeneous_20260905_105741,field_work,expert_E2_illum_solo,50,0.1,IoU,1335,898,436,59.78504254366324,75.3811405985319,66.68331668331669
juniperus_seg_homogeneous_20260905_105741,field_work,expert_E2_illum_solo,50,0.1,S-IoU,1496,737,206,66.99507389162561,87.89659224441834,76.03557814485387
juniperus_seg_homogeneous_20260905_105741,field_work,expert_E2_illum_solo,50,0.12,IoU,1310,772,461,62.92026897214217,73.96950875211745,67.99896184791073
juniperus_seg_homogeneous_20260905_105741,field_work,expert_E2_illum_solo,50,0.12,S-IoU,1456,626,227,69.93275696445725,86.51218062982768,77.34395750332004
juniperus_seg_homogeneous_20260905_105741,field_work,expert_E2_illum_solo,50,0.15,IoU,1296,659,475,66.29156010230179,73.17899491812535,69.56521739130434
juniperus_seg_homogeneous_20260905_105741,field_work,expert_E2_illum_solo,50,0.15,S-IoU,1422,533,246,72.73657289002557,85.25179856115108,78.49848192105989
juniperus_seg_homogeneous_20260905_105741,field_work,expert_E2_illum_solo,50,0.18,IoU,1276,579,495,68.78706199460916,72.04968944099379,70.38058466629896
juniperus_seg_homogeneous_20260905_105741,field_work,expert_E2_illum_solo,50,0.18,S-IoU,1388,467,266,74.82479784366576,83.91777509068923,79.11085779424339
juniperus_seg_homogeneous_20260905_105741,field_work,expert_E2_illum_solo,50,0.2,IoU,1265,534,506,70.31684269038355,71.42857142857143,70.86834733893558
juniperus_seg_homogeneous_20260905_105741,field_work,expert_E2_illum_solo,50,0.2,S-IoU,1369,430,278,76.09783212896053,83.12082574377656,79.45443993035404
juniperus_seg_homogeneous_20260905_105741,field_work,expert_E2_illum_solo,50,0.25,IoU,1229,445,542,73.41696535244922,69.39582156973462,71.34978229317852
juniperus_seg_homogeneous_20260905_105741,field_work,expert_E2_illum_solo,50,0.25,S-IoU,1321,353,318,78.91278375149344,80.59792556436852,79.74645336552973
juniperus_seg_homogeneous_20260905_105741,field_work,expert_E2_illum_solo,50,0.3,IoU,1193,368,578,76.42536835361948,67.3630717108978,71.60864345738295
juniperus_seg_homogeneous_20260905_105741,field_work,expert_E2_illum_solo,50,0.3,S-IoU,1264,297,362,80.97373478539399,77.73677736777368,79.32224662692188
juniperus_seg_homogeneous_20260905_105741,field_work,expert_E2_illum_solo,50,0.35,IoU,1160,298,611,79.56104252400549,65.49971767363073,71.84886961907712
juniperus_seg_homogeneous_20260905_105741,field_work,expert_E2_illum_solo,50,0.35,S-IoU,1222,236,400,83.81344307270233,75.33908754623921,79.35064935064935
juniperus_seg_homogeneous_20260905_105741,field_work,expert_E2_illum_solo,50,0.4,IoU,1122,254,649,81.54069767441861,63.35403726708074,71.30600571973308
juniperus_seg_homogeneous_20260905_105741,field_work,expert_E2_illum_solo,50,0.4,S-IoU,1177,199,437,85.53779069767442,72.92441140024783,78.72909698996655
juniperus_seg_homogeneous_20260905_105741,field_work,expert_E2_illum_solo,50,0.45,IoU,1092,203,679,84.32432432432432,61.6600790513834,71.23287671232876
juniperus_seg_homogeneous_20260905_105741,field_work,expert_E2_illum_solo,50,0.45,S-IoU,1130,165,481,87.25868725868726,70.14276846679081,77.77013076393669
juniperus_seg_homogeneous_20260905_105741,field_work,expert_E2_illum_solo,50,0.5,IoU,1051,166,720,86.35990139687758,59.34500282326369,70.34805890227577
juniperus_seg_homogeneous_20260905_105741,field_work,expert_E2_illum_solo,50,0.5,S-IoU,1082,135,535,88.90714872637633,66.91403834260977,76.35850388143966
juniperus_seg_homogeneous_20260905_105741,field_work,expert_E2_illum_solo,50,0.55,IoU,1008,135,763,88.18897637795276,56.916996047430835,69.18325326012355
juniperus_seg_homogeneous_20260905_105741,field_work,expert_E2_illum_solo,50,0.55,S-IoU,1033,110,587,90.37620297462817,63.76543209876543,74.77379659790083
juniperus_seg_homogeneous_20260905_105741,field_work,expert_E2_illum_solo,50,0.6,IoU,961,109,810,89.81308411214954,54.26312817617166,67.6522351284759
juniperus_seg_homogeneous_20260905_105741,field_work,expert_E2_illum_solo,50,0.6,S-IoU,975,95,647,91.1214953271028,60.11097410604192,72.43684992570579
juniperus_seg_homogeneous_20260905_105741,field_work,expert_E2_illum_solo,50,0.7,IoU,790,61,981,92.8319623971798,44.60756634669678,60.259344012204416
juniperus_seg_homogeneous_20260905_105741,field_work,expert_E2_illum_solo,50,0.7,S-IoU,791,60,849,92.94947121034077,48.231707317073166,63.50863107185869
juniperus_seg_homogeneous_20260905_105741,field_work,expert_E2_illum_solo,50,0.8,IoU,541,31,1230,94.58041958041959,30.547713156408808,46.18011096884336
juniperus_seg_homogeneous_20260905_105741,field_work,expert_E2_illum_solo,50,0.8,S-IoU,542,30,1135,94.75524475524476,32.319618366129994,48.19919964428635
juniperus_seg_homogeneous_20260905_105741,field_work,expert_E2_illum_solo,50,0.9,IoU,119,2,1652,98.34710743801654,6.719367588932807,12.579281183932345
juniperus_seg_homogeneous_20260905_105741,field_work,expert_E2_illum_solo,50,0.9,S-IoU,120,1,1643,99.17355371900827,6.806579693703914,12.738853503184716
juniperus_seg_homogeneous_20260905_105741,field_work,expert_E2_illum_solo,75,0.02,IoU,703,2873,1068,19.658836689038033,39.69508752117448,26.295118758182156
juniperus_seg_homogeneous_20260905_105741,field_work,expert_E2_illum_solo,75,0.02,S-IoU,1288,2288,268,36.017897091722595,82.77634961439588,50.19485580670303
juniperus_seg_homogeneous_20260905_105741,field_work,expert_E2_illum_solo,75,0.05,IoU,697,2017,1074,25.681650700073693,39.356295878035006,31.081382385730212
juniperus_seg_homogeneous_20260905_105741,field_work,expert_E2_illum_solo,75,0.05,S-IoU,1234,1480,299,45.467943994104644,80.49575994781473,58.111608194019304
juniperus_seg_homogeneous_20260905_105741,field_work,expert_E2_illum_solo,75,0.08,IoU,689,1691,1082,28.949579831932777,38.90457368718238,33.19682004336305
juniperus_seg_homogeneous_20260905_105741,field_work,expert_E2_illum_solo,75,0.08,S-IoU,1197,1183,324,50.294117647058826,78.69822485207101,61.36887977441682
juniperus_seg_homogeneous_20260905_105741,field_work,expert_E2_illum_solo,75,0.1,IoU,684,1549,1087,30.631437527989252,38.62224731789949,34.16583416583417
juniperus_seg_homogeneous_20260905_105741,field_work,expert_E2_illum_solo,75,0.1,S-IoU,1174,1059,346,52.57501119570085,77.23684210526316,62.5632827071676
juniperus_seg_homogeneous_20260905_105741,field_work,expert_E2_illum_solo,75,0.12,IoU,677,1405,1094,32.51681075888569,38.226990400903446,35.14144822216455
juniperus_seg_homogeneous_20260905_105741,field_work,expert_E2_illum_solo,75,0.12,S-IoU,1150,932,365,55.235350624399615,75.9075907590759,63.94217403391714
juniperus_seg_homogeneous_20260905_105741,field_work,expert_E2_illum_solo,75,0.15,IoU,673,1282,1098,34.42455242966752,38.001129305477136,36.124530327428886
juniperus_seg_homogeneous_20260905_105741,field_work,expert_E2_illum_solo,75,0.15,S-IoU,1136,819,378,58.107416879795394,75.0330250990753,65.4943787835111
juniperus_seg_homogeneous_20260905_105741,field_work,expert_E2_illum_solo,75,0.18,IoU,667,1188,1104,35.95687331536388,37.66233766233766,36.78985107556536
juniperus_seg_homogeneous_20260905_105741,field_work,expert_E2_illum_solo,75,0.18,S-IoU,1120,735,395,60.37735849056604,73.92739273927393,66.46884272997032
juniperus_seg_homogeneous_20260905_105741,field_work,expert_E2_illum_solo,75,0.2,IoU,666,1133,1105,37.02056698165648,37.60587238848108,37.31092436974791
juniperus_seg_homogeneous_20260905_105741,field_work,expert_E2_illum_solo,75,0.2,S-IoU,1109,690,402,61.64535853251807,73.39510258107214,67.00906344410876
juniperus_seg_homogeneous_20260905_105741,field_work,expert_E2_illum_solo,75,0.25,IoU,658,1016,1113,39.30704898446834,37.15415019762846,38.20029027576198
juniperus_seg_homogeneous_20260905_105741,field_work,expert_E2_illum_solo,75,0.25,S-IoU,1081,593,432,64.57586618876941,71.44745538664904,67.83809224976467
juniperus_seg_homogeneous_20260905_105741,field_work,expert_E2_illum_solo,75,0.3,IoU,651,910,1120,41.70403587443946,36.75889328063241,39.07563025210084
juniperus_seg_homogeneous_20260905_105741,field_work,expert_E2_illum_solo,75,0.3,S-IoU,1050,511,460,67.2645739910314,69.5364238410596,68.38163464669489
juniperus_seg_homogeneous_20260905_105741,field_work,expert_E2_illum_solo,75,0.35,IoU,640,818,1131,43.895747599451305,36.13777526821005,39.64075565190462
juniperus_seg_homogeneous_20260905_105741,field_work,expert_E2_illum_solo,75,0.35,S-IoU,1020,438,502,69.95884773662551,67.01708278580814,68.45637583892618
juniperus_seg_homogeneous_20260905_105741,field_work,expert_E2_illum_solo,75,0.4,IoU,629,747,1142,45.712209302325576,35.51665725578769,39.974578964092785
juniperus_seg_homogeneous_20260905_105741,field_work,expert_E2_illum_solo,75,0.4,S-IoU,990,386,538,71.94767441860465,64.79057591623037,68.18181818181817
juniperus_seg_homogeneous_20260905_105741,field_work,expert_E2_illum_solo,75,0.45,IoU,621,674,1150,47.95366795366795,35.064935064935064,40.50880626223092
juniperus_seg_homogeneous_20260905_105741,field_work,expert_E2_illum_solo,75,0.45,S-IoU,965,330,580,74.5173745173745,62.45954692556634,67.95774647887323
juniperus_seg_homogeneous_20260905_105741,field_work,expert_E2_illum_solo,75,0.5,IoU,604,613,1167,49.63023829087921,34.10502540937323,40.42838018741633
juniperus_seg_homogeneous_20260905_105741,field_work,expert_E2_illum_solo,75,0.5,S-IoU,937,280,620,76.99260476581759,60.179833012202955,67.55587599134824
juniperus_seg_homogeneous_20260905_105741,field_work,expert_E2_illum_solo,75,0.55,IoU,597,546,1174,52.23097112860893,33.709768492377194,40.97460535346603
juniperus_seg_homogeneous_20260905_105741,field_work,expert_E2_illum_solo,75,0.55,S-IoU,904,239,663,79.09011373578304,57.68985322271857,66.71586715867159
juniperus_seg_homogeneous_20260905_105741,field_work,expert_E2_illum_solo,75,0.6,IoU,577,493,1194,53.925233644859816,32.58046301524563,40.619500175994375
juniperus_seg_homogeneous_20260905_105741,field_work,expert_E2_illum_solo,75,0.6,S-IoU,866,204,717,80.93457943925235,54.706253948199624,65.28458349038824
juniperus_seg_homogeneous_20260905_105741,field_work,expert_E2_illum_solo,75,0.7,IoU,515,336,1256,60.51703877790834,29.07961603613777,39.28299008390541
juniperus_seg_homogeneous_20260905_105741,field_work,expert_E2_illum_solo,75,0.7,S-IoU,719,132,896,84.4888366627497,44.52012383900929,58.31305758313058
juniperus_seg_homogeneous_20260905_105741,field_work,expert_E2_illum_solo,75,0.8,IoU,413,159,1358,72.2027972027972,23.3201581027668,35.25394793000427
juniperus_seg_homogeneous_20260905_105741,field_work,expert_E2_illum_solo,75,0.8,S-IoU,506,66,1156,88.46153846153845,30.445246690734056,45.29991047448523
juniperus_seg_homogeneous_20260905_105741,field_work,expert_E2_illum_solo,75,0.9,IoU,114,7,1657,94.21487603305785,6.437041219649915,12.050739957716702
juniperus_seg_homogeneous_20260905_105741,field_work,expert_E2_illum_solo,75,0.9,S-IoU,112,9,1644,92.56198347107438,6.378132118451026,11.933937133724028
juniperus_seg_homogeneous_20260905_105741,field_work,expert_E3_geom_solo,50,0.02,IoU,1496,3300,275,31.19266055045872,84.472049689441,45.56113902847571
juniperus_seg_homogeneous_20260905_105741,field_work,expert_E3_geom_solo,50,0.02,S-IoU,2045,2751,95,42.63969974979149,95.56074766355141,58.96770472895041
juniperus_seg_homogeneous_20260905_105741,field_work,expert_E3_geom_solo,50,0.05,IoU,1450,1960,321,42.52199413489736,81.8746470920384,55.97375024126616
juniperus_seg_homogeneous_20260905_105741,field_work,expert_E3_geom_solo,50,0.05,S-IoU,1819,1591,132,53.34310850439883,93.23423885187083,67.86047379220295
juniperus_seg_homogeneous_20260905_105741,field_work,expert_E3_geom_solo,50,0.08,IoU,1414,1426,357,49.7887323943662,79.84189723320159,61.33159835176751
juniperus_seg_homogeneous_20260905_105741,field_work,expert_E3_geom_solo,50,0.08,S-IoU,1701,1139,158,59.8943661971831,91.50080688542226,72.39838263460311
juniperus_seg_homogeneous_20260905_105741,field_work,expert_E3_geom_solo,50,0.1,IoU,1396,1179,375,54.21359223300971,78.82552230378317,64.24298205246203
juniperus_seg_homogeneous_20260905_105741,field_work,expert_E3_geom_solo,50,0.1,S-IoU,1635,940,167,63.49514563106796,90.73251942286349,74.70870459218642
juniperus_seg_homogeneous_20260905_105741,field_work,expert_E3_geom_solo,50,0.12,IoU,1371,1000,400,57.82370307886967,77.41389045736872,66.1999034282955
juniperus_seg_homogeneous_20260905_105741,field_work,expert_E3_geom_solo,50,0.12,S-IoU,1577,794,186,66.51202024462253,89.44980147475894,76.29414610546687
juniperus_seg_homogeneous_20260905_105741,field_work,expert_E3_geom_solo,50,0.15,IoU,1350,833,421,61.84150251946862,76.22811970638057,68.28528072837632
juniperus_seg_homogeneous_20260905_105741,field_work,expert_E3_geom_solo,50,0.15,S-IoU,1527,656,206,69.94961062757673,88.11309867282169,77.98774259448416
juniperus_seg_homogeneous_20260905_105741,field_work,expert_E3_geom_solo,50,0.18,IoU,1312,681,459,65.83040642247867,74.08243929983061,69.71307120085015
juniperus_seg_homogeneous_20260905_105741,field_work,expert_E3_geom_solo,50,0.18,S-IoU,1463,530,238,73.40692423482189,86.0082304526749,79.20952896589064
juniperus_seg_homogeneous_20260905_105741,field_work,expert_E3_geom_solo,50,0.2,IoU,1297,610,474,68.01258521237546,73.23546019198193,70.52746057640022
juniperus_seg_homogeneous_20260905_105741,field_work,expert_E3_geom_solo,50,0.2,S-IoU,1429,478,255,74.93445201887782,84.85748218527316,79.58785853522696
juniperus_seg_homogeneous_20260905_105741,field_work,expert_E3_geom_solo,50,0.25,IoU,1246,475,525,72.39976757699013,70.35573122529645,71.36311569301262
juniperus_seg_homogeneous_20260905_105741,field_work,expert_E3_geom_solo,50,0.25,S-IoU,1349,372,307,78.38466008134806,81.46135265700482,79.89339650577436
juniperus_seg_homogeneous_20260905_105741,field_work,expert_E3_geom_solo,50,0.3,IoU,1190,342,581,77.67624020887729,67.19367588932806,72.05570693309113
juniperus_seg_homogeneous_20260905_105741,field_work,expert_E3_geom_solo,50,0.3,S-IoU,1256,276,383,81.98433420365535,76.63209273947528,79.21791233049512
juniperus_seg_homogeneous_20260905_105741,field_work,expert_E3_geom_solo,50,0.35,IoU,1131,257,640,81.48414985590779,63.86222473178995,71.60493827160495
juniperus_seg_homogeneous_20260905_105741,field_work,expert_E3_geom_solo,50,0.35,S-IoU,1183,205,457,85.23054755043228,72.1341463414634,78.13738441215324
juniperus_seg_homogeneous_20260905_105741,field_work,expert_E3_geom_solo,50,0.4,IoU,1087,209,684,83.87345679012346,61.37775268210051,70.88359960873818
juniperus_seg_homogeneous_20260905_105741,field_work,expert_E3_geom_solo,50,0.4,S-IoU,1125,171,509,86.80555555555556,68.84944920440637,76.79180887372013
juniperus_seg_homogeneous_20260905_105741,field_work,expert_E3_geom_solo,50,0.45,IoU,1025,164,746,86.20689655172413,57.876905702992666,69.25675675675676
juniperus_seg_homogeneous_20260905_105741,field_work,expert_E3_geom_solo,50,0.45,S-IoU,1048,141,582,88.14129520605552,64.29447852760735,74.35260730755587
juniperus_seg_homogeneous_20260905_105741,field_work,expert_E3_geom_solo,50,0.5,IoU,951,125,820,88.38289962825279,53.69847543760587,66.80716543730242
juniperus_seg_homogeneous_20260905_105741,field_work,expert_E3_geom_solo,50,0.5,S-IoU,968,108,670,89.96282527881041,59.0964590964591,71.33382461311717
juniperus_seg_homogeneous_20260905_105741,field_work,expert_E3_geom_solo,50,0.55,IoU,882,96,889,90.1840490797546,49.80237154150198,64.16878865041834
juniperus_seg_homogeneous_20260905_105741,field_work,expert_E3_geom_solo,50,0.55,S-IoU,889,89,762,90.8997955010225,53.84615384615385,67.63027767211868
juniperus_seg_homogeneous_20260905_105741,field_work,expert_E3_geom_solo,50,0.6,IoU,787,63,984,92.58823529411765,44.43817052512705,60.05341472720336
juniperus_seg_homogeneous_20260905_105741,field_work,expert_E3_geom_solo,50,0.6,S-IoU,788,62,876,92.70588235294117,47.355769230769226,62.68894192521878
juniperus_seg_homogeneous_20260905_105741,field_work,expert_E3_geom_solo,50,0.7,IoU,578,16,1193,97.3063973063973,32.6369282891022,48.879492600422836
juniperus_seg_homogeneous_20260905_105741,field_work,expert_E3_geom_solo,50,0.7,S-IoU,569,25,1150,95.7912457912458,33.10063990692263,49.20017293558149
juniperus_seg_homogeneous_20260905_105741,field_work,expert_E3_geom_solo,50,0.8,IoU,302,3,1469,99.01639344262296,17.052512704686617,29.094412331406556
juniperus_seg_homogeneous_20260905_105741,field_work,expert_E3_geom_solo,50,0.8,S-IoU,295,10,1455,96.72131147540983,16.857142857142858,28.710462287104622
juniperus_seg_homogeneous_20260905_105741,field_work,expert_E3_geom_solo,50,0.9,IoU,39,0,1732,100.0,2.20214568040655,4.30939226519337
juniperus_seg_homogeneous_20260905_105741,field_work,expert_E3_geom_solo,50,0.9,S-IoU,39,0,1731,100.0,2.2033898305084745,4.311774461028192
juniperus_seg_homogeneous_20260905_105741,field_work,expert_E3_geom_solo,75,0.02,IoU,686,4110,1085,14.303586321934947,38.73517786561265,20.89234049033044
juniperus_seg_homogeneous_20260905_105741,field_work,expert_E3_geom_solo,75,0.02,S-IoU,1471,3325,191,30.67139282735613,88.50782190132371,45.55589965933726
juniperus_seg_homogeneous_20260905_105741,field_work,expert_E3_geom_solo,75,0.05,IoU,674,2736,1097,19.765395894428153,38.05759457933371,26.018143215595448
juniperus_seg_homogeneous_20260905_105741,field_work,expert_E3_geom_solo,75,0.05,S-IoU,1359,2051,233,39.8533724340176,85.3643216080402,54.33826469412235
juniperus_seg_homogeneous_20260905_105741,field_work,expert_E3_geom_solo,75,0.08,IoU,668,2172,1103,23.52112676056338,37.71880293619424,28.97419214920841
juniperus_seg_homogeneous_20260905_105741,field_work,expert_E3_geom_solo,75,0.08,S-IoU,1303,1537,259,45.88028169014085,83.41869398207426,59.20036347114947
juniperus_seg_homogeneous_20260905_105741,field_work,expert_E3_geom_solo,75,0.1,IoU,665,1910,1106,25.8252427184466,37.54940711462451,30.602853198343304
juniperus_seg_homogeneous_20260905_105741,field_work,expert_E3_geom_solo,75,0.1,S-IoU,1272,1303,273,49.398058252427184,82.33009708737865,61.74757281553399
juniperus_seg_homogeneous_20260905_105741,field_work,expert_E3_geom_solo,75,0.12,IoU,661,1710,1110,27.878532264867147,37.3235460191982,31.916948334138095
juniperus_seg_homogeneous_20260905_105741,field_work,expert_E3_geom_solo,75,0.12,S-IoU,1243,1128,289,52.425137072964986,81.13577023498695,63.69459390212656
juniperus_seg_homogeneous_20260905_105741,field_work,expert_E3_geom_solo,75,0.15,IoU,660,1523,1111,30.233623453962437,37.267080745341616,33.383915022761755
juniperus_seg_homogeneous_20260905_105741,field_work,expert_E3_geom_solo,75,0.15,S-IoU,1220,963,305,55.88639486944572,80.0,65.80366774541532
juniperus_seg_homogeneous_20260905_105741,field_work,expert_E3_geom_solo,75,0.18,IoU,648,1345,1123,32.5137982940291,36.58949745906268,34.431455897980875
juniperus_seg_homogeneous_20260905_105741,field_work,expert_E3_geom_solo,75,0.18,S-IoU,1178,815,338,59.10687405920723,77.70448548812665,67.14163579367342
juniperus_seg_homogeneous_20260905_105741,field_work,expert_E3_geom_solo,75,0.2,IoU,644,1263,1127,33.77031987414787,36.36363636363637,35.01903208265361
juniperus_seg_homogeneous_20260905_105741,field_work,expert_E3_geom_solo,75,0.2,S-IoU,1159,748,355,60.776088096486625,76.55217965653897,67.75796550716164
juniperus_seg_homogeneous_20260905_105741,field_work,expert_E3_geom_solo,75,0.25,IoU,628,1093,1143,36.490412550842535,35.46019198193111,35.967926689576174
juniperus_seg_homogeneous_20260905_105741,field_work,expert_E3_geom_solo,75,0.25,S-IoU,1102,619,401,64.0325392213829,73.32002661343978,68.3622828784119
juniperus_seg_homogeneous_20260905_105741,field_work,expert_E3_geom_solo,75,0.3,IoU,612,920,1159,39.947780678851174,34.55674760022586,37.05722070844686
juniperus_seg_homogeneous_20260905_105741,field_work,expert_E3_geom_solo,75,0.3,S-IoU,1044,488,478,68.1462140992167,68.5939553219448,68.36935166994105
juniperus_seg_homogeneous_20260905_105741,field_work,expert_E3_geom_solo,75,0.35,IoU,599,789,1172,43.15561959654179,33.82269904009034,37.92339347894903
juniperus_seg_homogeneous_20260905_105741,field_work,expert_E3_geom_solo,75,0.35,S-IoU,1003,385,541,72.26224783861672,64.96113989637306,68.41746248294679
juniperus_seg_homogeneous_20260905_105741,field_work,expert_E3_geom_solo,75,0.4,IoU,588,708,1183,45.370370370370374,33.201581027667984,38.343658298011086
juniperus_seg_homogeneous_20260905_105741,field_work,expert_E3_geom_solo,75,0.4,S-IoU,967,329,585,74.6141975308642,62.30670103092783,67.90730337078652
juniperus_seg_homogeneous_20260905_105741,field_work,expert_E3_geom_solo,75,0.45,IoU,567,622,1204,47.68713204373423,32.015810276679844,38.31081081081081
juniperus_seg_homogeneous_20260905_105741,field_work,expert_E3_geom_solo,75,0.45,S-IoU,913,276,655,76.78721614802355,58.22704081632652,66.23141095393544
juniperus_seg_homogeneous_20260905_105741,field_work,expert_E3_geom_solo,75,0.5,IoU,535,541,1236,49.721189591078065,30.20892151326934,37.58342114506498
juniperus_seg_homogeneous_20260905_105741,field_work,expert_E3_geom_solo,75,0.5,S-IoU,850,226,738,78.99628252788105,53.5264483627204,63.813813813813816
juniperus_seg_homogeneous_20260905_105741,field_work,expert_E3_geom_solo,75,0.55,IoU,512,466,1259,52.3517382413088,28.91022021456804,37.24990905783921
juniperus_seg_homogeneous_20260905_105741,field_work,expert_E3_geom_solo,75,0.55,S-IoU,792,186,819,80.98159509202453,49.162011173184354,61.1819235225956
juniperus_seg_homogeneous_20260905_105741,field_work,expert_E3_geom_solo,75,0.6,IoU,482,368,1289,56.705882352941174,27.216261998870696,36.77985501716902
juniperus_seg_homogeneous_20260905_105741,field_work,expert_E3_geom_solo,75,0.6,S-IoU,715,135,920,84.11764705882354,43.730886850152906,57.54527162977867
juniperus_seg_homogeneous_20260905_105741,field_work,expert_E3_geom_solo,75,0.7,IoU,402,192,1369,67.67676767676768,22.69904009034444,33.99577167019028
juniperus_seg_homogeneous_20260905_105741,field_work,expert_E3_geom_solo,75,0.7,S-IoU,533,61,1165,89.73063973063972,31.389870435806834,46.50959860383945
juniperus_seg_homogeneous_20260905_105741,field_work,expert_E3_geom_solo,75,0.8,IoU,251,54,1520,82.29508196721311,14.17278373800113,24.18111753371869
juniperus_seg_homogeneous_20260905_105741,field_work,expert_E3_geom_solo,75,0.8,S-IoU,286,19,1457,93.77049180327869,16.408491107286288,27.9296875
juniperus_seg_homogeneous_20260905_105741,field_work,expert_E3_geom_solo,75,0.9,IoU,38,1,1733,97.43589743589743,2.1456804065499715,4.198895027624309
juniperus_seg_homogeneous_20260905_105741,field_work,expert_E3_geom_solo,75,0.9,S-IoU,39,0,1731,100.0,2.2033898305084745,4.311774461028192
juniperus_seg_homogeneous_20260905_105741,test,btm_forest_ensemble_weighted,50,0.02,IoU,652,393,38,62.39234449760765,94.4927536231884,75.1585014409222
juniperus_seg_homogeneous_20260905_105741,test,btm_forest_ensemble_weighted,50,0.02,S-IoU,715,330,12,68.42105263157895,98.34938101788171,80.6997742663657
juniperus_seg_homogeneous_20260905_105741,test,btm_forest_ensemble_weighted,50,0.05,IoU,652,393,38,62.39234449760765,94.4927536231884,75.1585014409222
juniperus_seg_homogeneous_20260905_105741,test,btm_forest_ensemble_weighted,50,0.05,S-IoU,715,330,12,68.42105263157895,98.34938101788171,80.6997742663657
juniperus_seg_homogeneous_20260905_105741,test,btm_forest_ensemble_weighted,50,0.08,IoU,652,393,38,62.39234449760765,94.4927536231884,75.1585014409222
juniperus_seg_homogeneous_20260905_105741,test,btm_forest_ensemble_weighted,50,0.08,S-IoU,715,330,12,68.42105263157895,98.34938101788171,80.6997742663657
juniperus_seg_homogeneous_20260905_105741,test,btm_forest_ensemble_weighted,50,0.1,IoU,643,313,47,67.25941422594143,93.18840579710145,78.12879708383961
juniperus_seg_homogeneous_20260905_105741,test,btm_forest_ensemble_weighted,50,0.1,S-IoU,691,265,16,72.28033472803347,97.73691654879774,83.1028262176789
juniperus_seg_homogeneous_20260905_105741,test,btm_forest_ensemble_weighted,50,0.12,IoU,631,257,59,71.05855855855856,91.44927536231884,79.97465145754119
juniperus_seg_homogeneous_20260905_105741,test,btm_forest_ensemble_weighted,50,0.12,S-IoU,671,217,23,75.56306306306307,96.68587896253602,84.82932996207333
juniperus_seg_homogeneous_20260905_105741,test,btm_forest_ensemble_weighted,50,0.15,IoU,612,173,78,77.96178343949045,88.69565217391305,82.98305084745763
juniperus_seg_homogeneous_20260905_105741,test,btm_forest_ensemble_weighted,50,0.15,S-IoU,640,145,37,81.52866242038218,94.53471196454947,87.55129958960327
juniperus_seg_homogeneous_20260905_105741,test,btm_forest_ensemble_weighted,50,0.18,IoU,589,118,101,83.30975954738331,85.3623188405797,84.32355046528275
juniperus_seg_homogeneous_20260905_105741,test,btm_forest_ensemble_weighted,50,0.18,S-IoU,612,95,55,86.56294200848656,91.75412293853074,89.08296943231441
juniperus_seg_homogeneous_20260905_105741,test,btm_forest_ensemble_weighted,50,0.2,IoU,571,86,119,86.91019786910198,82.7536231884058,84.78099480326651
juniperus_seg_homogeneous_20260905_105741,test,btm_forest_ensemble_weighted,50,0.2,S-IoU,590,67,69,89.8021308980213,89.52959028831563,89.66565349544072
juniperus_seg_homogeneous_20260905_105741,test,btm_forest_ensemble_weighted,50,0.25,IoU,483,28,207,94.52054794520548,70.0,80.43297252289759
juniperus_seg_homogeneous_20260905_105741,test,btm_forest_ensemble_weighted,50,0.25,S-IoU,488,23,168,95.49902152641879,74.39024390243902,83.63324764353041
juniperus_seg_homogeneous_20260905_105741,test,btm_forest_ensemble_weighted,50,0.3,IoU,185,3,505,98.40425531914893,26.811594202898554,42.14123006833713
juniperus_seg_homogeneous_20260905_105741,test,btm_forest_ensemble_weighted,50,0.3,S-IoU,182,6,495,96.80851063829788,26.88330871491876,42.080924855491325
juniperus_seg_homogeneous_20260905_105741,test,btm_forest_ensemble_weighted,50,0.35,IoU,0,0,690,0.0,0.0,0.0
juniperus_seg_homogeneous_20260905_105741,test,btm_forest_ensemble_weighted,50,0.35,S-IoU,0,0,690,0.0,0.0,0.0
juniperus_seg_homogeneous_20260905_105741,test,btm_forest_ensemble_weighted,50,0.4,IoU,0,0,690,0.0,0.0,0.0
juniperus_seg_homogeneous_20260905_105741,test,btm_forest_ensemble_weighted,50,0.4,S-IoU,0,0,690,0.0,0.0,0.0
juniperus_seg_homogeneous_20260905_105741,test,btm_forest_ensemble_weighted,50,0.45,IoU,0,0,690,0.0,0.0,0.0
juniperus_seg_homogeneous_20260905_105741,test,btm_forest_ensemble_weighted,50,0.45,S-IoU,0,0,690,0.0,0.0,0.0
juniperus_seg_homogeneous_20260905_105741,test,btm_forest_ensemble_weighted,50,0.5,IoU,0,0,690,0.0,0.0,0.0
juniperus_seg_homogeneous_20260905_105741,test,btm_forest_ensemble_weighted,50,0.5,S-IoU,0,0,690,0.0,0.0,0.0
juniperus_seg_homogeneous_20260905_105741,test,btm_forest_ensemble_weighted,50,0.55,IoU,0,0,690,0.0,0.0,0.0
juniperus_seg_homogeneous_20260905_105741,test,btm_forest_ensemble_weighted,50,0.55,S-IoU,0,0,690,0.0,0.0,0.0
juniperus_seg_homogeneous_20260905_105741,test,btm_forest_ensemble_weighted,50,0.6,IoU,0,0,690,0.0,0.0,0.0
juniperus_seg_homogeneous_20260905_105741,test,btm_forest_ensemble_weighted,50,0.6,S-IoU,0,0,690,0.0,0.0,0.0
juniperus_seg_homogeneous_20260905_105741,test,btm_forest_ensemble_weighted,50,0.7,IoU,0,0,690,0.0,0.0,0.0
juniperus_seg_homogeneous_20260905_105741,test,btm_forest_ensemble_weighted,50,0.7,S-IoU,0,0,690,0.0,0.0,0.0
juniperus_seg_homogeneous_20260905_105741,test,btm_forest_ensemble_weighted,50,0.8,IoU,0,0,690,0.0,0.0,0.0
juniperus_seg_homogeneous_20260905_105741,test,btm_forest_ensemble_weighted,50,0.8,S-IoU,0,0,690,0.0,0.0,0.0
juniperus_seg_homogeneous_20260905_105741,test,btm_forest_ensemble_weighted,50,0.9,IoU,0,0,690,0.0,0.0,0.0
juniperus_seg_homogeneous_20260905_105741,test,btm_forest_ensemble_weighted,50,0.9,S-IoU,0,0,690,0.0,0.0,0.0
juniperus_seg_homogeneous_20260905_105741,test,btm_forest_ensemble_weighted,75,0.02,IoU,522,523,168,49.952153110047846,75.65217391304347,60.17291066282421
juniperus_seg_homogeneous_20260905_105741,test,btm_forest_ensemble_weighted,75,0.02,S-IoU,628,417,31,60.0956937799043,95.2959028831563,73.70892018779342
juniperus_seg_homogeneous_20260905_105741,test,btm_forest_ensemble_weighted,75,0.05,IoU,522,523,168,49.952153110047846,75.65217391304347,60.17291066282421
juniperus_seg_homogeneous_20260905_105741,test,btm_forest_ensemble_weighted,75,0.05,S-IoU,628,417,31,60.0956937799043,95.2959028831563,73.70892018779342
juniperus_seg_homogeneous_20260905_105741,test,btm_forest_ensemble_weighted,75,0.08,IoU,522,523,168,49.952153110047846,75.65217391304347,60.17291066282421
juniperus_seg_homogeneous_20260905_105741,test,btm_forest_ensemble_weighted,75,0.08,S-IoU,628,417,31,60.0956937799043,95.2959028831563,73.70892018779342
juniperus_seg_homogeneous_20260905_105741,test,btm_forest_ensemble_weighted,75,0.1,IoU,514,442,176,53.76569037656904,74.4927536231884,62.454434993924664
juniperus_seg_homogeneous_20260905_105741,test,btm_forest_ensemble_weighted,75,0.1,S-IoU,615,341,38,64.3305439330544,94.18070444104136,76.4449968924798
juniperus_seg_homogeneous_20260905_105741,test,btm_forest_ensemble_weighted,75,0.12,IoU,508,380,182,57.20720720720721,73.62318840579711,64.38529784537388
juniperus_seg_homogeneous_20260905_105741,test,btm_forest_ensemble_weighted,75,0.12,S-IoU,601,287,44,67.68018018018019,93.1782945736434,78.40834964122635
juniperus_seg_homogeneous_20260905_105741,test,btm_forest_ensemble_weighted,75,0.15,IoU,502,283,188,63.94904458598726,72.7536231884058,68.0677966101695
juniperus_seg_homogeneous_20260905_105741,test,btm_forest_ensemble_weighted,75,0.15,S-IoU,582,203,57,74.14012738853502,91.07981220657277,81.74157303370785
juniperus_seg_homogeneous_20260905_105741,test,btm_forest_ensemble_weighted,75,0.18,IoU,493,214,197,69.73125884016973,71.44927536231884,70.5798138869005
juniperus_seg_homogeneous_20260905_105741,test,btm_forest_ensemble_weighted,75,0.18,S-IoU,561,146,77,79.34936350777934,87.93103448275862,83.42007434944237
juniperus_seg_homogeneous_20260905_105741,test,btm_forest_ensemble_weighted,75,0.2,IoU,485,172,205,73.82039573820396,70.28985507246377,72.01187824795842
juniperus_seg_homogeneous_20260905_105741,test,btm_forest_ensemble_weighted,75,0.2,S-IoU,546,111,91,83.10502283105022,85.71428571428571,84.38948995363215
juniperus_seg_homogeneous_20260905_105741,test,btm_forest_ensemble_weighted,75,0.25,IoU,439,72,251,85.90998043052838,63.6231884057971,73.10574521232306
juniperus_seg_homogeneous_20260905_105741,test,btm_forest_ensemble_weighted,75,0.25,S-IoU,470,41,175,91.97651663405088,72.86821705426357,81.31487889273356
juniperus_seg_homogeneous_20260905_105741,test,btm_forest_ensemble_weighted,75,0.3,IoU,181,7,509,96.27659574468085,26.231884057971016,41.23006833712984
juniperus_seg_homogeneous_20260905_105741,test,btm_forest_ensemble_weighted,75,0.3,S-IoU,180,8,495,95.74468085106383,26.666666666666668,41.714947856315185
juniperus_seg_homogeneous_20260905_105741,test,btm_forest_ensemble_weighted,75,0.35,IoU,0,0,690,0.0,0.0,0.0
juniperus_seg_homogeneous_20260905_105741,test,btm_forest_ensemble_weighted,75,0.35,S-IoU,0,0,690,0.0,0.0,0.0
juniperus_seg_homogeneous_20260905_105741,test,btm_forest_ensemble_weighted,75,0.4,IoU,0,0,690,0.0,0.0,0.0
juniperus_seg_homogeneous_20260905_105741,test,btm_forest_ensemble_weighted,75,0.4,S-IoU,0,0,690,0.0,0.0,0.0
juniperus_seg_homogeneous_20260905_105741,test,btm_forest_ensemble_weighted,75,0.45,IoU,0,0,690,0.0,0.0,0.0
juniperus_seg_homogeneous_20260905_105741,test,btm_forest_ensemble_weighted,75,0.45,S-IoU,0,0,690,0.0,0.0,0.0
juniperus_seg_homogeneous_20260905_105741,test,btm_forest_ensemble_weighted,75,0.5,IoU,0,0,690,0.0,0.0,0.0
juniperus_seg_homogeneous_20260905_105741,test,btm_forest_ensemble_weighted,75,0.5,S-IoU,0,0,690,0.0,0.0,0.0
juniperus_seg_homogeneous_20260905_105741,test,btm_forest_ensemble_weighted,75,0.55,IoU,0,0,690,0.0,0.0,0.0
juniperus_seg_homogeneous_20260905_105741,test,btm_forest_ensemble_weighted,75,0.55,S-IoU,0,0,690,0.0,0.0,0.0
juniperus_seg_homogeneous_20260905_105741,test,btm_forest_ensemble_weighted,75,0.6,IoU,0,0,690,0.0,0.0,0.0
juniperus_seg_homogeneous_20260905_105741,test,btm_forest_ensemble_weighted,75,0.6,S-IoU,0,0,690,0.0,0.0,0.0
juniperus_seg_homogeneous_20260905_105741,test,btm_forest_ensemble_weighted,75,0.7,IoU,0,0,690,0.0,0.0,0.0
juniperus_seg_homogeneous_20260905_105741,test,btm_forest_ensemble_weighted,75,0.7,S-IoU,0,0,690,0.0,0.0,0.0
juniperus_seg_homogeneous_20260905_105741,test,btm_forest_ensemble_weighted,75,0.8,IoU,0,0,690,0.0,0.0,0.0
juniperus_seg_homogeneous_20260905_105741,test,btm_forest_ensemble_weighted,75,0.8,S-IoU,0,0,690,0.0,0.0,0.0
juniperus_seg_homogeneous_20260905_105741,test,btm_forest_ensemble_weighted,75,0.9,IoU,0,0,690,0.0,0.0,0.0
juniperus_seg_homogeneous_20260905_105741,test,btm_forest_ensemble_weighted,75,0.9,S-IoU,0,0,690,0.0,0.0,0.0
