experiment,split,mechanism,overlap,score_thr,metric,TP,FP,FN,precision,recall,f1
juniperus_seg_by_region_20260828_114011,field_work,btm_forest_ensemble_uniform,50,0.25,IoU,1225,484,546,71.6793446459918,69.1699604743083,70.40229885057472
juniperus_seg_by_region_20260828_114011,field_work,btm_forest_ensemble_uniform,50,0.25,S-IoU,1382,327,358,80.86600351082505,79.42528735632183,80.13917077413744
juniperus_seg_by_region_20260828_114011,field_work,btm_forest_ensemble_uniform,75,0.25,IoU,692,1017,1079,40.49151550614394,39.073969508752114,39.77011494252873
juniperus_seg_by_region_20260828_114011,field_work,btm_forest_ensemble_uniform,75,0.25,S-IoU,1098,611,457,64.24809830310123,70.61093247588424,67.27941176470588
juniperus_seg_by_region_20260828_114011,field_work,btm_forest_ensemble_weighted,50,0.25,IoU,1056,190,715,84.75120385232745,59.62732919254658,70.00331455087834
juniperus_seg_by_region_20260828_114011,field_work,btm_forest_ensemble_weighted,50,0.25,S-IoU,1102,144,560,88.4430176565008,66.30565583634176,75.79092159559835
juniperus_seg_by_region_20260828_114011,field_work,btm_forest_ensemble_weighted,75,0.25,IoU,634,612,1137,50.88282504012841,35.798983625070576,42.02850513755386
juniperus_seg_by_region_20260828_114011,field_work,btm_forest_ensemble_weighted,75,0.25,S-IoU,926,320,642,74.31781701444623,59.05612244897959,65.8137882018479
juniperus_seg_by_region_20260828_114011,field_work,btm_forest_soup,50,0.25,IoU,1067,173,704,86.04838709677419,60.24844720496895,70.87346396545998
juniperus_seg_by_region_20260828_114011,field_work,btm_forest_soup,50,0.25,S-IoU,1082,158,575,87.25806451612902,65.29873264936631,74.69796341042458
juniperus_seg_by_region_20260828_114011,field_work,btm_forest_soup,75,0.25,IoU,738,502,1033,59.51612903225807,41.67137210615471,49.02025905014946
juniperus_seg_by_region_20260828_114011,field_work,btm_forest_soup,75,0.25,S-IoU,939,301,638,75.7258064516129,59.5434369055168,66.66666666666666
juniperus_seg_by_region_20260828_114011,field_work,dense_baseline,50,0.25,IoU,1155,388,616,74.85418016850292,65.21739130434783,69.70428485214242
juniperus_seg_by_region_20260828_114011,field_work,dense_baseline,50,0.25,S-IoU,1216,327,426,78.80751782242385,74.05602923264311,76.35792778649922
juniperus_seg_by_region_20260828_114011,field_work,dense_baseline,75,0.25,IoU,659,884,1112,42.70900842514583,37.21061547148504,39.77066988533495
juniperus_seg_by_region_20260828_114011,field_work,dense_baseline,75,0.25,S-IoU,1000,543,509,64.80881399870383,66.26905235255136,65.53079947575361
juniperus_seg_by_region_20260828_114011,field_work,expert_E_region0_solo,50,0.25,IoU,1195,349,576,77.39637305699482,67.47600225861096,72.09653092006032
juniperus_seg_by_region_20260828_114011,field_work,expert_E_region0_solo,50,0.25,S-IoU,1269,275,388,82.18911917098445,76.58418829209414,79.28772258669167
juniperus_seg_by_region_20260828_114011,field_work,expert_E_region0_solo,75,0.25,IoU,665,879,1106,43.06994818652849,37.54940711462451,40.12066365007541
juniperus_seg_by_region_20260828_114011,field_work,expert_E_region0_solo,75,0.25,S-IoU,1039,505,501,67.29274611398964,67.46753246753246,67.38002594033722
juniperus_seg_by_region_20260828_114011,field_work,expert_E_region1_solo,50,0.25,IoU,909,166,862,84.55813953488372,51.32693393562959,63.87912860154604
juniperus_seg_by_region_20260828_114011,field_work,expert_E_region1_solo,50,0.25,S-IoU,954,121,706,88.74418604651163,57.46987951807229,69.76234003656306
juniperus_seg_by_region_20260828_114011,field_work,expert_E_region1_solo,75,0.25,IoU,561,514,1210,52.18604651162791,31.67701863354037,39.42375263527758
juniperus_seg_by_region_20260828_114011,field_work,expert_E_region1_solo,75,0.25,S-IoU,817,258,773,76.0,51.38364779874214,61.31332082551595
juniperus_seg_by_region_20260828_114011,field_work,random_ensemble,50,0.25,IoU,1208,515,563,70.11027278003482,68.21005081874647,69.14710933028049
juniperus_seg_by_region_20260828_114011,field_work,random_ensemble,50,0.25,S-IoU,1350,373,305,78.35171213000581,81.57099697885197,79.92895204262878
juniperus_seg_by_region_20260828_114011,field_work,random_ensemble,75,0.25,IoU,626,1097,1145,36.3319791062101,35.347261434217955,35.832856325128795
juniperus_seg_by_region_20260828_114011,field_work,random_ensemble,75,0.25,S-IoU,1121,602,383,65.06094022054556,74.5345744680851,69.47629377130463
juniperus_seg_by_region_20260828_114011,test,btm_forest_ensemble_uniform,50,0.25,IoU,638,271,52,70.18701870187019,92.46376811594205,79.79987492182615
juniperus_seg_by_region_20260828_114011,test,btm_forest_ensemble_uniform,50,0.25,S-IoU,670,239,21,73.7073707370737,96.96092619392184,83.75
juniperus_seg_by_region_20260828_114011,test,btm_forest_ensemble_uniform,75,0.25,IoU,504,405,186,55.44554455445545,73.04347826086956,63.03939962476549
juniperus_seg_by_region_20260828_114011,test,btm_forest_ensemble_uniform,75,0.25,S-IoU,597,312,39,65.67656765676567,93.86792452830188,77.28155339805825
juniperus_seg_by_region_20260828_114011,test,btm_forest_ensemble_weighted,50,0.25,IoU,591,104,99,85.03597122302158,85.65217391304348,85.34296028880865
juniperus_seg_by_region_20260828_114011,test,btm_forest_ensemble_weighted,50,0.25,S-IoU,604,91,62,86.90647482014388,90.69069069069069,88.7582659808964
juniperus_seg_by_region_20260828_114011,test,btm_forest_ensemble_weighted,75,0.25,IoU,484,211,206,69.64028776978417,70.14492753623188,69.89169675090253
juniperus_seg_by_region_20260828_114011,test,btm_forest_ensemble_weighted,75,0.25,S-IoU,558,137,77,80.28776978417265,87.8740157480315,83.90977443609022
juniperus_seg_by_region_20260828_114011,test,btm_forest_soup,50,0.25,IoU,592,114,98,83.85269121813032,85.79710144927536,84.8137535816619
juniperus_seg_by_region_20260828_114011,test,btm_forest_soup,50,0.25,S-IoU,598,108,54,84.70254957507082,91.71779141104297,88.07069219440353
juniperus_seg_by_region_20260828_114011,test,btm_forest_soup,75,0.25,IoU,530,176,160,75.07082152974505,76.81159420289855,75.93123209169055
juniperus_seg_by_region_20260828_114011,test,btm_forest_soup,75,0.25,S-IoU,556,150,64,78.75354107648725,89.6774193548387,83.86123680241326
juniperus_seg_by_region_20260828_114011,test,dense_baseline,50,0.25,IoU,607,186,83,76.54476670870113,87.97101449275362,81.86109238031018
juniperus_seg_by_region_20260828_114011,test,dense_baseline,50,0.25,S-IoU,612,181,41,77.17528373266079,93.72128637059724,84.64730290456431
juniperus_seg_by_region_20260828_114011,test,dense_baseline,75,0.25,IoU,494,299,196,62.29508196721312,71.59420289855073,66.62171274443696
juniperus_seg_by_region_20260828_114011,test,dense_baseline,75,0.25,S-IoU,562,231,52,70.87011349306431,91.53094462540716,79.8862828713575
juniperus_seg_by_region_20260828_114011,test,expert_E_region0_solo,50,0.25,IoU,623,198,67,75.8830694275274,90.28985507246377,82.46194573130377
juniperus_seg_by_region_20260828_114011,test,expert_E_region0_solo,50,0.25,S-IoU,627,194,30,76.37028014616321,95.4337899543379,84.84438430311232
juniperus_seg_by_region_20260828_114011,test,expert_E_region0_solo,75,0.25,IoU,493,328,197,60.048721071863575,71.44927536231884,65.25479814692255
juniperus_seg_by_region_20260828_114011,test,expert_E_region0_solo,75,0.25,S-IoU,567,254,49,69.06211936662606,92.04545454545456,78.91440501043841
juniperus_seg_by_region_20260828_114011,test,expert_E_region1_solo,50,0.25,IoU,567,109,123,83.87573964497041,82.17391304347827,83.0161054172767
juniperus_seg_by_region_20260828_114011,test,expert_E_region1_solo,50,0.25,S-IoU,574,102,71,84.91124260355029,88.9922480620155,86.90386071158214
juniperus_seg_by_region_20260828_114011,test,expert_E_region1_solo,75,0.25,IoU,453,223,237,67.01183431952663,65.65217391304347,66.32503660322108
juniperus_seg_by_region_20260828_114011,test,expert_E_region1_solo,75,0.25,S-IoU,525,151,91,77.66272189349112,85.22727272727273,81.26934984520125
juniperus_seg_by_region_20260828_114011,test,random_ensemble,50,0.25,IoU,624,209,66,74.90996398559425,90.43478260869566,81.9435325016415
juniperus_seg_by_region_20260828_114011,test,random_ensemble,50,0.25,S-IoU,640,193,22,76.83073229291718,96.67673716012084,85.61872909698997
juniperus_seg_by_region_20260828_114011,test,random_ensemble,75,0.25,IoU,489,344,201,58.70348139255702,70.86956521739131,64.21536441234406
juniperus_seg_by_region_20260828_114011,test,random_ensemble,75,0.25,S-IoU,584,249,33,70.10804321728692,94.6515397082658,80.55172413793103
juniperus_seg_by_region_20260831_073029,field_work,btm_forest_ensemble_uniform,50,0.25,IoU,1235,555,536,68.99441340782123,69.73461321287408,69.36253861274923
juniperus_seg_by_region_20260831_073029,field_work,btm_forest_ensemble_uniform,50,0.25,S-IoU,1424,366,323,79.55307262569833,81.51116199198626,80.52021487135991
juniperus_seg_by_region_20260831_073029,field_work,btm_forest_ensemble_uniform,75,0.25,IoU,657,1133,1114,36.703910614525135,37.09768492377188,36.89974726200506
juniperus_seg_by_region_20260831_073029,field_work,btm_forest_ensemble_uniform,75,0.25,S-IoU,1139,651,411,63.63128491620111,73.48387096774194,68.20359281437126
juniperus_seg_by_region_20260831_073029,field_work,btm_forest_ensemble_weighted,50,0.25,IoU,1052,230,719,82.05928237129486,59.40146809712027,68.91582050442187
juniperus_seg_by_region_20260831_073029,field_work,btm_forest_ensemble_weighted,50,0.25,S-IoU,1116,166,529,87.05148205928236,67.8419452887538,76.2555517594807
juniperus_seg_by_region_20260831_073029,field_work,btm_forest_ensemble_weighted,75,0.25,IoU,599,683,1172,46.72386895475819,33.82269904009034,39.24009171306911
juniperus_seg_by_region_20260831_073029,field_work,btm_forest_ensemble_weighted,75,0.25,S-IoU,962,320,593,75.0390015600624,61.86495176848874,67.81811772999647
juniperus_seg_by_region_20260831_073029,field_work,btm_forest_soup,50,0.25,IoU,1105,237,666,82.3397913561848,62.39412761151891,70.99261162865403
juniperus_seg_by_region_20260831_073029,field_work,btm_forest_soup,50,0.25,S-IoU,1168,174,488,87.03427719821163,70.53140096618358,77.91861240827217
juniperus_seg_by_region_20260831_073029,field_work,btm_forest_soup,75,0.25,IoU,632,710,1139,47.093889716840536,35.68605307735743,40.603919049148736
juniperus_seg_by_region_20260831_073029,field_work,btm_forest_soup,75,0.25,S-IoU,1000,342,573,74.51564828614009,63.57279084551812,68.61063464837049
juniperus_seg_by_region_20260831_073029,field_work,dense_baseline,50,0.25,IoU,1213,369,558,76.67509481668773,68.49237718802937,72.35311661198928
juniperus_seg_by_region_20260831_073029,field_work,dense_baseline,50,0.25,S-IoU,1295,287,340,81.85840707964603,79.20489296636084,80.50979173142679
juniperus_seg_by_region_20260831_073029,field_work,dense_baseline,75,0.25,IoU,682,900,1089,43.10998735777497,38.50931677018634,40.67998807038473
juniperus_seg_by_region_20260831_073029,field_work,dense_baseline,75,0.25,S-IoU,1071,511,422,67.69911504424779,71.73476222371065,69.65853658536585
juniperus_seg_by_region_20260831_073029,field_work,expert_E_region0_solo,50,0.25,IoU,1202,400,569,75.03121098626715,67.87125917560701,71.27186480877556
juniperus_seg_by_region_20260831_073029,field_work,expert_E_region0_solo,50,0.25,S-IoU,1292,310,379,80.64918851435705,77.31897067624178,78.94897647418271
juniperus_seg_by_region_20260831_073029,field_work,expert_E_region0_solo,75,0.25,IoU,637,965,1134,39.76279650436954,35.96837944664031,37.77053068485028
juniperus_seg_by_region_20260831_073029,field_work,expert_E_region0_solo,75,0.25,S-IoU,1064,538,490,66.41697877652933,68.46846846846847,67.42712294043093
juniperus_seg_by_region_20260831_073029,field_work,expert_E_region1_solo,50,0.25,IoU,890,206,881,81.2043795620438,50.2540937323546,62.08580397628183
juniperus_seg_by_region_20260831_073029,field_work,expert_E_region1_solo,50,0.25,S-IoU,974,122,639,88.86861313868614,60.38437693738376,71.90845330380213
juniperus_seg_by_region_20260831_073029,field_work,expert_E_region1_solo,75,0.25,IoU,549,547,1222,50.09124087591241,30.999435347261432,38.29787234042553
juniperus_seg_by_region_20260831_073029,field_work,expert_E_region1_solo,75,0.25,S-IoU,836,260,709,76.27737226277372,54.11003236245955,63.309352517985616
juniperus_seg_by_region_20260831_073029,field_work,random_ensemble,50,0.25,IoU,1197,546,574,68.67469879518072,67.58893280632411,68.12749003984064
juniperus_seg_by_region_20260831_073029,field_work,random_ensemble,50,0.25,S-IoU,1345,398,377,77.16580608146873,78.1068524970964,77.63347763347764
juniperus_seg_by_region_20260831_073029,field_work,random_ensemble,75,0.25,IoU,636,1107,1135,36.48881239242685,35.91191417278374,36.19806488332385
juniperus_seg_by_region_20260831_073029,field_work,random_ensemble,75,0.25,S-IoU,1084,659,473,62.19162363740677,69.62106615285806,65.6969696969697
juniperus_seg_by_region_20260831_073029,test,btm_forest_ensemble_uniform,50,0.25,IoU,638,283,52,69.27252985884907,92.46376811594205,79.20546244568591
juniperus_seg_by_region_20260831_073029,test,btm_forest_ensemble_uniform,50,0.25,S-IoU,678,243,19,73.61563517915309,97.27403156384506,83.80716934487022
juniperus_seg_by_region_20260831_073029,test,btm_forest_ensemble_uniform,75,0.25,IoU,488,433,202,52.98588490770901,70.72463768115942,60.58348851644941
juniperus_seg_by_region_20260831_073029,test,btm_forest_ensemble_uniform,75,0.25,S-IoU,609,312,30,66.12377850162866,95.30516431924885,78.07692307692307
juniperus_seg_by_region_20260831_073029,test,btm_forest_ensemble_weighted,50,0.25,IoU,593,129,97,82.13296398891967,85.94202898550725,83.9943342776204
juniperus_seg_by_region_20260831_073029,test,btm_forest_ensemble_weighted,50,0.25,S-IoU,611,111,49,84.62603878116343,92.57575757575758,88.42257597684515
juniperus_seg_by_region_20260831_073029,test,btm_forest_ensemble_weighted,75,0.25,IoU,477,245,213,66.06648199445983,69.1304347826087,67.56373937677054
juniperus_seg_by_region_20260831_073029,test,btm_forest_ensemble_weighted,75,0.25,S-IoU,567,155,59,78.53185595567868,90.57507987220448,84.1246290801187
juniperus_seg_by_region_20260831_073029,test,btm_forest_soup,50,0.25,IoU,603,146,87,80.50734312416556,87.39130434782608,83.80820013898541
juniperus_seg_by_region_20260831_073029,test,btm_forest_soup,50,0.25,S-IoU,618,131,44,82.51001335113484,93.35347432024167,87.59744861800142
juniperus_seg_by_region_20260831_073029,test,btm_forest_soup,75,0.25,IoU,489,260,201,65.28704939919892,70.86956521739131,67.96386379430159
juniperus_seg_by_region_20260831_073029,test,btm_forest_soup,75,0.25,S-IoU,570,179,59,76.10146862483312,90.6200317965024,82.72859216255442
juniperus_seg_by_region_20260831_073029,test,dense_baseline,50,0.25,IoU,616,173,74,78.07351077313055,89.27536231884058,83.29952670723463
juniperus_seg_by_region_20260831_073029,test,dense_baseline,50,0.25,S-IoU,624,165,23,79.08745247148289,96.4451313755796,86.90807799442896
juniperus_seg_by_region_20260831_073029,test,dense_baseline,75,0.25,IoU,500,289,190,63.37135614702155,72.46376811594203,67.6132521974307
juniperus_seg_by_region_20260831_073029,test,dense_baseline,75,0.25,S-IoU,574,215,42,72.75031685678074,93.18181818181816,81.70818505338077
juniperus_seg_by_region_20260831_073029,test,expert_E_region0_solo,50,0.25,IoU,625,203,65,75.48309178743962,90.57971014492752,82.34519104084322
juniperus_seg_by_region_20260831_073029,test,expert_E_region0_solo,50,0.25,S-IoU,634,194,24,76.57004830917874,96.35258358662614,85.32974427994615
juniperus_seg_by_region_20260831_073029,test,expert_E_region0_solo,75,0.25,IoU,487,341,203,58.81642512077294,70.57971014492753,64.16337285902503
juniperus_seg_by_region_20260831_073029,test,expert_E_region0_solo,75,0.25,S-IoU,582,246,37,70.28985507246377,94.0226171243942,80.44229440221147
juniperus_seg_by_region_20260831_073029,test,expert_E_region1_solo,50,0.25,IoU,568,130,122,81.37535816618912,82.31884057971014,81.8443804034582
juniperus_seg_by_region_20260831_073029,test,expert_E_region1_solo,50,0.25,S-IoU,584,114,67,83.66762177650429,89.70814132104454,86.58265381764268
juniperus_seg_by_region_20260831_073029,test,expert_E_region1_solo,75,0.25,IoU,446,252,244,63.89684813753582,64.6376811594203,64.26512968299714
juniperus_seg_by_region_20260831_073029,test,expert_E_region1_solo,75,0.25,S-IoU,532,166,88,76.21776504297995,85.80645161290322,80.72837632776935
juniperus_seg_by_region_20260831_073029,test,random_ensemble,50,0.25,IoU,628,255,62,71.1211778029445,91.0144927536232,79.84742530197074
juniperus_seg_by_region_20260831_073029,test,random_ensemble,50,0.25,S-IoU,653,230,21,73.9524348810872,96.88427299703264,83.87925497752087
juniperus_seg_by_region_20260831_073029,test,random_ensemble,75,0.25,IoU,496,387,194,56.17214043035108,71.8840579710145,63.06420851875397
juniperus_seg_by_region_20260831_073029,test,random_ensemble,75,0.25,S-IoU,582,301,40,65.91166477916195,93.56913183279742,77.3421926910299
juniperus_seg_by_size_20260828_072323,field_work,btm_forest_ensemble_uniform,50,0.25,IoU,1273,587,498,68.44086021505376,71.88029361942405,70.11842467639768
juniperus_seg_by_size_20260828_072323,field_work,btm_forest_ensemble_uniform,50,0.25,S-IoU,1460,400,304,78.49462365591397,82.76643990929705,80.5739514348786
juniperus_seg_by_size_20260828_072323,field_work,btm_forest_ensemble_uniform,75,0.25,IoU,708,1152,1063,38.064516129032256,39.97741389045737,38.99752134398237
juniperus_seg_by_size_20260828_072323,field_work,btm_forest_ensemble_uniform,75,0.25,S-IoU,1147,713,407,61.66666666666667,73.80952380952381,67.19390743995314
juniperus_seg_by_size_20260828_072323,field_work,btm_forest_ensemble_weighted,50,0.25,IoU,649,49,1122,92.97994269340974,36.64596273291926,52.57189145402997
juniperus_seg_by_size_20260828_072323,field_work,btm_forest_ensemble_weighted,50,0.25,S-IoU,653,45,1016,93.55300859598854,39.12522468544039,55.17532741867343
juniperus_seg_by_size_20260828_072323,field_work,btm_forest_ensemble_weighted,75,0.25,IoU,478,220,1293,68.48137535816619,26.990400903444385,38.72012960712839
juniperus_seg_by_size_20260828_072323,field_work,btm_forest_ensemble_weighted,75,0.25,S-IoU,599,99,1050,85.81661891117479,36.32504548211037,51.04388581167447
juniperus_seg_by_size_20260828_072323,field_work,btm_forest_soup,50,0.25,IoU,1202,282,569,80.99730458221023,67.87125917560701,73.85560675883256
juniperus_seg_by_size_20260828_072323,field_work,btm_forest_soup,50,0.25,S-IoU,1237,247,403,83.35579514824798,75.42682926829268,79.19334186939821
juniperus_seg_by_size_20260828_072323,field_work,btm_forest_soup,75,0.25,IoU,802,682,969,54.04312668463612,45.28514963297572,49.27803379416282
juniperus_seg_by_size_20260828_072323,field_work,btm_forest_soup,75,0.25,S-IoU,1070,414,464,72.10242587601078,69.75228161668839,70.90788601722994
juniperus_seg_by_size_20260828_072323,field_work,dense_baseline,50,0.25,IoU,1155,388,616,74.85418016850292,65.21739130434783,69.70428485214242
juniperus_seg_by_size_20260828_072323,field_work,dense_baseline,50,0.25,S-IoU,1216,327,426,78.80751782242385,74.05602923264311,76.35792778649922
juniperus_seg_by_size_20260828_072323,field_work,dense_baseline,75,0.25,IoU,659,884,1112,42.70900842514583,37.21061547148504,39.77066988533495
juniperus_seg_by_size_20260828_072323,field_work,dense_baseline,75,0.25,S-IoU,1000,543,509,64.80881399870383,66.26905235255136,65.53079947575361
juniperus_seg_by_size_20260828_072323,field_work,expert_E_large_solo,50,0.25,IoU,1185,327,586,78.37301587301587,66.91134952004518,72.1900700578739
juniperus_seg_by_size_20260828_072323,field_work,expert_E_large_solo,50,0.25,S-IoU,1263,249,387,83.53174603174604,76.54545454545455,79.88614800759012
juniperus_seg_by_size_20260828_072323,field_work,expert_E_large_solo,75,0.25,IoU,665,847,1106,43.98148148148148,37.54940711462451,40.511727078891255
juniperus_seg_by_size_20260828_072323,field_work,expert_E_large_solo,75,0.25,S-IoU,1048,464,483,69.31216931216932,68.45199216198563,68.87939533355242
juniperus_seg_by_size_20260828_072323,field_work,expert_E_medium_solo,50,0.25,IoU,1158,324,613,78.13765182186235,65.38678712591755,71.19581924377498
juniperus_seg_by_size_20260828_072323,field_work,expert_E_medium_solo,50,0.25,S-IoU,1227,255,422,82.79352226720647,74.40873256519103,78.37751517087193
juniperus_seg_by_size_20260828_072323,field_work,expert_E_medium_solo,75,0.25,IoU,660,822,1111,44.534412955465584,37.267080745341616,40.57792806640024
juniperus_seg_by_size_20260828_072323,field_work,expert_E_medium_solo,75,0.25,S-IoU,1010,472,522,68.15114709851552,65.92689295039165,67.0205706702057
juniperus_seg_by_size_20260828_072323,field_work,expert_E_small_solo,50,0.25,IoU,1130,302,641,78.91061452513966,63.80575945793338,70.55885107711521
juniperus_seg_by_size_20260828_072323,field_work,expert_E_small_solo,50,0.25,S-IoU,1221,211,431,85.26536312849163,73.91041162227603,79.1828793774319
juniperus_seg_by_size_20260828_072323,field_work,expert_E_small_solo,75,0.25,IoU,639,793,1132,44.622905027932966,36.08130999435348,39.90009366219169
juniperus_seg_by_size_20260828_072323,field_work,expert_E_small_solo,75,0.25,S-IoU,995,437,533,69.48324022346368,65.11780104712042,67.22972972972973
juniperus_seg_by_size_20260828_072323,field_work,random_ensemble,50,0.25,IoU,1327,887,444,59.93676603432701,74.92941840767928,66.59974905897114
juniperus_seg_by_size_20260828_072323,field_work,random_ensemble,50,0.25,S-IoU,1607,607,205,72.58355916892502,88.68653421633555,79.83109786388476
juniperus_seg_by_size_20260828_072323,field_work,random_ensemble,75,0.25,IoU,723,1491,1048,32.65582655826558,40.82439299830604,36.28607277289837
juniperus_seg_by_size_20260828_072323,field_work,random_ensemble,75,0.25,S-IoU,1258,956,284,56.82023486901535,81.58236057068741,66.98615548455803
juniperus_seg_by_size_20260828_072323,test,btm_forest_ensemble_uniform,50,0.25,IoU,637,277,53,69.69365426695843,92.31884057971016,79.42643391521197
juniperus_seg_by_size_20260828_072323,test,btm_forest_ensemble_uniform,50,0.25,S-IoU,671,243,22,73.41356673960613,96.82539682539682,83.5096453018046
juniperus_seg_by_size_20260828_072323,test,btm_forest_ensemble_uniform,75,0.25,IoU,509,405,181,55.68927789934355,73.76811594202898,63.46633416458853
juniperus_seg_by_size_20260828_072323,test,btm_forest_ensemble_uniform,75,0.25,S-IoU,594,320,35,64.98905908096279,94.4356120826709,76.99287103046014
juniperus_seg_by_size_20260828_072323,test,btm_forest_ensemble_weighted,50,0.25,IoU,449,18,241,96.1456102783726,65.07246376811594,77.61452031114952
juniperus_seg_by_size_20260828_072323,test,btm_forest_ensemble_weighted,50,0.25,S-IoU,448,19,218,95.93147751605996,67.26726726726727,79.08208296557812
juniperus_seg_by_size_20260828_072323,test,btm_forest_ensemble_weighted,75,0.25,IoU,407,60,283,87.15203426124198,58.98550724637681,70.35436473638721
juniperus_seg_by_size_20260828_072323,test,btm_forest_ensemble_weighted,75,0.25,S-IoU,432,35,225,92.50535331905782,65.75342465753424,76.86832740213524
juniperus_seg_by_size_20260828_072323,test,btm_forest_soup,50,0.25,IoU,616,145,74,80.946123521682,89.27536231884058,84.90696071674708
juniperus_seg_by_size_20260828_072323,test,btm_forest_soup,50,0.25,S-IoU,622,139,32,81.73455978975032,95.10703363914374,87.91519434628977
juniperus_seg_by_size_20260828_072323,test,btm_forest_soup,75,0.25,IoU,535,226,155,70.30223390275953,77.53623188405797,73.74224672639559
juniperus_seg_by_size_20260828_072323,test,btm_forest_soup,75,0.25,S-IoU,579,182,46,76.08409986859395,92.64,83.54978354978357
juniperus_seg_by_size_20260828_072323,test,dense_baseline,50,0.25,IoU,607,186,83,76.54476670870113,87.97101449275362,81.86109238031018
juniperus_seg_by_size_20260828_072323,test,dense_baseline,50,0.25,S-IoU,612,181,41,77.17528373266079,93.72128637059724,84.64730290456431
juniperus_seg_by_size_20260828_072323,test,dense_baseline,75,0.25,IoU,494,299,196,62.29508196721312,71.59420289855073,66.62171274443696
juniperus_seg_by_size_20260828_072323,test,dense_baseline,75,0.25,S-IoU,562,231,52,70.87011349306431,91.53094462540716,79.8862828713575
juniperus_seg_by_size_20260828_072323,test,expert_E_large_solo,50,0.25,IoU,615,144,75,81.02766798418972,89.13043478260869,84.88612836438924
juniperus_seg_by_size_20260828_072323,test,expert_E_large_solo,50,0.25,S-IoU,617,142,33,81.29117259552042,94.92307692307692,87.57984386089426
juniperus_seg_by_size_20260828_072323,test,expert_E_large_solo,75,0.25,IoU,491,268,199,64.69038208168642,71.15942028985506,67.77087646652863
juniperus_seg_by_size_20260828_072323,test,expert_E_large_solo,75,0.25,S-IoU,565,194,55,74.44005270092227,91.12903225806453,81.94343727338651
juniperus_seg_by_size_20260828_072323,test,expert_E_medium_solo,50,0.25,IoU,621,160,69,79.5134443021767,90.0,84.43235893949694
juniperus_seg_by_size_20260828_072323,test,expert_E_medium_solo,50,0.25,S-IoU,622,159,32,79.64148527528809,95.10703363914374,86.68989547038328
juniperus_seg_by_size_20260828_072323,test,expert_E_medium_solo,75,0.25,IoU,504,277,186,64.5326504481434,73.04347826086956,68.52481305234535
juniperus_seg_by_size_20260828_072323,test,expert_E_medium_solo,75,0.25,S-IoU,567,214,52,72.59923175416134,91.59935379644588,81.0
juniperus_seg_by_size_20260828_072323,test,expert_E_small_solo,50,0.25,IoU,604,151,86,80.0,87.53623188405797,83.59861591695503
juniperus_seg_by_size_20260828_072323,test,expert_E_small_solo,50,0.25,S-IoU,612,143,41,81.05960264900662,93.72128637059724,86.93181818181819
juniperus_seg_by_size_20260828_072323,test,expert_E_small_solo,75,0.25,IoU,483,272,207,63.97350993377483,70.0,66.85121107266436
juniperus_seg_by_size_20260828_072323,test,expert_E_small_solo,75,0.25,S-IoU,560,195,55,74.17218543046357,91.05691056910568,81.75182481751825
juniperus_seg_by_size_20260828_072323,test,random_ensemble,50,0.25,IoU,645,390,45,62.31884057971014,93.47826086956522,74.78260869565217
juniperus_seg_by_size_20260828_072323,test,random_ensemble,50,0.25,S-IoU,692,343,14,66.85990338164251,98.0169971671388,79.49454336588168
juniperus_seg_by_size_20260828_072323,test,random_ensemble,75,0.25,IoU,514,521,176,49.66183574879227,74.4927536231884,59.59420289855073
juniperus_seg_by_size_20260828_072323,test,random_ensemble,75,0.25,S-IoU,610,425,26,58.93719806763285,95.9119496855346,73.01017354877318
juniperus_seg_by_size_20260828_151237,field_work,btm_forest_ensemble_uniform,50,0.25,IoU,1273,587,498,68.44086021505376,71.88029361942405,70.11842467639768
juniperus_seg_by_size_20260828_151237,field_work,btm_forest_ensemble_uniform,50,0.25,S-IoU,1460,400,304,78.49462365591397,82.76643990929705,80.5739514348786
juniperus_seg_by_size_20260828_151237,field_work,btm_forest_ensemble_uniform,75,0.25,IoU,708,1152,1063,38.064516129032256,39.97741389045737,38.99752134398237
juniperus_seg_by_size_20260828_151237,field_work,btm_forest_ensemble_uniform,75,0.25,S-IoU,1147,713,407,61.66666666666667,73.80952380952381,67.19390743995314
juniperus_seg_by_size_20260828_151237,field_work,btm_forest_ensemble_weighted,50,0.25,IoU,649,49,1122,92.97994269340974,36.64596273291926,52.57189145402997
juniperus_seg_by_size_20260828_151237,field_work,btm_forest_ensemble_weighted,50,0.25,S-IoU,653,45,1016,93.55300859598854,39.12522468544039,55.17532741867343
juniperus_seg_by_size_20260828_151237,field_work,btm_forest_ensemble_weighted,75,0.25,IoU,478,220,1293,68.48137535816619,26.990400903444385,38.72012960712839
juniperus_seg_by_size_20260828_151237,field_work,btm_forest_ensemble_weighted,75,0.25,S-IoU,599,99,1050,85.81661891117479,36.32504548211037,51.04388581167447
juniperus_seg_by_size_20260828_151237,field_work,btm_forest_soup,50,0.25,IoU,713,74,1058,90.5972045743329,40.25974025974026,55.746677091477714
juniperus_seg_by_size_20260828_151237,field_work,btm_forest_soup,50,0.25,S-IoU,705,82,927,89.58068614993647,43.19852941176471,58.2885489871848
juniperus_seg_by_size_20260828_151237,field_work,btm_forest_soup,75,0.25,IoU,524,263,1247,66.58195679796697,29.587803500846977,40.96950742767787
juniperus_seg_by_size_20260828_151237,field_work,btm_forest_soup,75,0.25,S-IoU,632,155,957,80.30495552731894,39.77344241661422,53.1986531986532
juniperus_seg_by_size_20260828_151237,field_work,dense_baseline,50,0.25,IoU,1155,388,616,74.85418016850292,65.21739130434783,69.70428485214242
juniperus_seg_by_size_20260828_151237,field_work,dense_baseline,50,0.25,S-IoU,1216,327,426,78.80751782242385,74.05602923264311,76.35792778649922
juniperus_seg_by_size_20260828_151237,field_work,dense_baseline,75,0.25,IoU,659,884,1112,42.70900842514583,37.21061547148504,39.77066988533495
juniperus_seg_by_size_20260828_151237,field_work,dense_baseline,75,0.25,S-IoU,1000,543,509,64.80881399870383,66.26905235255136,65.53079947575361
juniperus_seg_by_size_20260828_151237,field_work,expert_E_large_solo,50,0.25,IoU,1185,327,586,78.37301587301587,66.91134952004518,72.1900700578739
juniperus_seg_by_size_20260828_151237,field_work,expert_E_large_solo,50,0.25,S-IoU,1263,249,387,83.53174603174604,76.54545454545455,79.88614800759012
juniperus_seg_by_size_20260828_151237,field_work,expert_E_large_solo,75,0.25,IoU,665,847,1106,43.98148148148148,37.54940711462451,40.511727078891255
juniperus_seg_by_size_20260828_151237,field_work,expert_E_large_solo,75,0.25,S-IoU,1048,464,483,69.31216931216932,68.45199216198563,68.87939533355242
juniperus_seg_by_size_20260828_151237,field_work,expert_E_medium_solo,50,0.25,IoU,1158,324,613,78.13765182186235,65.38678712591755,71.19581924377498
juniperus_seg_by_size_20260828_151237,field_work,expert_E_medium_solo,50,0.25,S-IoU,1227,255,422,82.79352226720647,74.40873256519103,78.37751517087193
juniperus_seg_by_size_20260828_151237,field_work,expert_E_medium_solo,75,0.25,IoU,660,822,1111,44.534412955465584,37.267080745341616,40.57792806640024
juniperus_seg_by_size_20260828_151237,field_work,expert_E_medium_solo,75,0.25,S-IoU,1010,472,522,68.15114709851552,65.92689295039165,67.0205706702057
juniperus_seg_by_size_20260828_151237,field_work,expert_E_small_solo,50,0.25,IoU,1130,302,641,78.91061452513966,63.80575945793338,70.55885107711521
juniperus_seg_by_size_20260828_151237,field_work,expert_E_small_solo,50,0.25,S-IoU,1221,211,431,85.26536312849163,73.91041162227603,79.1828793774319
juniperus_seg_by_size_20260828_151237,field_work,expert_E_small_solo,75,0.25,IoU,639,793,1132,44.622905027932966,36.08130999435348,39.90009366219169
juniperus_seg_by_size_20260828_151237,field_work,expert_E_small_solo,75,0.25,S-IoU,995,437,533,69.48324022346368,65.11780104712042,67.22972972972973
juniperus_seg_by_size_20260828_151237,field_work,random_ensemble,50,0.25,IoU,1327,887,444,59.93676603432701,74.92941840767928,66.59974905897114
juniperus_seg_by_size_20260828_151237,field_work,random_ensemble,50,0.25,S-IoU,1607,607,205,72.58355916892502,88.68653421633555,79.83109786388476
juniperus_seg_by_size_20260828_151237,field_work,random_ensemble,75,0.25,IoU,723,1491,1048,32.65582655826558,40.82439299830604,36.28607277289837
juniperus_seg_by_size_20260828_151237,field_work,random_ensemble,75,0.25,S-IoU,1258,956,284,56.82023486901535,81.58236057068741,66.98615548455803
juniperus_seg_by_size_20260828_151237,test,btm_forest_ensemble_uniform,50,0.25,IoU,637,277,53,69.69365426695843,92.31884057971016,79.42643391521197
juniperus_seg_by_size_20260828_151237,test,btm_forest_ensemble_uniform,50,0.25,S-IoU,671,243,22,73.41356673960613,96.82539682539682,83.5096453018046
juniperus_seg_by_size_20260828_151237,test,btm_forest_ensemble_uniform,75,0.25,IoU,509,405,181,55.68927789934355,73.76811594202898,63.46633416458853
juniperus_seg_by_size_20260828_151237,test,btm_forest_ensemble_uniform,75,0.25,S-IoU,594,320,35,64.98905908096279,94.4356120826709,76.99287103046014
juniperus_seg_by_size_20260828_151237,test,btm_forest_ensemble_weighted,50,0.25,IoU,449,18,241,96.1456102783726,65.07246376811594,77.61452031114952
juniperus_seg_by_size_20260828_151237,test,btm_forest_ensemble_weighted,50,0.25,S-IoU,448,19,218,95.93147751605996,67.26726726726727,79.08208296557812
juniperus_seg_by_size_20260828_151237,test,btm_forest_ensemble_weighted,75,0.25,IoU,407,60,283,87.15203426124198,58.98550724637681,70.35436473638721
juniperus_seg_by_size_20260828_151237,test,btm_forest_ensemble_weighted,75,0.25,S-IoU,432,35,225,92.50535331905782,65.75342465753424,76.86832740213524
juniperus_seg_by_size_20260828_151237,test,btm_forest_soup,50,0.25,IoU,481,38,209,92.67822736030828,69.71014492753623,79.56989247311827
juniperus_seg_by_size_20260828_151237,test,btm_forest_soup,50,0.25,S-IoU,479,40,167,92.29287090558766,74.14860681114551,82.23175965665237
juniperus_seg_by_size_20260828_151237,test,btm_forest_soup,75,0.25,IoU,437,82,253,84.20038535645472,63.33333333333333,72.29114971050454
juniperus_seg_by_size_20260828_151237,test,btm_forest_soup,75,0.25,S-IoU,458,61,171,88.2466281310212,72.81399046104929,79.79094076655052
juniperus_seg_by_size_20260828_151237,test,dense_baseline,50,0.25,IoU,607,186,83,76.54476670870113,87.97101449275362,81.86109238031018
juniperus_seg_by_size_20260828_151237,test,dense_baseline,50,0.25,S-IoU,612,181,41,77.17528373266079,93.72128637059724,84.64730290456431
juniperus_seg_by_size_20260828_151237,test,dense_baseline,75,0.25,IoU,494,299,196,62.29508196721312,71.59420289855073,66.62171274443696
juniperus_seg_by_size_20260828_151237,test,dense_baseline,75,0.25,S-IoU,562,231,52,70.87011349306431,91.53094462540716,79.8862828713575
juniperus_seg_by_size_20260828_151237,test,expert_E_large_solo,50,0.25,IoU,615,144,75,81.02766798418972,89.13043478260869,84.88612836438924
juniperus_seg_by_size_20260828_151237,test,expert_E_large_solo,50,0.25,S-IoU,617,142,33,81.29117259552042,94.92307692307692,87.57984386089426
juniperus_seg_by_size_20260828_151237,test,expert_E_large_solo,75,0.25,IoU,491,268,199,64.69038208168642,71.15942028985506,67.77087646652863
juniperus_seg_by_size_20260828_151237,test,expert_E_large_solo,75,0.25,S-IoU,565,194,55,74.44005270092227,91.12903225806453,81.94343727338651
juniperus_seg_by_size_20260828_151237,test,expert_E_medium_solo,50,0.25,IoU,621,160,69,79.5134443021767,90.0,84.43235893949694
juniperus_seg_by_size_20260828_151237,test,expert_E_medium_solo,50,0.25,S-IoU,622,159,32,79.64148527528809,95.10703363914374,86.68989547038328
juniperus_seg_by_size_20260828_151237,test,expert_E_medium_solo,75,0.25,IoU,504,277,186,64.5326504481434,73.04347826086956,68.52481305234535
juniperus_seg_by_size_20260828_151237,test,expert_E_medium_solo,75,0.25,S-IoU,567,214,52,72.59923175416134,91.59935379644588,81.0
juniperus_seg_by_size_20260828_151237,test,expert_E_small_solo,50,0.25,IoU,604,151,86,80.0,87.53623188405797,83.59861591695503
juniperus_seg_by_size_20260828_151237,test,expert_E_small_solo,50,0.25,S-IoU,612,143,41,81.05960264900662,93.72128637059724,86.93181818181819
juniperus_seg_by_size_20260828_151237,test,expert_E_small_solo,75,0.25,IoU,483,272,207,63.97350993377483,70.0,66.85121107266436
juniperus_seg_by_size_20260828_151237,test,expert_E_small_solo,75,0.25,S-IoU,560,195,55,74.17218543046357,91.05691056910568,81.75182481751825
juniperus_seg_by_size_20260828_151237,test,random_ensemble,50,0.25,IoU,645,390,45,62.31884057971014,93.47826086956522,74.78260869565217
juniperus_seg_by_size_20260828_151237,test,random_ensemble,50,0.25,S-IoU,692,343,14,66.85990338164251,98.0169971671388,79.49454336588168
juniperus_seg_by_size_20260828_151237,test,random_ensemble,75,0.25,IoU,514,521,176,49.66183574879227,74.4927536231884,59.59420289855073
juniperus_seg_by_size_20260828_151237,test,random_ensemble,75,0.25,S-IoU,610,425,26,58.93719806763285,95.9119496855346,73.01017354877318
juniperus_seg_by_size_20260828_175314,field_work,btm_forest_ensemble_uniform,50,0.25,IoU,1273,587,498,68.44086021505376,71.88029361942405,70.11842467639768
juniperus_seg_by_size_20260828_175314,field_work,btm_forest_ensemble_uniform,50,0.25,S-IoU,1460,400,304,78.49462365591397,82.76643990929705,80.5739514348786
juniperus_seg_by_size_20260828_175314,field_work,btm_forest_ensemble_uniform,75,0.25,IoU,708,1152,1063,38.064516129032256,39.97741389045737,38.99752134398237
juniperus_seg_by_size_20260828_175314,field_work,btm_forest_ensemble_uniform,75,0.25,S-IoU,1147,713,407,61.66666666666667,73.80952380952381,67.19390743995314
juniperus_seg_by_size_20260828_175314,field_work,btm_forest_ensemble_weighted,50,0.25,IoU,649,49,1122,92.97994269340974,36.64596273291926,52.57189145402997
juniperus_seg_by_size_20260828_175314,field_work,btm_forest_ensemble_weighted,50,0.25,S-IoU,653,45,1016,93.55300859598854,39.12522468544039,55.17532741867343
juniperus_seg_by_size_20260828_175314,field_work,btm_forest_ensemble_weighted,75,0.25,IoU,478,220,1293,68.48137535816619,26.990400903444385,38.72012960712839
juniperus_seg_by_size_20260828_175314,field_work,btm_forest_ensemble_weighted,75,0.25,S-IoU,599,99,1050,85.81661891117479,36.32504548211037,51.04388581167447
juniperus_seg_by_size_20260828_175314,field_work,btm_forest_soup,50,0.25,IoU,713,74,1058,90.5972045743329,40.25974025974026,55.746677091477714
juniperus_seg_by_size_20260828_175314,field_work,btm_forest_soup,50,0.25,S-IoU,705,82,927,89.58068614993647,43.19852941176471,58.2885489871848
juniperus_seg_by_size_20260828_175314,field_work,btm_forest_soup,75,0.25,IoU,524,263,1247,66.58195679796697,29.587803500846977,40.96950742767787
juniperus_seg_by_size_20260828_175314,field_work,btm_forest_soup,75,0.25,S-IoU,632,155,957,80.30495552731894,39.77344241661422,53.1986531986532
juniperus_seg_by_size_20260828_175314,field_work,dense_baseline,50,0.25,IoU,1155,388,616,74.85418016850292,65.21739130434783,69.70428485214242
juniperus_seg_by_size_20260828_175314,field_work,dense_baseline,50,0.25,S-IoU,1216,327,426,78.80751782242385,74.05602923264311,76.35792778649922
juniperus_seg_by_size_20260828_175314,field_work,dense_baseline,75,0.25,IoU,659,884,1112,42.70900842514583,37.21061547148504,39.77066988533495
juniperus_seg_by_size_20260828_175314,field_work,dense_baseline,75,0.25,S-IoU,1000,543,509,64.80881399870383,66.26905235255136,65.53079947575361
juniperus_seg_by_size_20260828_175314,field_work,expert_E_large_solo,50,0.25,IoU,1185,327,586,78.37301587301587,66.91134952004518,72.1900700578739
juniperus_seg_by_size_20260828_175314,field_work,expert_E_large_solo,50,0.25,S-IoU,1263,249,387,83.53174603174604,76.54545454545455,79.88614800759012
juniperus_seg_by_size_20260828_175314,field_work,expert_E_large_solo,75,0.25,IoU,665,847,1106,43.98148148148148,37.54940711462451,40.511727078891255
juniperus_seg_by_size_20260828_175314,field_work,expert_E_large_solo,75,0.25,S-IoU,1048,464,483,69.31216931216932,68.45199216198563,68.87939533355242
juniperus_seg_by_size_20260828_175314,field_work,expert_E_medium_solo,50,0.25,IoU,1158,324,613,78.13765182186235,65.38678712591755,71.19581924377498
juniperus_seg_by_size_20260828_175314,field_work,expert_E_medium_solo,50,0.25,S-IoU,1227,255,422,82.79352226720647,74.40873256519103,78.37751517087193
juniperus_seg_by_size_20260828_175314,field_work,expert_E_medium_solo,75,0.25,IoU,660,822,1111,44.534412955465584,37.267080745341616,40.57792806640024
juniperus_seg_by_size_20260828_175314,field_work,expert_E_medium_solo,75,0.25,S-IoU,1010,472,522,68.15114709851552,65.92689295039165,67.0205706702057
juniperus_seg_by_size_20260828_175314,field_work,expert_E_small_solo,50,0.25,IoU,1130,302,641,78.91061452513966,63.80575945793338,70.55885107711521
juniperus_seg_by_size_20260828_175314,field_work,expert_E_small_solo,50,0.25,S-IoU,1221,211,431,85.26536312849163,73.91041162227603,79.1828793774319
juniperus_seg_by_size_20260828_175314,field_work,expert_E_small_solo,75,0.25,IoU,639,793,1132,44.622905027932966,36.08130999435348,39.90009366219169
juniperus_seg_by_size_20260828_175314,field_work,expert_E_small_solo,75,0.25,S-IoU,995,437,533,69.48324022346368,65.11780104712042,67.22972972972973
juniperus_seg_by_size_20260828_175314,field_work,random_ensemble,50,0.25,IoU,1327,887,444,59.93676603432701,74.92941840767928,66.59974905897114
juniperus_seg_by_size_20260828_175314,field_work,random_ensemble,50,0.25,S-IoU,1607,607,205,72.58355916892502,88.68653421633555,79.83109786388476
juniperus_seg_by_size_20260828_175314,field_work,random_ensemble,75,0.25,IoU,723,1491,1048,32.65582655826558,40.82439299830604,36.28607277289837
juniperus_seg_by_size_20260828_175314,field_work,random_ensemble,75,0.25,S-IoU,1258,956,284,56.82023486901535,81.58236057068741,66.98615548455803
juniperus_seg_by_size_20260828_175314,test,btm_forest_ensemble_uniform,50,0.25,IoU,637,277,53,69.69365426695843,92.31884057971016,79.42643391521197
juniperus_seg_by_size_20260828_175314,test,btm_forest_ensemble_uniform,50,0.25,S-IoU,671,243,22,73.41356673960613,96.82539682539682,83.5096453018046
juniperus_seg_by_size_20260828_175314,test,btm_forest_ensemble_uniform,75,0.25,IoU,509,405,181,55.68927789934355,73.76811594202898,63.46633416458853
juniperus_seg_by_size_20260828_175314,test,btm_forest_ensemble_uniform,75,0.25,S-IoU,594,320,35,64.98905908096279,94.4356120826709,76.99287103046014
juniperus_seg_by_size_20260828_175314,test,btm_forest_ensemble_weighted,50,0.25,IoU,449,18,241,96.1456102783726,65.07246376811594,77.61452031114952
juniperus_seg_by_size_20260828_175314,test,btm_forest_ensemble_weighted,50,0.25,S-IoU,448,19,218,95.93147751605996,67.26726726726727,79.08208296557812
juniperus_seg_by_size_20260828_175314,test,btm_forest_ensemble_weighted,75,0.25,IoU,407,60,283,87.15203426124198,58.98550724637681,70.35436473638721
juniperus_seg_by_size_20260828_175314,test,btm_forest_ensemble_weighted,75,0.25,S-IoU,432,35,225,92.50535331905782,65.75342465753424,76.86832740213524
juniperus_seg_by_size_20260828_175314,test,btm_forest_soup,50,0.25,IoU,481,38,209,92.67822736030828,69.71014492753623,79.56989247311827
juniperus_seg_by_size_20260828_175314,test,btm_forest_soup,50,0.25,S-IoU,479,40,167,92.29287090558766,74.14860681114551,82.23175965665237
juniperus_seg_by_size_20260828_175314,test,btm_forest_soup,75,0.25,IoU,437,82,253,84.20038535645472,63.33333333333333,72.29114971050454
juniperus_seg_by_size_20260828_175314,test,btm_forest_soup,75,0.25,S-IoU,458,61,171,88.2466281310212,72.81399046104929,79.79094076655052
juniperus_seg_by_size_20260828_175314,test,dense_baseline,50,0.25,IoU,607,186,83,76.54476670870113,87.97101449275362,81.86109238031018
juniperus_seg_by_size_20260828_175314,test,dense_baseline,50,0.25,S-IoU,612,181,41,77.17528373266079,93.72128637059724,84.64730290456431
juniperus_seg_by_size_20260828_175314,test,dense_baseline,75,0.25,IoU,494,299,196,62.29508196721312,71.59420289855073,66.62171274443696
juniperus_seg_by_size_20260828_175314,test,dense_baseline,75,0.25,S-IoU,562,231,52,70.87011349306431,91.53094462540716,79.8862828713575
juniperus_seg_by_size_20260828_175314,test,expert_E_large_solo,50,0.25,IoU,615,144,75,81.02766798418972,89.13043478260869,84.88612836438924
juniperus_seg_by_size_20260828_175314,test,expert_E_large_solo,50,0.25,S-IoU,617,142,33,81.29117259552042,94.92307692307692,87.57984386089426
juniperus_seg_by_size_20260828_175314,test,expert_E_large_solo,75,0.25,IoU,491,268,199,64.69038208168642,71.15942028985506,67.77087646652863
juniperus_seg_by_size_20260828_175314,test,expert_E_large_solo,75,0.25,S-IoU,565,194,55,74.44005270092227,91.12903225806453,81.94343727338651
juniperus_seg_by_size_20260828_175314,test,expert_E_medium_solo,50,0.25,IoU,621,160,69,79.5134443021767,90.0,84.43235893949694
juniperus_seg_by_size_20260828_175314,test,expert_E_medium_solo,50,0.25,S-IoU,622,159,32,79.64148527528809,95.10703363914374,86.68989547038328
juniperus_seg_by_size_20260828_175314,test,expert_E_medium_solo,75,0.25,IoU,504,277,186,64.5326504481434,73.04347826086956,68.52481305234535
juniperus_seg_by_size_20260828_175314,test,expert_E_medium_solo,75,0.25,S-IoU,567,214,52,72.59923175416134,91.59935379644588,81.0
juniperus_seg_by_size_20260828_175314,test,expert_E_small_solo,50,0.25,IoU,604,151,86,80.0,87.53623188405797,83.59861591695503
juniperus_seg_by_size_20260828_175314,test,expert_E_small_solo,50,0.25,S-IoU,612,143,41,81.05960264900662,93.72128637059724,86.93181818181819
juniperus_seg_by_size_20260828_175314,test,expert_E_small_solo,75,0.25,IoU,483,272,207,63.97350993377483,70.0,66.85121107266436
juniperus_seg_by_size_20260828_175314,test,expert_E_small_solo,75,0.25,S-IoU,560,195,55,74.17218543046357,91.05691056910568,81.75182481751825
juniperus_seg_by_size_20260828_175314,test,random_ensemble,50,0.25,IoU,645,390,45,62.31884057971014,93.47826086956522,74.78260869565217
juniperus_seg_by_size_20260828_175314,test,random_ensemble,50,0.25,S-IoU,692,343,14,66.85990338164251,98.0169971671388,79.49454336588168
juniperus_seg_by_size_20260828_175314,test,random_ensemble,75,0.25,IoU,514,521,176,49.66183574879227,74.4927536231884,59.59420289855073
juniperus_seg_by_size_20260828_175314,test,random_ensemble,75,0.25,S-IoU,610,425,26,58.93719806763285,95.9119496855346,73.01017354877318
juniperus_seg_by_size_20260828_180050,field_work,btm_forest_ensemble_uniform,50,0.25,IoU,1273,587,498,68.44086021505376,71.88029361942405,70.11842467639768
juniperus_seg_by_size_20260828_180050,field_work,btm_forest_ensemble_uniform,50,0.25,S-IoU,1460,400,304,78.49462365591397,82.76643990929705,80.5739514348786
juniperus_seg_by_size_20260828_180050,field_work,btm_forest_ensemble_uniform,75,0.25,IoU,708,1152,1063,38.064516129032256,39.97741389045737,38.99752134398237
juniperus_seg_by_size_20260828_180050,field_work,btm_forest_ensemble_uniform,75,0.25,S-IoU,1147,713,407,61.66666666666667,73.80952380952381,67.19390743995314
juniperus_seg_by_size_20260828_180050,field_work,btm_forest_ensemble_weighted,50,0.25,IoU,649,49,1122,92.97994269340974,36.64596273291926,52.57189145402997
juniperus_seg_by_size_20260828_180050,field_work,btm_forest_ensemble_weighted,50,0.25,S-IoU,653,45,1016,93.55300859598854,39.12522468544039,55.17532741867343
juniperus_seg_by_size_20260828_180050,field_work,btm_forest_ensemble_weighted,75,0.25,IoU,478,220,1293,68.48137535816619,26.990400903444385,38.72012960712839
juniperus_seg_by_size_20260828_180050,field_work,btm_forest_ensemble_weighted,75,0.25,S-IoU,599,99,1050,85.81661891117479,36.32504548211037,51.04388581167447
juniperus_seg_by_size_20260828_180050,field_work,btm_forest_soup,50,0.25,IoU,1202,282,569,80.99730458221023,67.87125917560701,73.85560675883256
juniperus_seg_by_size_20260828_180050,field_work,btm_forest_soup,50,0.25,S-IoU,1237,247,403,83.35579514824798,75.42682926829268,79.19334186939821
juniperus_seg_by_size_20260828_180050,field_work,btm_forest_soup,75,0.25,IoU,802,682,969,54.04312668463612,45.28514963297572,49.27803379416282
juniperus_seg_by_size_20260828_180050,field_work,btm_forest_soup,75,0.25,S-IoU,1070,414,464,72.10242587601078,69.75228161668839,70.90788601722994
juniperus_seg_by_size_20260828_180050,field_work,dense_baseline,50,0.25,IoU,1155,388,616,74.85418016850292,65.21739130434783,69.70428485214242
juniperus_seg_by_size_20260828_180050,field_work,dense_baseline,50,0.25,S-IoU,1216,327,426,78.80751782242385,74.05602923264311,76.35792778649922
juniperus_seg_by_size_20260828_180050,field_work,dense_baseline,75,0.25,IoU,659,884,1112,42.70900842514583,37.21061547148504,39.77066988533495
juniperus_seg_by_size_20260828_180050,field_work,dense_baseline,75,0.25,S-IoU,1000,543,509,64.80881399870383,66.26905235255136,65.53079947575361
juniperus_seg_by_size_20260828_180050,field_work,expert_E_large_solo,50,0.25,IoU,1185,327,586,78.37301587301587,66.91134952004518,72.1900700578739
juniperus_seg_by_size_20260828_180050,field_work,expert_E_large_solo,50,0.25,S-IoU,1263,249,387,83.53174603174604,76.54545454545455,79.88614800759012
juniperus_seg_by_size_20260828_180050,field_work,expert_E_large_solo,75,0.25,IoU,665,847,1106,43.98148148148148,37.54940711462451,40.511727078891255
juniperus_seg_by_size_20260828_180050,field_work,expert_E_large_solo,75,0.25,S-IoU,1048,464,483,69.31216931216932,68.45199216198563,68.87939533355242
juniperus_seg_by_size_20260828_180050,field_work,expert_E_medium_solo,50,0.25,IoU,1158,324,613,78.13765182186235,65.38678712591755,71.19581924377498
juniperus_seg_by_size_20260828_180050,field_work,expert_E_medium_solo,50,0.25,S-IoU,1227,255,422,82.79352226720647,74.40873256519103,78.37751517087193
juniperus_seg_by_size_20260828_180050,field_work,expert_E_medium_solo,75,0.25,IoU,660,822,1111,44.534412955465584,37.267080745341616,40.57792806640024
juniperus_seg_by_size_20260828_180050,field_work,expert_E_medium_solo,75,0.25,S-IoU,1010,472,522,68.15114709851552,65.92689295039165,67.0205706702057
juniperus_seg_by_size_20260828_180050,field_work,expert_E_small_solo,50,0.25,IoU,1130,302,641,78.91061452513966,63.80575945793338,70.55885107711521
juniperus_seg_by_size_20260828_180050,field_work,expert_E_small_solo,50,0.25,S-IoU,1221,211,431,85.26536312849163,73.91041162227603,79.1828793774319
juniperus_seg_by_size_20260828_180050,field_work,expert_E_small_solo,75,0.25,IoU,639,793,1132,44.622905027932966,36.08130999435348,39.90009366219169
juniperus_seg_by_size_20260828_180050,field_work,expert_E_small_solo,75,0.25,S-IoU,995,437,533,69.48324022346368,65.11780104712042,67.22972972972973
juniperus_seg_by_size_20260828_180050,field_work,random_ensemble,50,0.25,IoU,1327,887,444,59.93676603432701,74.92941840767928,66.59974905897114
juniperus_seg_by_size_20260828_180050,field_work,random_ensemble,50,0.25,S-IoU,1607,607,205,72.58355916892502,88.68653421633555,79.83109786388476
juniperus_seg_by_size_20260828_180050,field_work,random_ensemble,75,0.25,IoU,723,1491,1048,32.65582655826558,40.82439299830604,36.28607277289837
juniperus_seg_by_size_20260828_180050,field_work,random_ensemble,75,0.25,S-IoU,1258,956,284,56.82023486901535,81.58236057068741,66.98615548455803
juniperus_seg_by_size_20260828_180050,test,btm_forest_ensemble_uniform,50,0.25,IoU,637,277,53,69.69365426695843,92.31884057971016,79.42643391521197
juniperus_seg_by_size_20260828_180050,test,btm_forest_ensemble_uniform,50,0.25,S-IoU,671,243,22,73.41356673960613,96.82539682539682,83.5096453018046
juniperus_seg_by_size_20260828_180050,test,btm_forest_ensemble_uniform,75,0.25,IoU,509,405,181,55.68927789934355,73.76811594202898,63.46633416458853
juniperus_seg_by_size_20260828_180050,test,btm_forest_ensemble_uniform,75,0.25,S-IoU,594,320,35,64.98905908096279,94.4356120826709,76.99287103046014
juniperus_seg_by_size_20260828_180050,test,btm_forest_ensemble_weighted,50,0.25,IoU,449,18,241,96.1456102783726,65.07246376811594,77.61452031114952
juniperus_seg_by_size_20260828_180050,test,btm_forest_ensemble_weighted,50,0.25,S-IoU,448,19,218,95.93147751605996,67.26726726726727,79.08208296557812
juniperus_seg_by_size_20260828_180050,test,btm_forest_ensemble_weighted,75,0.25,IoU,407,60,283,87.15203426124198,58.98550724637681,70.35436473638721
juniperus_seg_by_size_20260828_180050,test,btm_forest_ensemble_weighted,75,0.25,S-IoU,432,35,225,92.50535331905782,65.75342465753424,76.86832740213524
juniperus_seg_by_size_20260828_180050,test,btm_forest_soup,50,0.25,IoU,616,145,74,80.946123521682,89.27536231884058,84.90696071674708
juniperus_seg_by_size_20260828_180050,test,btm_forest_soup,50,0.25,S-IoU,622,139,32,81.73455978975032,95.10703363914374,87.91519434628977
juniperus_seg_by_size_20260828_180050,test,btm_forest_soup,75,0.25,IoU,535,226,155,70.30223390275953,77.53623188405797,73.74224672639559
juniperus_seg_by_size_20260828_180050,test,btm_forest_soup,75,0.25,S-IoU,579,182,46,76.08409986859395,92.64,83.54978354978357
juniperus_seg_by_size_20260828_180050,test,dense_baseline,50,0.25,IoU,607,186,83,76.54476670870113,87.97101449275362,81.86109238031018
juniperus_seg_by_size_20260828_180050,test,dense_baseline,50,0.25,S-IoU,612,181,41,77.17528373266079,93.72128637059724,84.64730290456431
juniperus_seg_by_size_20260828_180050,test,dense_baseline,75,0.25,IoU,494,299,196,62.29508196721312,71.59420289855073,66.62171274443696
juniperus_seg_by_size_20260828_180050,test,dense_baseline,75,0.25,S-IoU,562,231,52,70.87011349306431,91.53094462540716,79.8862828713575
juniperus_seg_by_size_20260828_180050,test,expert_E_large_solo,50,0.25,IoU,615,144,75,81.02766798418972,89.13043478260869,84.88612836438924
juniperus_seg_by_size_20260828_180050,test,expert_E_large_solo,50,0.25,S-IoU,617,142,33,81.29117259552042,94.92307692307692,87.57984386089426
juniperus_seg_by_size_20260828_180050,test,expert_E_large_solo,75,0.25,IoU,491,268,199,64.69038208168642,71.15942028985506,67.77087646652863
juniperus_seg_by_size_20260828_180050,test,expert_E_large_solo,75,0.25,S-IoU,565,194,55,74.44005270092227,91.12903225806453,81.94343727338651
juniperus_seg_by_size_20260828_180050,test,expert_E_medium_solo,50,0.25,IoU,621,160,69,79.5134443021767,90.0,84.43235893949694
juniperus_seg_by_size_20260828_180050,test,expert_E_medium_solo,50,0.25,S-IoU,622,159,32,79.64148527528809,95.10703363914374,86.68989547038328
juniperus_seg_by_size_20260828_180050,test,expert_E_medium_solo,75,0.25,IoU,504,277,186,64.5326504481434,73.04347826086956,68.52481305234535
juniperus_seg_by_size_20260828_180050,test,expert_E_medium_solo,75,0.25,S-IoU,567,214,52,72.59923175416134,91.59935379644588,81.0
juniperus_seg_by_size_20260828_180050,test,expert_E_small_solo,50,0.25,IoU,604,151,86,80.0,87.53623188405797,83.59861591695503
juniperus_seg_by_size_20260828_180050,test,expert_E_small_solo,50,0.25,S-IoU,612,143,41,81.05960264900662,93.72128637059724,86.93181818181819
juniperus_seg_by_size_20260828_180050,test,expert_E_small_solo,75,0.25,IoU,483,272,207,63.97350993377483,70.0,66.85121107266436
juniperus_seg_by_size_20260828_180050,test,expert_E_small_solo,75,0.25,S-IoU,560,195,55,74.17218543046357,91.05691056910568,81.75182481751825
juniperus_seg_by_size_20260828_180050,test,random_ensemble,50,0.25,IoU,645,390,45,62.31884057971014,93.47826086956522,74.78260869565217
juniperus_seg_by_size_20260828_180050,test,random_ensemble,50,0.25,S-IoU,692,343,14,66.85990338164251,98.0169971671388,79.49454336588168
juniperus_seg_by_size_20260828_180050,test,random_ensemble,75,0.25,IoU,514,521,176,49.66183574879227,74.4927536231884,59.59420289855073
juniperus_seg_by_size_20260828_180050,test,random_ensemble,75,0.25,S-IoU,610,425,26,58.93719806763285,95.9119496855346,73.01017354877318
juniperus_seg_by_size_20260828_223540,field_work,btm_forest_ensemble_uniform,50,0.25,IoU,1273,587,498,68.44086021505376,71.88029361942405,70.11842467639768
juniperus_seg_by_size_20260828_223540,field_work,btm_forest_ensemble_uniform,50,0.25,S-IoU,1460,400,304,78.49462365591397,82.76643990929705,80.5739514348786
juniperus_seg_by_size_20260828_223540,field_work,btm_forest_ensemble_uniform,75,0.25,IoU,708,1152,1063,38.064516129032256,39.97741389045737,38.99752134398237
juniperus_seg_by_size_20260828_223540,field_work,btm_forest_ensemble_uniform,75,0.25,S-IoU,1147,713,407,61.66666666666667,73.80952380952381,67.19390743995314
juniperus_seg_by_size_20260828_223540,field_work,btm_forest_ensemble_weighted,50,0.25,IoU,649,49,1122,92.97994269340974,36.64596273291926,52.57189145402997
juniperus_seg_by_size_20260828_223540,field_work,btm_forest_ensemble_weighted,50,0.25,S-IoU,653,45,1016,93.55300859598854,39.12522468544039,55.17532741867343
juniperus_seg_by_size_20260828_223540,field_work,btm_forest_ensemble_weighted,75,0.25,IoU,478,220,1293,68.48137535816619,26.990400903444385,38.72012960712839
juniperus_seg_by_size_20260828_223540,field_work,btm_forest_ensemble_weighted,75,0.25,S-IoU,599,99,1050,85.81661891117479,36.32504548211037,51.04388581167447
juniperus_seg_by_size_20260828_223540,field_work,btm_forest_soup,50,0.25,IoU,713,74,1058,90.5972045743329,40.25974025974026,55.746677091477714
juniperus_seg_by_size_20260828_223540,field_work,btm_forest_soup,50,0.25,S-IoU,705,82,927,89.58068614993647,43.19852941176471,58.2885489871848
juniperus_seg_by_size_20260828_223540,field_work,btm_forest_soup,75,0.25,IoU,524,263,1247,66.58195679796697,29.587803500846977,40.96950742767787
juniperus_seg_by_size_20260828_223540,field_work,btm_forest_soup,75,0.25,S-IoU,632,155,957,80.30495552731894,39.77344241661422,53.1986531986532
juniperus_seg_by_size_20260828_223540,field_work,dense_baseline,50,0.25,IoU,1155,388,616,74.85418016850292,65.21739130434783,69.70428485214242
juniperus_seg_by_size_20260828_223540,field_work,dense_baseline,50,0.25,S-IoU,1216,327,426,78.80751782242385,74.05602923264311,76.35792778649922
juniperus_seg_by_size_20260828_223540,field_work,dense_baseline,75,0.25,IoU,659,884,1112,42.70900842514583,37.21061547148504,39.77066988533495
juniperus_seg_by_size_20260828_223540,field_work,dense_baseline,75,0.25,S-IoU,1000,543,509,64.80881399870383,66.26905235255136,65.53079947575361
juniperus_seg_by_size_20260828_223540,field_work,expert_E_large_solo,50,0.25,IoU,1185,327,586,78.37301587301587,66.91134952004518,72.1900700578739
juniperus_seg_by_size_20260828_223540,field_work,expert_E_large_solo,50,0.25,S-IoU,1263,249,387,83.53174603174604,76.54545454545455,79.88614800759012
juniperus_seg_by_size_20260828_223540,field_work,expert_E_large_solo,75,0.25,IoU,665,847,1106,43.98148148148148,37.54940711462451,40.511727078891255
juniperus_seg_by_size_20260828_223540,field_work,expert_E_large_solo,75,0.25,S-IoU,1048,464,483,69.31216931216932,68.45199216198563,68.87939533355242
juniperus_seg_by_size_20260828_223540,field_work,expert_E_medium_solo,50,0.25,IoU,1158,324,613,78.13765182186235,65.38678712591755,71.19581924377498
juniperus_seg_by_size_20260828_223540,field_work,expert_E_medium_solo,50,0.25,S-IoU,1227,255,422,82.79352226720647,74.40873256519103,78.37751517087193
juniperus_seg_by_size_20260828_223540,field_work,expert_E_medium_solo,75,0.25,IoU,660,822,1111,44.534412955465584,37.267080745341616,40.57792806640024
juniperus_seg_by_size_20260828_223540,field_work,expert_E_medium_solo,75,0.25,S-IoU,1010,472,522,68.15114709851552,65.92689295039165,67.0205706702057
juniperus_seg_by_size_20260828_223540,field_work,expert_E_small_solo,50,0.25,IoU,1130,302,641,78.91061452513966,63.80575945793338,70.55885107711521
juniperus_seg_by_size_20260828_223540,field_work,expert_E_small_solo,50,0.25,S-IoU,1221,211,431,85.26536312849163,73.91041162227603,79.1828793774319
juniperus_seg_by_size_20260828_223540,field_work,expert_E_small_solo,75,0.25,IoU,639,793,1132,44.622905027932966,36.08130999435348,39.90009366219169
juniperus_seg_by_size_20260828_223540,field_work,expert_E_small_solo,75,0.25,S-IoU,995,437,533,69.48324022346368,65.11780104712042,67.22972972972973
juniperus_seg_by_size_20260828_223540,field_work,random_ensemble,50,0.25,IoU,1327,887,444,59.93676603432701,74.92941840767928,66.59974905897114
juniperus_seg_by_size_20260828_223540,field_work,random_ensemble,50,0.25,S-IoU,1607,607,205,72.58355916892502,88.68653421633555,79.83109786388476
juniperus_seg_by_size_20260828_223540,field_work,random_ensemble,75,0.25,IoU,723,1491,1048,32.65582655826558,40.82439299830604,36.28607277289837
juniperus_seg_by_size_20260828_223540,field_work,random_ensemble,75,0.25,S-IoU,1258,956,284,56.82023486901535,81.58236057068741,66.98615548455803
juniperus_seg_by_size_20260828_223540,test,btm_forest_ensemble_uniform,50,0.25,IoU,637,277,53,69.69365426695843,92.31884057971016,79.42643391521197
juniperus_seg_by_size_20260828_223540,test,btm_forest_ensemble_uniform,50,0.25,S-IoU,671,243,22,73.41356673960613,96.82539682539682,83.5096453018046
juniperus_seg_by_size_20260828_223540,test,btm_forest_ensemble_uniform,75,0.25,IoU,509,405,181,55.68927789934355,73.76811594202898,63.46633416458853
juniperus_seg_by_size_20260828_223540,test,btm_forest_ensemble_uniform,75,0.25,S-IoU,594,320,35,64.98905908096279,94.4356120826709,76.99287103046014
juniperus_seg_by_size_20260828_223540,test,btm_forest_ensemble_weighted,50,0.25,IoU,449,18,241,96.1456102783726,65.07246376811594,77.61452031114952
juniperus_seg_by_size_20260828_223540,test,btm_forest_ensemble_weighted,50,0.25,S-IoU,448,19,218,95.93147751605996,67.26726726726727,79.08208296557812
juniperus_seg_by_size_20260828_223540,test,btm_forest_ensemble_weighted,75,0.25,IoU,407,60,283,87.15203426124198,58.98550724637681,70.35436473638721
juniperus_seg_by_size_20260828_223540,test,btm_forest_ensemble_weighted,75,0.25,S-IoU,432,35,225,92.50535331905782,65.75342465753424,76.86832740213524
juniperus_seg_by_size_20260828_223540,test,btm_forest_soup,50,0.25,IoU,481,38,209,92.67822736030828,69.71014492753623,79.56989247311827
juniperus_seg_by_size_20260828_223540,test,btm_forest_soup,50,0.25,S-IoU,479,40,167,92.29287090558766,74.14860681114551,82.23175965665237
juniperus_seg_by_size_20260828_223540,test,btm_forest_soup,75,0.25,IoU,437,82,253,84.20038535645472,63.33333333333333,72.29114971050454
juniperus_seg_by_size_20260828_223540,test,btm_forest_soup,75,0.25,S-IoU,458,61,171,88.2466281310212,72.81399046104929,79.79094076655052
juniperus_seg_by_size_20260828_223540,test,dense_baseline,50,0.25,IoU,607,186,83,76.54476670870113,87.97101449275362,81.86109238031018
juniperus_seg_by_size_20260828_223540,test,dense_baseline,50,0.25,S-IoU,612,181,41,77.17528373266079,93.72128637059724,84.64730290456431
juniperus_seg_by_size_20260828_223540,test,dense_baseline,75,0.25,IoU,494,299,196,62.29508196721312,71.59420289855073,66.62171274443696
juniperus_seg_by_size_20260828_223540,test,dense_baseline,75,0.25,S-IoU,562,231,52,70.87011349306431,91.53094462540716,79.8862828713575
juniperus_seg_by_size_20260828_223540,test,expert_E_large_solo,50,0.25,IoU,615,144,75,81.02766798418972,89.13043478260869,84.88612836438924
juniperus_seg_by_size_20260828_223540,test,expert_E_large_solo,50,0.25,S-IoU,617,142,33,81.29117259552042,94.92307692307692,87.57984386089426
juniperus_seg_by_size_20260828_223540,test,expert_E_large_solo,75,0.25,IoU,491,268,199,64.69038208168642,71.15942028985506,67.77087646652863
juniperus_seg_by_size_20260828_223540,test,expert_E_large_solo,75,0.25,S-IoU,565,194,55,74.44005270092227,91.12903225806453,81.94343727338651
juniperus_seg_by_size_20260828_223540,test,expert_E_medium_solo,50,0.25,IoU,621,160,69,79.5134443021767,90.0,84.43235893949694
juniperus_seg_by_size_20260828_223540,test,expert_E_medium_solo,50,0.25,S-IoU,622,159,32,79.64148527528809,95.10703363914374,86.68989547038328
juniperus_seg_by_size_20260828_223540,test,expert_E_medium_solo,75,0.25,IoU,504,277,186,64.5326504481434,73.04347826086956,68.52481305234535
juniperus_seg_by_size_20260828_223540,test,expert_E_medium_solo,75,0.25,S-IoU,567,214,52,72.59923175416134,91.59935379644588,81.0
juniperus_seg_by_size_20260828_223540,test,expert_E_small_solo,50,0.25,IoU,604,151,86,80.0,87.53623188405797,83.59861591695503
juniperus_seg_by_size_20260828_223540,test,expert_E_small_solo,50,0.25,S-IoU,612,143,41,81.05960264900662,93.72128637059724,86.93181818181819
juniperus_seg_by_size_20260828_223540,test,expert_E_small_solo,75,0.25,IoU,483,272,207,63.97350993377483,70.0,66.85121107266436
juniperus_seg_by_size_20260828_223540,test,expert_E_small_solo,75,0.25,S-IoU,560,195,55,74.17218543046357,91.05691056910568,81.75182481751825
juniperus_seg_by_size_20260828_223540,test,random_ensemble,50,0.25,IoU,645,390,45,62.31884057971014,93.47826086956522,74.78260869565217
juniperus_seg_by_size_20260828_223540,test,random_ensemble,50,0.25,S-IoU,692,343,14,66.85990338164251,98.0169971671388,79.49454336588168
juniperus_seg_by_size_20260828_223540,test,random_ensemble,75,0.25,IoU,514,521,176,49.66183574879227,74.4927536231884,59.59420289855073
juniperus_seg_by_size_20260828_223540,test,random_ensemble,75,0.25,S-IoU,610,425,26,58.93719806763285,95.9119496855346,73.01017354877318
juniperus_seg_by_size_20260829_002259,field_work,btm_forest_ensemble_uniform,50,0.25,IoU,1273,587,498,68.44086021505376,71.88029361942405,70.11842467639768
juniperus_seg_by_size_20260829_002259,field_work,btm_forest_ensemble_uniform,50,0.25,S-IoU,1460,400,304,78.49462365591397,82.76643990929705,80.5739514348786
juniperus_seg_by_size_20260829_002259,field_work,btm_forest_ensemble_uniform,75,0.25,IoU,708,1152,1063,38.064516129032256,39.97741389045737,38.99752134398237
juniperus_seg_by_size_20260829_002259,field_work,btm_forest_ensemble_uniform,75,0.25,S-IoU,1147,713,407,61.66666666666667,73.80952380952381,67.19390743995314
juniperus_seg_by_size_20260829_002259,field_work,btm_forest_ensemble_weighted,50,0.25,IoU,649,49,1122,92.97994269340974,36.64596273291926,52.57189145402997
juniperus_seg_by_size_20260829_002259,field_work,btm_forest_ensemble_weighted,50,0.25,S-IoU,653,45,1016,93.55300859598854,39.12522468544039,55.17532741867343
juniperus_seg_by_size_20260829_002259,field_work,btm_forest_ensemble_weighted,75,0.25,IoU,478,220,1293,68.48137535816619,26.990400903444385,38.72012960712839
juniperus_seg_by_size_20260829_002259,field_work,btm_forest_ensemble_weighted,75,0.25,S-IoU,599,99,1050,85.81661891117479,36.32504548211037,51.04388581167447
juniperus_seg_by_size_20260829_002259,field_work,btm_forest_soup,50,0.25,IoU,1202,282,569,80.99730458221023,67.87125917560701,73.85560675883256
juniperus_seg_by_size_20260829_002259,field_work,btm_forest_soup,50,0.25,S-IoU,1237,247,403,83.35579514824798,75.42682926829268,79.19334186939821
juniperus_seg_by_size_20260829_002259,field_work,btm_forest_soup,75,0.25,IoU,802,682,969,54.04312668463612,45.28514963297572,49.27803379416282
juniperus_seg_by_size_20260829_002259,field_work,btm_forest_soup,75,0.25,S-IoU,1070,414,464,72.10242587601078,69.75228161668839,70.90788601722994
juniperus_seg_by_size_20260829_002259,field_work,dense_baseline,50,0.25,IoU,1155,388,616,74.85418016850292,65.21739130434783,69.70428485214242
juniperus_seg_by_size_20260829_002259,field_work,dense_baseline,50,0.25,S-IoU,1216,327,426,78.80751782242385,74.05602923264311,76.35792778649922
juniperus_seg_by_size_20260829_002259,field_work,dense_baseline,75,0.25,IoU,659,884,1112,42.70900842514583,37.21061547148504,39.77066988533495
juniperus_seg_by_size_20260829_002259,field_work,dense_baseline,75,0.25,S-IoU,1000,543,509,64.80881399870383,66.26905235255136,65.53079947575361
juniperus_seg_by_size_20260829_002259,field_work,expert_E_large_solo,50,0.25,IoU,1185,327,586,78.37301587301587,66.91134952004518,72.1900700578739
juniperus_seg_by_size_20260829_002259,field_work,expert_E_large_solo,50,0.25,S-IoU,1263,249,387,83.53174603174604,76.54545454545455,79.88614800759012
juniperus_seg_by_size_20260829_002259,field_work,expert_E_large_solo,75,0.25,IoU,665,847,1106,43.98148148148148,37.54940711462451,40.511727078891255
juniperus_seg_by_size_20260829_002259,field_work,expert_E_large_solo,75,0.25,S-IoU,1048,464,483,69.31216931216932,68.45199216198563,68.87939533355242
juniperus_seg_by_size_20260829_002259,field_work,expert_E_medium_solo,50,0.25,IoU,1158,324,613,78.13765182186235,65.38678712591755,71.19581924377498
juniperus_seg_by_size_20260829_002259,field_work,expert_E_medium_solo,50,0.25,S-IoU,1227,255,422,82.79352226720647,74.40873256519103,78.37751517087193
juniperus_seg_by_size_20260829_002259,field_work,expert_E_medium_solo,75,0.25,IoU,660,822,1111,44.534412955465584,37.267080745341616,40.57792806640024
juniperus_seg_by_size_20260829_002259,field_work,expert_E_medium_solo,75,0.25,S-IoU,1010,472,522,68.15114709851552,65.92689295039165,67.0205706702057
juniperus_seg_by_size_20260829_002259,field_work,expert_E_small_solo,50,0.25,IoU,1130,302,641,78.91061452513966,63.80575945793338,70.55885107711521
juniperus_seg_by_size_20260829_002259,field_work,expert_E_small_solo,50,0.25,S-IoU,1221,211,431,85.26536312849163,73.91041162227603,79.1828793774319
juniperus_seg_by_size_20260829_002259,field_work,expert_E_small_solo,75,0.25,IoU,639,793,1132,44.622905027932966,36.08130999435348,39.90009366219169
juniperus_seg_by_size_20260829_002259,field_work,expert_E_small_solo,75,0.25,S-IoU,995,437,533,69.48324022346368,65.11780104712042,67.22972972972973
juniperus_seg_by_size_20260829_002259,field_work,random_ensemble,50,0.25,IoU,1327,887,444,59.93676603432701,74.92941840767928,66.59974905897114
juniperus_seg_by_size_20260829_002259,field_work,random_ensemble,50,0.25,S-IoU,1607,607,205,72.58355916892502,88.68653421633555,79.83109786388476
juniperus_seg_by_size_20260829_002259,field_work,random_ensemble,75,0.25,IoU,723,1491,1048,32.65582655826558,40.82439299830604,36.28607277289837
juniperus_seg_by_size_20260829_002259,field_work,random_ensemble,75,0.25,S-IoU,1258,956,284,56.82023486901535,81.58236057068741,66.98615548455803
juniperus_seg_by_size_20260829_002259,test,btm_forest_ensemble_uniform,50,0.25,IoU,637,277,53,69.69365426695843,92.31884057971016,79.42643391521197
juniperus_seg_by_size_20260829_002259,test,btm_forest_ensemble_uniform,50,0.25,S-IoU,671,243,22,73.41356673960613,96.82539682539682,83.5096453018046
juniperus_seg_by_size_20260829_002259,test,btm_forest_ensemble_uniform,75,0.25,IoU,509,405,181,55.68927789934355,73.76811594202898,63.46633416458853
juniperus_seg_by_size_20260829_002259,test,btm_forest_ensemble_uniform,75,0.25,S-IoU,594,320,35,64.98905908096279,94.4356120826709,76.99287103046014
juniperus_seg_by_size_20260829_002259,test,btm_forest_ensemble_weighted,50,0.25,IoU,449,18,241,96.1456102783726,65.07246376811594,77.61452031114952
juniperus_seg_by_size_20260829_002259,test,btm_forest_ensemble_weighted,50,0.25,S-IoU,448,19,218,95.93147751605996,67.26726726726727,79.08208296557812
juniperus_seg_by_size_20260829_002259,test,btm_forest_ensemble_weighted,75,0.25,IoU,407,60,283,87.15203426124198,58.98550724637681,70.35436473638721
juniperus_seg_by_size_20260829_002259,test,btm_forest_ensemble_weighted,75,0.25,S-IoU,432,35,225,92.50535331905782,65.75342465753424,76.86832740213524
juniperus_seg_by_size_20260829_002259,test,btm_forest_soup,50,0.25,IoU,616,145,74,80.946123521682,89.27536231884058,84.90696071674708
juniperus_seg_by_size_20260829_002259,test,btm_forest_soup,50,0.25,S-IoU,622,139,32,81.73455978975032,95.10703363914374,87.91519434628977
juniperus_seg_by_size_20260829_002259,test,btm_forest_soup,75,0.25,IoU,535,226,155,70.30223390275953,77.53623188405797,73.74224672639559
juniperus_seg_by_size_20260829_002259,test,btm_forest_soup,75,0.25,S-IoU,579,182,46,76.08409986859395,92.64,83.54978354978357
juniperus_seg_by_size_20260829_002259,test,dense_baseline,50,0.25,IoU,607,186,83,76.54476670870113,87.97101449275362,81.86109238031018
juniperus_seg_by_size_20260829_002259,test,dense_baseline,50,0.25,S-IoU,612,181,41,77.17528373266079,93.72128637059724,84.64730290456431
juniperus_seg_by_size_20260829_002259,test,dense_baseline,75,0.25,IoU,494,299,196,62.29508196721312,71.59420289855073,66.62171274443696
juniperus_seg_by_size_20260829_002259,test,dense_baseline,75,0.25,S-IoU,562,231,52,70.87011349306431,91.53094462540716,79.8862828713575
juniperus_seg_by_size_20260829_002259,test,expert_E_large_solo,50,0.25,IoU,615,144,75,81.02766798418972,89.13043478260869,84.88612836438924
juniperus_seg_by_size_20260829_002259,test,expert_E_large_solo,50,0.25,S-IoU,617,142,33,81.29117259552042,94.92307692307692,87.57984386089426
juniperus_seg_by_size_20260829_002259,test,expert_E_large_solo,75,0.25,IoU,491,268,199,64.69038208168642,71.15942028985506,67.77087646652863
juniperus_seg_by_size_20260829_002259,test,expert_E_large_solo,75,0.25,S-IoU,565,194,55,74.44005270092227,91.12903225806453,81.94343727338651
juniperus_seg_by_size_20260829_002259,test,expert_E_medium_solo,50,0.25,IoU,621,160,69,79.5134443021767,90.0,84.43235893949694
juniperus_seg_by_size_20260829_002259,test,expert_E_medium_solo,50,0.25,S-IoU,622,159,32,79.64148527528809,95.10703363914374,86.68989547038328
juniperus_seg_by_size_20260829_002259,test,expert_E_medium_solo,75,0.25,IoU,504,277,186,64.5326504481434,73.04347826086956,68.52481305234535
juniperus_seg_by_size_20260829_002259,test,expert_E_medium_solo,75,0.25,S-IoU,567,214,52,72.59923175416134,91.59935379644588,81.0
juniperus_seg_by_size_20260829_002259,test,expert_E_small_solo,50,0.25,IoU,604,151,86,80.0,87.53623188405797,83.59861591695503
juniperus_seg_by_size_20260829_002259,test,expert_E_small_solo,50,0.25,S-IoU,612,143,41,81.05960264900662,93.72128637059724,86.93181818181819
juniperus_seg_by_size_20260829_002259,test,expert_E_small_solo,75,0.25,IoU,483,272,207,63.97350993377483,70.0,66.85121107266436
juniperus_seg_by_size_20260829_002259,test,expert_E_small_solo,75,0.25,S-IoU,560,195,55,74.17218543046357,91.05691056910568,81.75182481751825
juniperus_seg_by_size_20260829_002259,test,random_ensemble,50,0.25,IoU,645,390,45,62.31884057971014,93.47826086956522,74.78260869565217
juniperus_seg_by_size_20260829_002259,test,random_ensemble,50,0.25,S-IoU,692,343,14,66.85990338164251,98.0169971671388,79.49454336588168
juniperus_seg_by_size_20260829_002259,test,random_ensemble,75,0.25,IoU,514,521,176,49.66183574879227,74.4927536231884,59.59420289855073
juniperus_seg_by_size_20260829_002259,test,random_ensemble,75,0.25,S-IoU,610,425,26,58.93719806763285,95.9119496855346,73.01017354877318
juniperus_seg_by_size_20260830_163740,field_work,btm_forest_ensemble_uniform,50,0.25,IoU,1086,330,685,76.69491525423729,61.32128740824393,68.15186695952306
juniperus_seg_by_size_20260830_163740,field_work,btm_forest_ensemble_uniform,50,0.25,S-IoU,1182,234,490,83.47457627118644,70.69377990430623,76.55440414507773
juniperus_seg_by_size_20260830_163740,field_work,btm_forest_ensemble_uniform,75,0.25,IoU,616,800,1155,43.50282485875706,34.78260869565217,38.65704424223407
juniperus_seg_by_size_20260830_163740,field_work,btm_forest_ensemble_uniform,75,0.25,S-IoU,1015,401,554,71.68079096045197,64.69088591459528,68.00670016750419
juniperus_seg_by_size_20260830_163740,field_work,btm_forest_ensemble_weighted,50,0.25,IoU,661,73,1110,90.05449591280654,37.3235460191982,52.77445109780439
juniperus_seg_by_size_20260830_163740,field_work,btm_forest_ensemble_weighted,50,0.25,S-IoU,663,71,1026,90.32697547683924,39.25399644760213,54.72554684275691
juniperus_seg_by_size_20260830_163740,field_work,btm_forest_ensemble_weighted,75,0.25,IoU,454,280,1317,61.85286103542234,25.635234330886504,36.24750499001996
juniperus_seg_by_size_20260830_163740,field_work,btm_forest_ensemble_weighted,75,0.25,S-IoU,611,123,1051,83.2425068119891,36.76293622141998,51.00166944908181
juniperus_seg_by_size_20260830_163740,field_work,btm_forest_soup,50,0.25,IoU,119,10,1652,92.24806201550388,6.719367588932807,12.526315789473683
juniperus_seg_by_size_20260830_163740,field_work,btm_forest_soup,50,0.25,S-IoU,126,3,1641,97.67441860465117,7.130730050933787,13.29113924050633
juniperus_seg_by_size_20260830_163740,field_work,btm_forest_soup,75,0.25,IoU,77,52,1694,59.68992248062015,4.3478260869565215,8.105263157894736
juniperus_seg_by_size_20260830_163740,field_work,btm_forest_soup,75,0.25,S-IoU,120,9,1645,93.02325581395348,6.79886685552408,12.671594508975714
juniperus_seg_by_size_20260830_163740,field_work,dense_baseline,50,0.25,IoU,1207,460,564,72.40551889622076,68.15358554488989,70.2152414194299
juniperus_seg_by_size_20260830_163740,field_work,dense_baseline,50,0.25,S-IoU,1311,356,375,78.64427114577084,77.75800711743773,78.19862809424396
juniperus_seg_by_size_20260830_163740,field_work,dense_baseline,75,0.25,IoU,667,1000,1104,40.0119976004799,37.66233766233766,38.80162885398487
juniperus_seg_by_size_20260830_163740,field_work,dense_baseline,75,0.25,S-IoU,1055,612,460,63.28734253149371,69.63696369636963,66.31049654305468
juniperus_seg_by_size_20260830_163740,field_work,expert_E_large_solo,50,0.25,IoU,385,62,1386,86.12975391498881,21.73913043478261,34.71596032461677
juniperus_seg_by_size_20260830_163740,field_work,expert_E_large_solo,50,0.25,S-IoU,406,41,1244,90.82774049217002,24.60606060606061,38.72198378636146
juniperus_seg_by_size_20260830_163740,field_work,expert_E_large_solo,75,0.25,IoU,296,151,1475,66.2192393736018,16.713721061547147,26.6907123534716
juniperus_seg_by_size_20260830_163740,field_work,expert_E_large_solo,75,0.25,S-IoU,361,86,1269,80.76062639821029,22.14723926380368,34.761675493500235
juniperus_seg_by_size_20260830_163740,field_work,expert_E_medium_solo,50,0.25,IoU,671,181,1100,78.75586854460094,37.88819875776397,51.16279069767442
juniperus_seg_by_size_20260830_163740,field_work,expert_E_medium_solo,50,0.25,S-IoU,706,146,1000,82.86384976525821,41.38335287221571,55.19937451133698
juniperus_seg_by_size_20260830_163740,field_work,expert_E_medium_solo,75,0.25,IoU,367,485,1404,43.075117370892016,20.7227555053642,27.98322531452535
juniperus_seg_by_size_20260830_163740,field_work,expert_E_medium_solo,75,0.25,S-IoU,606,246,1045,71.12676056338029,36.70502725620836,48.42189372752697
juniperus_seg_by_size_20260830_163740,field_work,expert_E_small_solo,50,0.25,IoU,227,79,1544,74.18300653594771,12.817617165443252,21.858449687048623
juniperus_seg_by_size_20260830_163740,field_work,expert_E_small_solo,50,0.25,S-IoU,248,58,1515,81.04575163398692,14.06693136698809,23.97293378443693
juniperus_seg_by_size_20260830_163740,field_work,expert_E_small_solo,75,0.25,IoU,58,248,1713,18.954248366013072,3.274985883681536,5.584978334135773
juniperus_seg_by_size_20260830_163740,field_work,expert_E_small_solo,75,0.25,S-IoU,214,92,1541,69.93464052287581,12.193732193732194,20.766618146530806
juniperus_seg_by_size_20260830_163740,field_work,random_ensemble,50,0.25,IoU,772,86,999,89.97668997668997,43.59119141727837,58.729554963864594
juniperus_seg_by_size_20260830_163740,field_work,random_ensemble,50,0.25,S-IoU,775,83,889,90.32634032634031,46.574519230769226,61.45915939730373
juniperus_seg_by_size_20260830_163740,field_work,random_ensemble,75,0.25,IoU,510,348,1261,59.44055944055944,28.797289666854887,38.79802206162039
juniperus_seg_by_size_20260830_163740,field_work,random_ensemble,75,0.25,S-IoU,676,182,953,78.78787878787878,41.49785144260282,54.36268596702855
juniperus_seg_by_size_20260830_163740,test,btm_forest_ensemble_uniform,50,0.25,IoU,601,153,89,79.70822281167109,87.10144927536231,83.2409972299169
juniperus_seg_by_size_20260830_163740,test,btm_forest_ensemble_uniform,50,0.25,S-IoU,614,140,51,81.43236074270557,92.33082706766918,86.5398167723749
juniperus_seg_by_size_20260830_163740,test,btm_forest_ensemble_uniform,75,0.25,IoU,483,271,207,64.05835543766578,70.0,66.89750692520776
juniperus_seg_by_size_20260830_163740,test,btm_forest_ensemble_uniform,75,0.25,S-IoU,569,185,61,75.46419098143235,90.31746031746032,82.22543352601154
juniperus_seg_by_size_20260830_163740,test,btm_forest_ensemble_weighted,50,0.25,IoU,434,30,256,93.53448275862068,62.89855072463768,75.21663778162913
juniperus_seg_by_size_20260830_163740,test,btm_forest_ensemble_weighted,50,0.25,S-IoU,434,30,230,93.53448275862068,65.36144578313254,76.95035460992908
juniperus_seg_by_size_20260830_163740,test,btm_forest_ensemble_weighted,75,0.25,IoU,379,85,311,81.68103448275862,54.927536231884055,65.68457538994801
juniperus_seg_by_size_20260830_163740,test,btm_forest_ensemble_weighted,75,0.25,S-IoU,414,50,237,89.22413793103449,63.59447004608296,74.26008968609865
juniperus_seg_by_size_20260830_163740,test,btm_forest_soup,50,0.25,IoU,131,16,559,89.1156462585034,18.98550724637681,31.30227001194743
juniperus_seg_by_size_20260830_163740,test,btm_forest_soup,50,0.25,S-IoU,137,10,550,93.19727891156462,19.941775836972344,32.853717026378895
juniperus_seg_by_size_20260830_163740,test,btm_forest_soup,75,0.25,IoU,103,44,587,70.06802721088435,14.92753623188406,24.611708482676224
juniperus_seg_by_size_20260830_163740,test,btm_forest_soup,75,0.25,S-IoU,127,20,555,86.39455782312925,18.621700879765395,30.63932448733414
juniperus_seg_by_size_20260830_163740,test,dense_baseline,50,0.25,IoU,621,252,69,71.1340206185567,90.0,79.46257197696738
juniperus_seg_by_size_20260830_163740,test,dense_baseline,50,0.25,S-IoU,643,230,32,73.6540664375716,95.25925925925924,83.07493540051681
juniperus_seg_by_size_20260830_163740,test,dense_baseline,75,0.25,IoU,489,384,201,56.01374570446736,70.86956521739131,62.571976967370446
juniperus_seg_by_size_20260830_163740,test,dense_baseline,75,0.25,S-IoU,562,311,41,64.37571592210767,93.20066334991708,76.15176151761518
juniperus_seg_by_size_20260830_163740,test,expert_E_large_solo,50,0.25,IoU,265,46,425,85.20900321543408,38.40579710144928,52.94705294705294
juniperus_seg_by_size_20260830_163740,test,expert_E_large_solo,50,0.25,S-IoU,274,37,387,88.10289389067523,41.45234493192133,56.37860082304527
juniperus_seg_by_size_20260830_163740,test,expert_E_large_solo,75,0.25,IoU,243,68,447,78.13504823151125,35.21739130434783,48.55144855144855
juniperus_seg_by_size_20260830_163740,test,expert_E_large_solo,75,0.25,S-IoU,257,54,391,82.63665594855306,39.660493827160494,53.59749739311784
juniperus_seg_by_size_20260830_163740,test,expert_E_medium_solo,50,0.25,IoU,379,78,311,82.93216630196937,54.927536231884055,66.08544027898867
juniperus_seg_by_size_20260830_163740,test,expert_E_medium_solo,50,0.25,S-IoU,379,78,294,82.93216630196937,56.3150074294205,67.07964601769912
juniperus_seg_by_size_20260830_163740,test,expert_E_medium_solo,75,0.25,IoU,296,161,394,64.77024070021882,42.89855072463768,51.61290322580645
juniperus_seg_by_size_20260830_163740,test,expert_E_medium_solo,75,0.25,S-IoU,353,104,306,77.24288840262582,53.566009104704094,63.26164874551971
juniperus_seg_by_size_20260830_163740,test,expert_E_small_solo,50,0.25,IoU,85,30,605,73.91304347826086,12.318840579710146,21.11801242236025
juniperus_seg_by_size_20260830_163740,test,expert_E_small_solo,50,0.25,S-IoU,85,30,603,73.91304347826086,12.354651162790695,21.1706102117061
juniperus_seg_by_size_20260830_163740,test,expert_E_small_solo,75,0.25,IoU,51,64,639,44.34782608695652,7.391304347826087,12.670807453416147
juniperus_seg_by_size_20260830_163740,test,expert_E_small_solo,75,0.25,S-IoU,79,36,609,68.69565217391305,11.482558139534884,19.676214196762142
juniperus_seg_by_size_20260830_163740,test,random_ensemble,50,0.25,IoU,500,44,190,91.91176470588236,72.46376811594203,81.03727714748784
juniperus_seg_by_size_20260830_163740,test,random_ensemble,50,0.25,S-IoU,498,46,158,91.54411764705884,75.91463414634147,83.0
juniperus_seg_by_size_20260830_163740,test,random_ensemble,75,0.25,IoU,425,119,265,78.125,61.59420289855072,68.88168557536466
juniperus_seg_by_size_20260830_163740,test,random_ensemble,75,0.25,S-IoU,461,83,177,84.74264705882352,72.25705329153605,78.00338409475465
juniperus_seg_by_size_20260830_163740,test_conf025_backup,btm_forest_ensemble_uniform,50,0.25,IoU,601,153,89,79.70822281167109,87.10144927536231,83.2409972299169
juniperus_seg_by_size_20260830_163740,test_conf025_backup,btm_forest_ensemble_uniform,50,0.25,S-IoU,614,140,51,81.43236074270557,92.33082706766918,86.5398167723749
juniperus_seg_by_size_20260830_163740,test_conf025_backup,btm_forest_ensemble_uniform,75,0.25,IoU,483,271,207,64.05835543766578,70.0,66.89750692520776
juniperus_seg_by_size_20260830_163740,test_conf025_backup,btm_forest_ensemble_uniform,75,0.25,S-IoU,569,185,61,75.46419098143235,90.31746031746032,82.22543352601154
juniperus_seg_by_size_20260830_163740,test_conf025_backup,btm_forest_ensemble_weighted,50,0.25,IoU,434,30,256,93.53448275862068,62.89855072463768,75.21663778162913
juniperus_seg_by_size_20260830_163740,test_conf025_backup,btm_forest_ensemble_weighted,50,0.25,S-IoU,434,30,230,93.53448275862068,65.36144578313254,76.95035460992908
juniperus_seg_by_size_20260830_163740,test_conf025_backup,btm_forest_ensemble_weighted,75,0.25,IoU,379,85,311,81.68103448275862,54.927536231884055,65.68457538994801
juniperus_seg_by_size_20260830_163740,test_conf025_backup,btm_forest_ensemble_weighted,75,0.25,S-IoU,414,50,237,89.22413793103449,63.59447004608296,74.26008968609865
juniperus_seg_by_size_20260830_163740,test_conf025_backup,btm_forest_soup,50,0.25,IoU,131,16,559,89.1156462585034,18.98550724637681,31.30227001194743
juniperus_seg_by_size_20260830_163740,test_conf025_backup,btm_forest_soup,50,0.25,S-IoU,137,10,550,93.19727891156462,19.941775836972344,32.853717026378895
juniperus_seg_by_size_20260830_163740,test_conf025_backup,btm_forest_soup,75,0.25,IoU,103,44,587,70.06802721088435,14.92753623188406,24.611708482676224
juniperus_seg_by_size_20260830_163740,test_conf025_backup,btm_forest_soup,75,0.25,S-IoU,127,20,555,86.39455782312925,18.621700879765395,30.63932448733414
juniperus_seg_by_size_20260830_163740,test_conf025_backup,dense_baseline,50,0.25,IoU,621,252,69,71.1340206185567,90.0,79.46257197696738
juniperus_seg_by_size_20260830_163740,test_conf025_backup,dense_baseline,50,0.25,S-IoU,643,230,32,73.6540664375716,95.25925925925924,83.07493540051681
juniperus_seg_by_size_20260830_163740,test_conf025_backup,dense_baseline,75,0.25,IoU,489,384,201,56.01374570446736,70.86956521739131,62.571976967370446
juniperus_seg_by_size_20260830_163740,test_conf025_backup,dense_baseline,75,0.25,S-IoU,562,311,41,64.37571592210767,93.20066334991708,76.15176151761518
juniperus_seg_by_size_20260830_163740,test_conf025_backup,expert_E_large_solo,50,0.25,IoU,265,46,425,85.20900321543408,38.40579710144928,52.94705294705294
juniperus_seg_by_size_20260830_163740,test_conf025_backup,expert_E_large_solo,50,0.25,S-IoU,274,37,387,88.10289389067523,41.45234493192133,56.37860082304527
juniperus_seg_by_size_20260830_163740,test_conf025_backup,expert_E_large_solo,75,0.25,IoU,243,68,447,78.13504823151125,35.21739130434783,48.55144855144855
juniperus_seg_by_size_20260830_163740,test_conf025_backup,expert_E_large_solo,75,0.25,S-IoU,257,54,391,82.63665594855306,39.660493827160494,53.59749739311784
juniperus_seg_by_size_20260830_163740,test_conf025_backup,expert_E_medium_solo,50,0.25,IoU,379,78,311,82.93216630196937,54.927536231884055,66.08544027898867
juniperus_seg_by_size_20260830_163740,test_conf025_backup,expert_E_medium_solo,50,0.25,S-IoU,379,78,294,82.93216630196937,56.3150074294205,67.07964601769912
juniperus_seg_by_size_20260830_163740,test_conf025_backup,expert_E_medium_solo,75,0.25,IoU,296,161,394,64.77024070021882,42.89855072463768,51.61290322580645
juniperus_seg_by_size_20260830_163740,test_conf025_backup,expert_E_medium_solo,75,0.25,S-IoU,353,104,306,77.24288840262582,53.566009104704094,63.26164874551971
juniperus_seg_by_size_20260830_163740,test_conf025_backup,expert_E_small_solo,50,0.25,IoU,85,30,605,73.91304347826086,12.318840579710146,21.11801242236025
juniperus_seg_by_size_20260830_163740,test_conf025_backup,expert_E_small_solo,50,0.25,S-IoU,85,30,603,73.91304347826086,12.354651162790695,21.1706102117061
juniperus_seg_by_size_20260830_163740,test_conf025_backup,expert_E_small_solo,75,0.25,IoU,51,64,639,44.34782608695652,7.391304347826087,12.670807453416147
juniperus_seg_by_size_20260830_163740,test_conf025_backup,expert_E_small_solo,75,0.25,S-IoU,79,36,609,68.69565217391305,11.482558139534884,19.676214196762142
juniperus_seg_by_size_20260830_163740,test_conf025_backup,random_ensemble,50,0.25,IoU,500,44,190,91.91176470588236,72.46376811594203,81.03727714748784
juniperus_seg_by_size_20260830_163740,test_conf025_backup,random_ensemble,50,0.25,S-IoU,498,46,158,91.54411764705884,75.91463414634147,83.0
juniperus_seg_by_size_20260830_163740,test_conf025_backup,random_ensemble,75,0.25,IoU,425,119,265,78.125,61.59420289855072,68.88168557536466
juniperus_seg_by_size_20260830_163740,test_conf025_backup,random_ensemble,75,0.25,S-IoU,461,83,177,84.74264705882352,72.25705329153605,78.00338409475465
juniperus_seg_by_size_20260830_164608,field_work,btm_forest_ensemble_uniform,50,0.25,IoU,1031,234,740,81.50197628458497,58.21569734613213,67.91831357048748
juniperus_seg_by_size_20260830_164608,field_work,btm_forest_ensemble_uniform,50,0.25,S-IoU,1087,178,555,85.92885375494072,66.19975639464069,74.78500171998625
juniperus_seg_by_size_20260830_164608,field_work,btm_forest_ensemble_uniform,75,0.25,IoU,607,658,1164,47.98418972332016,34.27442123094297,39.98682476943347
juniperus_seg_by_size_20260830_164608,field_work,btm_forest_ensemble_uniform,75,0.25,S-IoU,916,349,634,72.41106719367589,59.096774193548384,65.07992895204264
juniperus_seg_by_size_20260830_164608,field_work,btm_forest_ensemble_weighted,50,0.25,IoU,439,23,1332,95.021645021645,24.78825522303783,39.3193013882669
juniperus_seg_by_size_20260830_164608,field_work,btm_forest_ensemble_weighted,50,0.25,S-IoU,440,22,1250,95.23809523809524,26.035502958579883,40.89219330855018
juniperus_seg_by_size_20260830_164608,field_work,btm_forest_ensemble_weighted,75,0.25,IoU,354,108,1417,76.62337662337663,19.988706945228685,31.70622480967309
juniperus_seg_by_size_20260830_164608,field_work,btm_forest_ensemble_weighted,75,0.25,S-IoU,397,65,1271,85.93073593073593,23.80095923261391,37.27699530516432
juniperus_seg_by_size_20260830_164608,field_work,btm_forest_soup,50,0.25,IoU,125,9,1646,93.28358208955224,7.058159232072275,13.12335958005249
juniperus_seg_by_size_20260830_164608,field_work,btm_forest_soup,50,0.25,S-IoU,126,8,1641,94.02985074626866,7.130730050933787,13.256180957390848
juniperus_seg_by_size_20260830_164608,field_work,btm_forest_soup,75,0.25,IoU,101,33,1670,75.3731343283582,5.702992659514399,10.603674540682416
juniperus_seg_by_size_20260830_164608,field_work,btm_forest_soup,75,0.25,S-IoU,121,13,1645,90.29850746268656,6.851642129105323,12.73684210526316
juniperus_seg_by_size_20260830_164608,field_work,dense_baseline,50,0.25,IoU,1207,460,564,72.40551889622076,68.15358554488989,70.2152414194299
juniperus_seg_by_size_20260830_164608,field_work,dense_baseline,50,0.25,S-IoU,1311,356,375,78.64427114577084,77.75800711743773,78.19862809424396
juniperus_seg_by_size_20260830_164608,field_work,dense_baseline,75,0.25,IoU,667,1000,1104,40.0119976004799,37.66233766233766,38.80162885398487
juniperus_seg_by_size_20260830_164608,field_work,dense_baseline,75,0.25,S-IoU,1055,612,460,63.28734253149371,69.63696369636963,66.31049654305468
juniperus_seg_by_size_20260830_164608,field_work,expert_E_large_solo,50,0.25,IoU,445,54,1326,89.17835671342685,25.1270468661773,39.20704845814978
juniperus_seg_by_size_20260830_164608,field_work,expert_E_large_solo,50,0.25,S-IoU,449,50,1183,89.97995991983969,27.512254901960787,42.139840450492734
juniperus_seg_by_size_20260830_164608,field_work,expert_E_large_solo,75,0.25,IoU,345,154,1426,69.13827655310621,19.480519480519483,30.396475770925107
juniperus_seg_by_size_20260830_164608,field_work,expert_E_large_solo,75,0.25,S-IoU,381,118,1212,76.35270541082164,23.91713747645951,36.4244741873805
juniperus_seg_by_size_20260830_164608,field_work,expert_E_medium_solo,50,0.25,IoU,432,67,1339,86.57314629258516,24.392998306041783,38.06167400881058
juniperus_seg_by_size_20260830_164608,field_work,expert_E_medium_solo,50,0.25,S-IoU,433,66,1275,86.77354709418837,25.35128805620609,39.238785681921165
juniperus_seg_by_size_20260830_164608,field_work,expert_E_medium_solo,75,0.25,IoU,266,233,1505,53.3066132264529,15.0197628458498,23.436123348017617
juniperus_seg_by_size_20260830_164608,field_work,expert_E_medium_solo,75,0.25,S-IoU,382,117,1313,76.55310621242485,22.536873156342185,34.82224247948951
juniperus_seg_by_size_20260830_164608,field_work,expert_E_small_solo,50,0.25,IoU,317,99,1454,76.20192307692307,17.899491812535288,28.98948331047097
juniperus_seg_by_size_20260830_164608,field_work,expert_E_small_solo,50,0.25,S-IoU,341,75,1417,81.97115384615384,19.397042093287823,31.370745170193192
juniperus_seg_by_size_20260830_164608,field_work,expert_E_small_solo,75,0.25,IoU,92,324,1679,22.115384615384613,5.194805194805195,8.413351623228166
juniperus_seg_by_size_20260830_164608,field_work,expert_E_small_solo,75,0.25,S-IoU,281,135,1466,67.54807692307693,16.084716657126503,25.982431807674523
juniperus_seg_by_size_20260830_164608,field_work,random_ensemble,50,0.25,IoU,725,76,1046,90.51186017478152,40.9373235460192,56.37636080870917
juniperus_seg_by_size_20260830_164608,field_work,random_ensemble,50,0.25,S-IoU,732,69,939,91.38576779026218,43.80610412926392,59.22330097087378
juniperus_seg_by_size_20260830_164608,field_work,random_ensemble,75,0.25,IoU,469,332,1302,58.5518102372035,26.48221343873518,36.4696734059098
juniperus_seg_by_size_20260830_164608,field_work,random_ensemble,75,0.25,S-IoU,649,152,994,81.02372034956305,39.50091296409008,53.109656301145655
juniperus_seg_by_size_20260830_164608,test,btm_forest_ensemble_uniform,50,0.25,IoU,592,121,98,83.02945301542776,85.79710144927536,84.39059158945116
juniperus_seg_by_size_20260830_164608,test,btm_forest_ensemble_uniform,50,0.25,S-IoU,597,116,55,83.73071528751753,91.56441717791412,87.47252747252749
juniperus_seg_by_size_20260830_164608,test,btm_forest_ensemble_uniform,75,0.25,IoU,472,241,218,66.19915848527349,68.40579710144927,67.28439059158944
juniperus_seg_by_size_20260830_164608,test,btm_forest_ensemble_uniform,75,0.25,S-IoU,552,161,69,77.41935483870968,88.88888888888889,82.75862068965517
juniperus_seg_by_size_20260830_164608,test,btm_forest_ensemble_weighted,50,0.25,IoU,316,11,374,96.63608562691132,45.79710144927536,62.14355948869223
juniperus_seg_by_size_20260830_164608,test,btm_forest_ensemble_weighted,50,0.25,S-IoU,313,14,354,95.71865443425077,46.92653673163419,62.97786720321932
juniperus_seg_by_size_20260830_164608,test,btm_forest_ensemble_weighted,75,0.25,IoU,297,30,393,90.82568807339447,43.04347826086957,58.4070796460177
juniperus_seg_by_size_20260830_164608,test,btm_forest_ensemble_weighted,75,0.25,S-IoU,301,26,356,92.04892966360856,45.81430745814307,61.17886178861789
juniperus_seg_by_size_20260830_164608,test,btm_forest_soup,50,0.25,IoU,100,4,590,96.15384615384616,14.492753623188406,25.188916876574304
juniperus_seg_by_size_20260830_164608,test,btm_forest_soup,50,0.25,S-IoU,102,2,585,98.07692307692308,14.847161572052403,25.790139064475348
juniperus_seg_by_size_20260830_164608,test,btm_forest_soup,75,0.25,IoU,95,9,595,91.34615384615384,13.768115942028986,23.92947103274559
juniperus_seg_by_size_20260830_164608,test,btm_forest_soup,75,0.25,S-IoU,101,3,585,97.1153846153846,14.723032069970843,25.569620253164555
juniperus_seg_by_size_20260830_164608,test,dense_baseline,50,0.25,IoU,621,252,69,71.1340206185567,90.0,79.46257197696738
juniperus_seg_by_size_20260830_164608,test,dense_baseline,50,0.25,S-IoU,643,230,32,73.6540664375716,95.25925925925924,83.07493540051681
juniperus_seg_by_size_20260830_164608,test,dense_baseline,75,0.25,IoU,489,384,201,56.01374570446736,70.86956521739131,62.571976967370446
juniperus_seg_by_size_20260830_164608,test,dense_baseline,75,0.25,S-IoU,562,311,41,64.37571592210767,93.20066334991708,76.15176151761518
juniperus_seg_by_size_20260830_164608,test,expert_E_large_solo,50,0.25,IoU,312,44,378,87.64044943820225,45.21739130434783,59.65583173996176
juniperus_seg_by_size_20260830_164608,test,expert_E_large_solo,50,0.25,S-IoU,312,44,334,87.64044943820225,48.29721362229103,62.2754491017964
juniperus_seg_by_size_20260830_164608,test,expert_E_large_solo,75,0.25,IoU,282,74,408,79.21348314606742,40.869565217391305,53.91969407265774
juniperus_seg_by_size_20260830_164608,test,expert_E_large_solo,75,0.25,S-IoU,291,65,337,81.74157303370787,46.33757961783439,59.14634146341464
juniperus_seg_by_size_20260830_164608,test,expert_E_medium_solo,50,0.25,IoU,254,31,436,89.12280701754386,36.81159420289856,52.102564102564095
juniperus_seg_by_size_20260830_164608,test,expert_E_medium_solo,50,0.25,S-IoU,254,31,421,89.12280701754386,37.629629629629626,52.91666666666666
juniperus_seg_by_size_20260830_164608,test,expert_E_medium_solo,75,0.25,IoU,203,82,487,71.2280701754386,29.42028985507246,41.64102564102564
juniperus_seg_by_size_20260830_164608,test,expert_E_medium_solo,75,0.25,S-IoU,237,48,431,83.15789473684211,35.47904191616767,49.737670514165785
juniperus_seg_by_size_20260830_164608,test,expert_E_small_solo,50,0.25,IoU,126,44,564,74.11764705882354,18.26086956521739,29.30232558139535
juniperus_seg_by_size_20260830_164608,test,expert_E_small_solo,50,0.25,S-IoU,124,46,561,72.94117647058823,18.1021897810219,29.005847953216367
juniperus_seg_by_size_20260830_164608,test,expert_E_small_solo,75,0.25,IoU,68,102,622,40.0,9.855072463768115,15.813953488372093
juniperus_seg_by_size_20260830_164608,test,expert_E_small_solo,75,0.25,S-IoU,113,57,570,66.47058823529412,16.544655929721817,26.494724501758498
juniperus_seg_by_size_20260830_164608,test,random_ensemble,50,0.25,IoU,488,42,202,92.0754716981132,70.72463768115942,80.0
juniperus_seg_by_size_20260830_164608,test,random_ensemble,50,0.25,S-IoU,487,43,171,91.8867924528302,74.01215805471124,81.98653198653197
juniperus_seg_by_size_20260830_164608,test,random_ensemble,75,0.25,IoU,420,110,270,79.24528301886792,60.86956521739131,68.85245901639344
juniperus_seg_by_size_20260830_164608,test,random_ensemble,75,0.25,S-IoU,457,73,182,86.22641509433963,71.51799687010954,78.18648417450814
juniperus_seg_by_size_20260830_202803,field_work,btm_forest_ensemble_uniform,50,0.25,IoU,1088,308,683,77.93696275071633,61.43421795595708,68.70855699400063
juniperus_seg_by_size_20260830_202803,field_work,btm_forest_ensemble_uniform,50,0.25,S-IoU,1175,221,487,84.16905444126076,70.69795427196149,76.84761281883586
juniperus_seg_by_size_20260830_202803,field_work,btm_forest_ensemble_uniform,75,0.25,IoU,601,795,1170,43.05157593123209,33.935629587803504,37.95389958951689
juniperus_seg_by_size_20260830_202803,field_work,btm_forest_ensemble_uniform,75,0.25,S-IoU,1002,394,555,71.77650429799426,64.35452793834297,67.86318997629529
juniperus_seg_by_size_20260830_202803,field_work,btm_forest_ensemble_weighted,50,0.25,IoU,617,62,1154,90.86892488954344,34.83907396950875,50.36734693877551
juniperus_seg_by_size_20260830_202803,field_work,btm_forest_ensemble_weighted,50,0.25,S-IoU,622,57,1059,91.60530191458028,37.001784651992864,52.71186440677968
juniperus_seg_by_size_20260830_202803,field_work,btm_forest_ensemble_weighted,75,0.25,IoU,434,245,1337,63.91752577319587,24.50592885375494,35.42857142857142
juniperus_seg_by_size_20260830_202803,field_work,btm_forest_ensemble_weighted,75,0.25,S-IoU,578,101,1087,85.12518409425626,34.71471471471472,49.31740614334471
juniperus_seg_by_size_20260830_202803,field_work,btm_forest_soup,50,0.25,IoU,204,10,1567,95.32710280373831,11.518915866741954,20.554156171284635
juniperus_seg_by_size_20260830_202803,field_work,btm_forest_soup,50,0.25,S-IoU,203,11,1562,94.85981308411216,11.5014164305949,20.515411824153613
juniperus_seg_by_size_20260830_202803,field_work,btm_forest_soup,75,0.25,IoU,169,45,1602,78.97196261682244,9.542631281761716,17.027707808564234
juniperus_seg_by_size_20260830_202803,field_work,btm_forest_soup,75,0.25,S-IoU,195,19,1567,91.1214953271028,11.066969353007943,19.73684210526316
juniperus_seg_by_size_20260830_202803,field_work,dense_baseline,50,0.25,IoU,1213,369,558,76.67509481668773,68.49237718802937,72.35311661198928
juniperus_seg_by_size_20260830_202803,field_work,dense_baseline,50,0.25,S-IoU,1295,287,340,81.85840707964603,79.20489296636084,80.50979173142679
juniperus_seg_by_size_20260830_202803,field_work,dense_baseline,75,0.25,IoU,682,900,1089,43.10998735777497,38.50931677018634,40.67998807038473
juniperus_seg_by_size_20260830_202803,field_work,dense_baseline,75,0.25,S-IoU,1071,511,422,67.69911504424779,71.73476222371065,69.65853658536585
juniperus_seg_by_size_20260830_202803,field_work,expert_E_large_solo,50,0.25,IoU,413,113,1358,78.51711026615969,23.3201581027668,35.95994775794515
juniperus_seg_by_size_20260830_202803,field_work,expert_E_large_solo,50,0.25,S-IoU,461,65,1179,87.6425855513308,28.10975609756098,42.56694367497691
juniperus_seg_by_size_20260830_202803,field_work,expert_E_large_solo,75,0.25,IoU,304,222,1467,57.79467680608364,17.165443252399772,26.469307792773183
juniperus_seg_by_size_20260830_202803,field_work,expert_E_large_solo,75,0.25,S-IoU,378,148,1205,71.86311787072243,23.87871130764372,35.84637268847795
juniperus_seg_by_size_20260830_202803,field_work,expert_E_medium_solo,50,0.25,IoU,619,132,1152,82.42343541944075,34.95200451722191,49.08802537668517
juniperus_seg_by_size_20260830_202803,field_work,expert_E_medium_solo,50,0.25,S-IoU,634,117,1061,84.4207723035952,37.40412979351033,51.83973834832379
juniperus_seg_by_size_20260830_202803,field_work,expert_E_medium_solo,75,0.25,IoU,368,383,1403,49.00133155792277,20.77922077922078,29.183187946074547
juniperus_seg_by_size_20260830_202803,field_work,expert_E_medium_solo,75,0.25,S-IoU,564,187,1111,75.09986684420772,33.67164179104478,46.49629018961254
juniperus_seg_by_size_20260830_202803,field_work,expert_E_small_solo,50,0.25,IoU,231,57,1540,80.20833333333334,13.043478260869565,22.438076736279747
juniperus_seg_by_size_20260830_202803,field_work,expert_E_small_solo,50,0.25,S-IoU,239,49,1520,82.98611111111111,13.58726549175668,23.35124572545188
juniperus_seg_by_size_20260830_202803,field_work,expert_E_small_solo,75,0.25,IoU,43,245,1728,14.930555555555555,2.4280067758328627,4.176784847013113
juniperus_seg_by_size_20260830_202803,field_work,expert_E_small_solo,75,0.25,S-IoU,204,84,1554,70.83333333333334,11.604095563139932,19.94134897360704
juniperus_seg_by_size_20260830_202803,field_work,random_ensemble,50,0.25,IoU,864,127,907,87.18466195761857,48.78599661208357,62.56335988414192
juniperus_seg_by_size_20260830_202803,field_work,random_ensemble,50,0.25,S-IoU,862,129,794,86.98284561049445,52.05314009661836,65.130336229694
juniperus_seg_by_size_20260830_202803,field_work,random_ensemble,75,0.25,IoU,508,483,1263,51.26135216952573,28.684359119141728,36.784938450398265
juniperus_seg_by_size_20260830_202803,field_work,random_ensemble,75,0.25,S-IoU,746,245,852,75.27749747729567,46.68335419274093,57.62842796446505
juniperus_seg_by_size_20260830_202803,test,btm_forest_ensemble_uniform,50,0.25,IoU,600,151,90,79.89347536617842,86.95652173913044,83.27550312283137
juniperus_seg_by_size_20260830_202803,test,btm_forest_ensemble_uniform,50,0.25,S-IoU,618,133,53,82.29027962716378,92.10134128166916,86.91983122362869
juniperus_seg_by_size_20260830_202803,test,btm_forest_ensemble_uniform,75,0.25,IoU,478,273,212,63.64846870838882,69.27536231884058,66.34281748785565
juniperus_seg_by_size_20260830_202803,test,btm_forest_ensemble_uniform,75,0.25,S-IoU,564,187,64,75.09986684420772,89.80891719745223,81.79840464104421
juniperus_seg_by_size_20260830_202803,test,btm_forest_ensemble_weighted,50,0.25,IoU,417,27,273,93.91891891891892,60.43478260869565,73.54497354497354
juniperus_seg_by_size_20260830_202803,test,btm_forest_ensemble_weighted,50,0.25,S-IoU,418,26,247,94.14414414414416,62.85714285714285,75.38322813345357
juniperus_seg_by_size_20260830_202803,test,btm_forest_ensemble_weighted,75,0.25,IoU,373,71,317,84.009009009009,54.05797101449276,65.78483245149911
juniperus_seg_by_size_20260830_202803,test,btm_forest_ensemble_weighted,75,0.25,S-IoU,388,56,256,87.38738738738738,60.24844720496895,71.3235294117647
juniperus_seg_by_size_20260830_202803,test,btm_forest_soup,50,0.25,IoU,173,4,517,97.74011299435028,25.072463768115945,39.90772779700116
juniperus_seg_by_size_20260830_202803,test,btm_forest_soup,50,0.25,S-IoU,173,4,514,97.74011299435028,25.181950509461423,40.04629629629631
juniperus_seg_by_size_20260830_202803,test,btm_forest_soup,75,0.25,IoU,167,10,523,94.35028248587572,24.20289855072464,38.52364475201846
juniperus_seg_by_size_20260830_202803,test,btm_forest_soup,75,0.25,S-IoU,171,6,515,96.61016949152544,24.927113702623902,39.62920046349942
juniperus_seg_by_size_20260830_202803,test,dense_baseline,50,0.25,IoU,616,173,74,78.07351077313055,89.27536231884058,83.29952670723463
juniperus_seg_by_size_20260830_202803,test,dense_baseline,50,0.25,S-IoU,624,165,23,79.08745247148289,96.4451313755796,86.90807799442896
juniperus_seg_by_size_20260830_202803,test,dense_baseline,75,0.25,IoU,500,289,190,63.37135614702155,72.46376811594203,67.6132521974307
juniperus_seg_by_size_20260830_202803,test,dense_baseline,75,0.25,S-IoU,574,215,42,72.75031685678074,93.18181818181816,81.70818505338077
juniperus_seg_by_size_20260830_202803,test,expert_E_large_solo,50,0.25,IoU,310,53,380,85.39944903581267,44.927536231884055,58.87939221272555
juniperus_seg_by_size_20260830_202803,test,expert_E_large_solo,50,0.25,S-IoU,312,51,336,85.9504132231405,48.14814814814815,61.72106824925816
juniperus_seg_by_size_20260830_202803,test,expert_E_large_solo,75,0.25,IoU,267,96,423,73.55371900826447,38.69565217391304,50.71225071225072
juniperus_seg_by_size_20260830_202803,test,expert_E_large_solo,75,0.25,S-IoU,283,80,341,77.96143250688705,45.3525641025641,57.34549138804458
juniperus_seg_by_size_20260830_202803,test,expert_E_medium_solo,50,0.25,IoU,345,65,345,84.14634146341463,50.0,62.727272727272734
juniperus_seg_by_size_20260830_202803,test,expert_E_medium_solo,50,0.25,S-IoU,347,63,329,84.6341463414634,51.33136094674556,63.90423572744015
juniperus_seg_by_size_20260830_202803,test,expert_E_medium_solo,75,0.25,IoU,281,129,409,68.53658536585367,40.72463768115942,51.090909090909086
juniperus_seg_by_size_20260830_202803,test,expert_E_medium_solo,75,0.25,S-IoU,323,87,339,78.78048780487805,48.79154078549849,60.26119402985075
juniperus_seg_by_size_20260830_202803,test,expert_E_small_solo,50,0.25,IoU,75,28,615,72.81553398058253,10.869565217391305,18.91551071878941
juniperus_seg_by_size_20260830_202803,test,expert_E_small_solo,50,0.25,S-IoU,75,28,615,72.81553398058253,10.869565217391305,18.91551071878941
juniperus_seg_by_size_20260830_202803,test,expert_E_small_solo,75,0.25,IoU,35,68,655,33.980582524271846,5.072463768115942,8.827238335435057
juniperus_seg_by_size_20260830_202803,test,expert_E_small_solo,75,0.25,S-IoU,71,32,618,68.93203883495146,10.304789550072568,17.929292929292927
juniperus_seg_by_size_20260830_202803,test,random_ensemble,50,0.25,IoU,548,82,142,86.98412698412699,79.42028985507247,83.03030303030303
juniperus_seg_by_size_20260830_202803,test,random_ensemble,50,0.25,S-IoU,544,86,106,86.34920634920636,83.6923076923077,85.00000000000001
juniperus_seg_by_size_20260830_202803,test,random_ensemble,75,0.25,IoU,444,186,246,70.47619047619048,64.34782608695652,67.27272727272727
juniperus_seg_by_size_20260830_202803,test,random_ensemble,75,0.25,S-IoU,499,131,124,79.2063492063492,80.09630818619583,79.6488427773344
juniperus_seg_by_size_20260830_221329,field_work,btm_forest_ensemble_uniform,50,0.25,IoU,1153,327,618,77.9054054054054,65.10446075663468,70.93202091664102
juniperus_seg_by_size_20260830_221329,field_work,btm_forest_ensemble_uniform,50,0.25,S-IoU,1198,282,448,80.94594594594594,72.78250303766707,76.64747280870122
juniperus_seg_by_size_20260830_221329,field_work,btm_forest_ensemble_uniform,75,0.25,IoU,728,752,1043,49.18918918918919,41.10671936758894,44.786219624730855
juniperus_seg_by_size_20260830_221329,field_work,btm_forest_ensemble_uniform,75,0.25,S-IoU,1006,474,521,67.97297297297298,65.88081204977078,66.91054206850681
juniperus_seg_by_size_20260830_221329,field_work,btm_forest_ensemble_weighted,50,0.25,IoU,646,68,1125,90.47619047619048,36.47656691134952,51.99195171026157
juniperus_seg_by_size_20260830_221329,field_work,btm_forest_ensemble_weighted,50,0.25,S-IoU,641,73,1018,89.77591036414566,38.63773357444244,54.0244416350611
juniperus_seg_by_size_20260830_221329,field_work,btm_forest_ensemble_weighted,75,0.25,IoU,507,207,1264,71.00840336134453,28.62789384528515,40.80482897384306
juniperus_seg_by_size_20260830_221329,field_work,btm_forest_ensemble_weighted,75,0.25,S-IoU,573,141,1047,80.25210084033614,35.37037037037037,49.100257069408734
juniperus_seg_by_size_20260830_221329,field_work,btm_forest_soup,50,0.25,IoU,389,28,1382,93.28537170263787,21.96499153020892,35.55758683729433
juniperus_seg_by_size_20260830_221329,field_work,btm_forest_soup,50,0.25,S-IoU,383,34,1353,91.84652278177458,22.062211981566826,35.5782628889921
juniperus_seg_by_size_20260830_221329,field_work,btm_forest_soup,75,0.25,IoU,300,117,1471,71.94244604316546,16.93958215697346,27.422303473491773
juniperus_seg_by_size_20260830_221329,field_work,btm_forest_soup,75,0.25,S-IoU,358,59,1369,85.85131894484412,20.72958888245513,33.3955223880597
juniperus_seg_by_size_20260830_221329,field_work,dense_baseline,50,0.25,IoU,1259,470,512,72.81665702718334,71.08977978543196,71.94285714285714
juniperus_seg_by_size_20260830_221329,field_work,dense_baseline,50,0.25,S-IoU,1347,382,318,77.9063042220937,80.9009009009009,79.37536829699468
juniperus_seg_by_size_20260830_221329,field_work,dense_baseline,75,0.25,IoU,765,964,1006,44.24522845575477,43.19593450028233,43.71428571428571
juniperus_seg_by_size_20260830_221329,field_work,dense_baseline,75,0.25,S-IoU,1130,599,410,65.3556969346443,73.37662337662337,69.13429183236464
juniperus_seg_by_size_20260830_221329,field_work,expert_E_large_solo,50,0.25,IoU,529,88,1242,85.73743922204214,29.87012987012987,44.30485762144053
juniperus_seg_by_size_20260830_221329,field_work,expert_E_large_solo,50,0.25,S-IoU,527,90,1093,85.41329011345219,32.53086419753086,47.116674117121136
juniperus_seg_by_size_20260830_221329,field_work,expert_E_large_solo,75,0.25,IoU,415,202,1356,67.26094003241491,23.43308865047996,34.7571189279732
juniperus_seg_by_size_20260830_221329,field_work,expert_E_large_solo,75,0.25,S-IoU,445,172,1120,72.12317666126418,28.434504792332262,40.78826764436296
juniperus_seg_by_size_20260830_221329,field_work,expert_E_medium_solo,50,0.25,IoU,567,123,1204,82.17391304347827,32.015810276679844,46.0788297440065
juniperus_seg_by_size_20260830_221329,field_work,expert_E_medium_solo,50,0.25,S-IoU,567,123,1136,82.17391304347827,33.29418672930123,47.38821562891767
juniperus_seg_by_size_20260830_221329,field_work,expert_E_medium_solo,75,0.25,IoU,376,314,1395,54.492753623188406,21.230942970073404,30.55668427468509
juniperus_seg_by_size_20260830_221329,field_work,expert_E_medium_solo,75,0.25,S-IoU,494,196,1181,71.59420289855073,29.49253731343284,41.77589852008457
juniperus_seg_by_size_20260830_221329,field_work,expert_E_small_solo,50,0.25,IoU,328,98,1443,76.99530516431925,18.520609824957653,29.85889849795176
juniperus_seg_by_size_20260830_221329,field_work,expert_E_small_solo,50,0.25,S-IoU,339,87,1413,79.5774647887324,19.34931506849315,31.12947658402204
juniperus_seg_by_size_20260830_221329,field_work,expert_E_small_solo,75,0.25,IoU,119,307,1652,27.93427230046948,6.719367588932807,10.8329540282203
juniperus_seg_by_size_20260830_221329,field_work,expert_E_small_solo,75,0.25,S-IoU,283,143,1462,66.43192488262912,16.21776504297994,26.070935052970977
juniperus_seg_by_size_20260830_221329,field_work,random_ensemble,50,0.25,IoU,863,128,908,87.08375378405651,48.72953133822699,62.49094858797971
juniperus_seg_by_size_20260830_221329,field_work,random_ensemble,50,0.25,S-IoU,853,138,809,86.07467204843591,51.323706377858,64.30456087448172
juniperus_seg_by_size_20260830_221329,field_work,random_ensemble,75,0.25,IoU,602,389,1169,60.74672048435923,33.99209486166008,43.59160028964518
juniperus_seg_by_size_20260830_221329,field_work,random_ensemble,75,0.25,S-IoU,737,254,871,74.36932391523713,45.83333333333333,56.71412081569834
juniperus_seg_by_size_20260830_221329,test,btm_forest_ensemble_uniform,50,0.25,IoU,621,195,69,76.10294117647058,90.0,82.47011952191234
juniperus_seg_by_size_20260830_221329,test,btm_forest_ensemble_uniform,50,0.25,S-IoU,624,192,32,76.47058823529412,95.1219512195122,84.78260869565216
juniperus_seg_by_size_20260830_221329,test,btm_forest_ensemble_uniform,75,0.25,IoU,525,291,165,64.33823529411765,76.08695652173914,69.72111553784862
juniperus_seg_by_size_20260830_221329,test,btm_forest_ensemble_uniform,75,0.25,S-IoU,565,251,48,69.24019607843137,92.16965742251224,79.07627711686493
juniperus_seg_by_size_20260830_221329,test,btm_forest_ensemble_weighted,50,0.25,IoU,423,25,267,94.41964285714286,61.30434782608696,74.34094903339191
juniperus_seg_by_size_20260830_221329,test,btm_forest_ensemble_weighted,50,0.25,S-IoU,415,33,237,92.63392857142856,63.65030674846626,75.45454545454545
juniperus_seg_by_size_20260830_221329,test,btm_forest_ensemble_weighted,75,0.25,IoU,376,72,314,83.92857142857143,54.492753623188406,66.08084358523726
juniperus_seg_by_size_20260830_221329,test,btm_forest_ensemble_weighted,75,0.25,S-IoU,390,58,249,87.05357142857143,61.03286384976526,71.75712971481141
juniperus_seg_by_size_20260830_221329,test,btm_forest_soup,50,0.25,IoU,273,20,417,93.1740614334471,39.56521739130434,55.54425228891149
juniperus_seg_by_size_20260830_221329,test,btm_forest_soup,50,0.25,S-IoU,272,21,410,92.83276450511946,39.88269794721408,55.7948717948718
juniperus_seg_by_size_20260830_221329,test,btm_forest_soup,75,0.25,IoU,246,47,444,83.95904436860067,35.65217391304348,50.05086469989827
juniperus_seg_by_size_20260830_221329,test,btm_forest_soup,75,0.25,S-IoU,265,28,416,90.44368600682594,38.91336270190896,54.41478439425052
juniperus_seg_by_size_20260830_221329,test,dense_baseline,50,0.25,IoU,624,220,66,73.93364928909952,90.43478260869566,81.35593220338984
juniperus_seg_by_size_20260830_221329,test,dense_baseline,50,0.25,S-IoU,636,208,24,75.35545023696683,96.36363636363636,84.57446808510637
juniperus_seg_by_size_20260830_221329,test,dense_baseline,75,0.25,IoU,538,306,152,63.74407582938388,77.97101449275362,70.14341590612777
juniperus_seg_by_size_20260830_221329,test,dense_baseline,75,0.25,S-IoU,581,263,38,68.8388625592417,93.8610662358643,79.42583732057416
juniperus_seg_by_size_20260830_221329,test,expert_E_large_solo,50,0.25,IoU,327,50,363,86.73740053050398,47.391304347826086,61.29334582942831
juniperus_seg_by_size_20260830_221329,test,expert_E_large_solo,50,0.25,S-IoU,324,53,320,85.94164456233422,50.31055900621118,63.46718903036239
juniperus_seg_by_size_20260830_221329,test,expert_E_large_solo,75,0.25,IoU,292,85,398,77.45358090185677,42.31884057971014,54.73289597000937
juniperus_seg_by_size_20260830_221329,test,expert_E_large_solo,75,0.25,S-IoU,298,79,325,79.04509283819628,47.8330658105939,59.6
juniperus_seg_by_size_20260830_221329,test,expert_E_medium_solo,50,0.25,IoU,309,80,381,79.43444730077121,44.78260869565218,57.27525486561631
juniperus_seg_by_size_20260830_221329,test,expert_E_medium_solo,50,0.25,S-IoU,303,86,368,77.89203084832906,45.156482861400896,57.169811320754704
juniperus_seg_by_size_20260830_221329,test,expert_E_medium_solo,75,0.25,IoU,257,132,433,66.0668380462725,37.2463768115942,47.63670064874884
juniperus_seg_by_size_20260830_221329,test,expert_E_medium_solo,75,0.25,S-IoU,278,111,382,71.46529562982005,42.12121212121212,53.002859866539566
juniperus_seg_by_size_20260830_221329,test,expert_E_small_solo,50,0.25,IoU,135,66,555,67.16417910447761,19.565217391304348,30.303030303030305
juniperus_seg_by_size_20260830_221329,test,expert_E_small_solo,50,0.25,S-IoU,135,66,553,67.16417910447761,19.62209302325581,30.37120359955005
juniperus_seg_by_size_20260830_221329,test,expert_E_small_solo,75,0.25,IoU,102,99,588,50.74626865671642,14.782608695652174,22.895622895622896
juniperus_seg_by_size_20260830_221329,test,expert_E_small_solo,75,0.25,S-IoU,121,80,563,60.19900497512438,17.690058479532166,27.34463276836158
juniperus_seg_by_size_20260830_221329,test,random_ensemble,50,0.25,IoU,527,58,163,90.08547008547008,76.37681159420289,82.66666666666667
juniperus_seg_by_size_20260830_221329,test,random_ensemble,50,0.25,S-IoU,518,67,138,88.54700854700855,78.96341463414635,83.48106365834005
juniperus_seg_by_size_20260830_221329,test,random_ensemble,75,0.25,IoU,472,113,218,80.68376068376068,68.40579710144927,74.03921568627452
juniperus_seg_by_size_20260830_221329,test,random_ensemble,75,0.25,S-IoU,487,98,151,83.24786324786325,76.33228840125392,79.64022894521668
juniperus_btm_heterogeneous_20260824_091248,field_work,btm_forest_ensemble_uniform,50,0.25,IoU,1139,211,632,84.37037037037037,64.31394692264257,72.98942646587633
juniperus_btm_heterogeneous_20260824_091248,field_work,btm_forest_ensemble_uniform,50,0.25,S-IoU,913,437,413,67.62962962962963,68.85369532428356,68.23617339312406
juniperus_btm_heterogeneous_20260824_091248,field_work,btm_forest_ensemble_uniform,75,0.25,IoU,828,522,943,61.33333333333333,46.75324675324675,53.05991669336751
juniperus_btm_heterogeneous_20260824_091248,field_work,btm_forest_ensemble_uniform,75,0.25,S-IoU,707,643,517,52.37037037037037,57.76143790849672,54.93395493395493
juniperus_btm_heterogeneous_20260824_091248,field_work,btm_forest_ensemble_weighted,50,0.25,IoU,1139,211,632,84.37037037037037,64.31394692264257,72.98942646587633
juniperus_btm_heterogeneous_20260824_091248,field_work,btm_forest_ensemble_weighted,50,0.25,S-IoU,915,435,413,67.77777777777779,68.90060240963855,68.3345780433159
juniperus_btm_heterogeneous_20260824_091248,field_work,btm_forest_ensemble_weighted,75,0.25,IoU,829,521,942,61.40740740740741,46.80971202710333,53.1239987183595
juniperus_btm_heterogeneous_20260824_091248,field_work,btm_forest_ensemble_weighted,75,0.25,S-IoU,706,644,516,52.2962962962963,57.77414075286416,54.898911353032666
juniperus_btm_heterogeneous_20260824_091248,field_work,dense_baseline,50,0.25,IoU,1155,332,616,77.67316745124411,65.21739130434783,70.902394106814
juniperus_btm_heterogeneous_20260824_091248,field_work,dense_baseline,50,0.25,S-IoU,927,560,418,62.34028244788165,68.92193308550186,65.46610169491525
juniperus_btm_heterogeneous_20260824_091248,field_work,dense_baseline,75,0.25,IoU,793,694,978,53.328850033624754,44.77696216826652,48.68017188459177
juniperus_btm_heterogeneous_20260824_091248,field_work,dense_baseline,75,0.25,S-IoU,704,783,544,47.34364492266308,56.41025641025641,51.48080438756856
juniperus_btm_heterogeneous_20260824_091248,field_work,expert_E1_scale_solo,50,0.25,IoU,1142,312,629,78.54195323246216,64.48334274421231,70.8217054263566
juniperus_btm_heterogeneous_20260824_091248,field_work,expert_E1_scale_solo,50,0.25,S-IoU,915,539,406,62.92984869325997,69.26570779712338,65.94594594594595
juniperus_btm_heterogeneous_20260824_091248,field_work,expert_E1_scale_solo,75,0.25,IoU,790,664,981,54.33287482806052,44.60756634669678,48.9922480620155
juniperus_btm_heterogeneous_20260824_091248,field_work,expert_E1_scale_solo,75,0.25,S-IoU,675,779,565,46.42365887207703,54.43548387096774,50.11135857461024
juniperus_btm_heterogeneous_20260824_091248,field_work,expert_E2_illum_solo,50,0.25,IoU,1143,293,628,79.59610027855153,64.5398080180689,71.28157156220767
juniperus_btm_heterogeneous_20260824_091248,field_work,expert_E2_illum_solo,50,0.25,S-IoU,907,529,411,63.16155988857939,68.81638846737481,65.86782861292664
juniperus_btm_heterogeneous_20260824_091248,field_work,expert_E2_illum_solo,75,0.25,IoU,819,617,952,57.033426183844014,46.24505928853755,51.0757717492984
juniperus_btm_heterogeneous_20260824_091248,field_work,expert_E2_illum_solo,75,0.25,S-IoU,693,743,526,48.259052924791085,56.84987694831829,52.20338983050847
juniperus_btm_heterogeneous_20260824_091248,field_work,expert_E3_geom_solo,50,0.25,IoU,1165,282,606,80.51140290255702,65.78204404291361,72.40522063393412
juniperus_btm_heterogeneous_20260824_091248,field_work,expert_E3_geom_solo,50,0.25,S-IoU,919,528,363,63.51071181755356,71.68486739469579,67.35067790399414
juniperus_btm_heterogeneous_20260824_091248,field_work,expert_E3_geom_solo,75,0.25,IoU,741,706,1030,51.209398756046994,41.84076792772445,46.05344934742076
juniperus_btm_heterogeneous_20260824_091248,field_work,expert_E3_geom_solo,75,0.25,S-IoU,723,724,452,49.96544574982723,61.53191489361702,55.14874141876429
juniperus_btm_heterogeneous_20260824_091248,field_work,random_ensemble,50,0.25,IoU,1126,199,645,84.9811320754717,63.57989836250706,72.73901808785531
juniperus_btm_heterogeneous_20260824_091248,field_work,random_ensemble,50,0.25,S-IoU,905,420,439,68.30188679245282,67.33630952380952,67.81566129636568
juniperus_btm_heterogeneous_20260824_091248,field_work,random_ensemble,75,0.25,IoU,852,473,919,64.30188679245283,48.10841332580463,55.038759689922486
juniperus_btm_heterogeneous_20260824_091248,field_work,random_ensemble,75,0.25,S-IoU,703,622,542,53.05660377358491,56.46586345381526,54.70817120622568
juniperus_btm_heterogeneous_20260824_091248,test,btm_forest_ensemble_uniform,50,0.25,IoU,596,99,94,85.75539568345324,86.37681159420289,86.06498194945848
juniperus_btm_heterogeneous_20260824_091248,test,btm_forest_ensemble_uniform,50,0.25,S-IoU,514,181,51,73.9568345323741,90.97345132743364,81.58730158730158
juniperus_btm_heterogeneous_20260824_091248,test,btm_forest_ensemble_uniform,75,0.25,IoU,503,192,187,72.37410071942446,72.89855072463767,72.63537906137185
juniperus_btm_heterogeneous_20260824_091248,test,btm_forest_ensemble_uniform,75,0.25,S-IoU,437,258,71,62.87769784172662,86.0236220472441,72.65170407315046
juniperus_btm_heterogeneous_20260824_091248,test,btm_forest_ensemble_weighted,50,0.25,IoU,596,99,94,85.75539568345324,86.37681159420289,86.06498194945848
juniperus_btm_heterogeneous_20260824_091248,test,btm_forest_ensemble_weighted,50,0.25,S-IoU,514,181,51,73.9568345323741,90.97345132743364,81.58730158730158
juniperus_btm_heterogeneous_20260824_091248,test,btm_forest_ensemble_weighted,75,0.25,IoU,503,192,187,72.37410071942446,72.89855072463767,72.63537906137185
juniperus_btm_heterogeneous_20260824_091248,test,btm_forest_ensemble_weighted,75,0.25,S-IoU,436,259,72,62.73381294964029,85.8267716535433,72.48545303408146
juniperus_btm_heterogeneous_20260824_091248,test,dense_baseline,50,0.25,IoU,605,157,85,79.39632545931758,87.68115942028986,83.33333333333333
juniperus_btm_heterogeneous_20260824_091248,test,dense_baseline,50,0.25,S-IoU,519,243,41,68.11023622047244,92.67857142857144,78.51739788199697
juniperus_btm_heterogeneous_20260824_091248,test,dense_baseline,75,0.25,IoU,513,249,177,67.32283464566929,74.34782608695653,70.6611570247934
juniperus_btm_heterogeneous_20260824_091248,test,dense_baseline,75,0.25,S-IoU,440,322,72,57.74278215223097,85.9375,69.07378335949764
juniperus_btm_heterogeneous_20260824_091248,test,expert_E1_scale_solo,50,0.25,IoU,606,147,84,80.47808764940238,87.82608695652175,83.99168399168398
juniperus_btm_heterogeneous_20260824_091248,test,expert_E1_scale_solo,50,0.25,S-IoU,503,250,50,66.79946879150066,90.95840867992769,77.0290964777948
juniperus_btm_heterogeneous_20260824_091248,test,expert_E1_scale_solo,75,0.25,IoU,496,257,194,65.86985391766268,71.8840579710145,68.74566874566875
juniperus_btm_heterogeneous_20260824_091248,test,expert_E1_scale_solo,75,0.25,S-IoU,412,341,81,54.7144754316069,83.56997971602435,66.13162118780096
juniperus_btm_heterogeneous_20260824_091248,test,expert_E2_illum_solo,50,0.25,IoU,603,123,87,83.05785123966942,87.39130434782608,85.16949152542372
juniperus_btm_heterogeneous_20260824_091248,test,expert_E2_illum_solo,50,0.25,S-IoU,525,201,44,72.31404958677686,92.2671353251318,81.08108108108108
juniperus_btm_heterogeneous_20260824_091248,test,expert_E2_illum_solo,75,0.25,IoU,528,198,162,72.72727272727273,76.52173913043478,74.57627118644068
juniperus_btm_heterogeneous_20260824_091248,test,expert_E2_illum_solo,75,0.25,S-IoU,443,283,69,61.01928374655648,86.5234375,71.56704361873992
juniperus_btm_heterogeneous_20260824_091248,test,expert_E3_geom_solo,50,0.25,IoU,594,175,96,77.24317295188557,86.08695652173914,81.42563399588761
juniperus_btm_heterogeneous_20260824_091248,test,expert_E3_geom_solo,50,0.25,S-IoU,508,261,27,66.05981794538361,94.95327102803738,77.91411042944785
juniperus_btm_heterogeneous_20260824_091248,test,expert_E3_geom_solo,75,0.25,IoU,330,439,360,42.91287386215865,47.82608695652174,45.23646333104867
juniperus_btm_heterogeneous_20260824_091248,test,expert_E3_geom_solo,75,0.25,S-IoU,415,354,36,53.96618985695709,92.01773835920176,68.0327868852459
juniperus_btm_heterogeneous_20260824_091248,test,random_ensemble,50,0.25,IoU,609,106,81,85.17482517482517,88.26086956521739,86.69039145907473
juniperus_btm_heterogeneous_20260824_091248,test,random_ensemble,50,0.25,S-IoU,523,192,33,73.14685314685315,94.06474820143885,82.29740361919747
juniperus_btm_heterogeneous_20260824_091248,test,random_ensemble,75,0.25,IoU,535,180,155,74.82517482517483,77.53623188405797,76.15658362989323
juniperus_btm_heterogeneous_20260824_091248,test,random_ensemble,75,0.25,S-IoU,442,273,63,61.81818181818181,87.52475247524752,72.45901639344262
juniperus_btm_homogeneous_20260824_103026,field_work,btm_forest_ensemble_uniform,50,0.25,IoU,1141,221,630,83.77386196769456,64.42687747035573,72.83753590807534
juniperus_btm_homogeneous_20260824_103026,field_work,btm_forest_ensemble_uniform,50,0.25,S-IoU,900,462,450,66.07929515418502,66.66666666666666,66.3716814159292
juniperus_btm_homogeneous_20260824_103026,field_work,btm_forest_ensemble_uniform,75,0.25,IoU,826,536,945,60.64610866372981,46.6403162055336,52.72901372486436
juniperus_btm_homogeneous_20260824_103026,field_work,btm_forest_ensemble_uniform,75,0.25,S-IoU,696,666,535,51.10132158590308,56.53939886271324,53.68299267258002
juniperus_btm_homogeneous_20260824_103026,field_work,btm_forest_ensemble_weighted,50,0.25,IoU,1140,221,631,83.76193975018369,64.37041219649915,72.79693486590038
juniperus_btm_homogeneous_20260824_103026,field_work,btm_forest_ensemble_weighted,50,0.25,S-IoU,898,463,451,65.9808963997061,66.56782802075611,66.2730627306273
juniperus_btm_homogeneous_20260824_103026,field_work,btm_forest_ensemble_weighted,75,0.25,IoU,826,535,945,60.69066862601029,46.6403162055336,52.74584929757344
juniperus_btm_homogeneous_20260824_103026,field_work,btm_forest_ensemble_weighted,75,0.25,S-IoU,694,667,536,50.99191770756797,56.42276422764228,53.57005017367812
juniperus_btm_homogeneous_20260824_103026,field_work,btm_forest_soup,50,0.25,IoU,925,169,846,84.55210237659963,52.23037831733484,64.57242582897032
juniperus_btm_homogeneous_20260824_103026,field_work,btm_forest_soup,50,0.25,S-IoU,696,398,729,63.61974405850091,48.84210526315789,55.26002381897578
juniperus_btm_homogeneous_20260824_103026,field_work,btm_forest_soup,75,0.25,IoU,574,520,1197,52.46800731261426,32.41106719367589,40.069808027923216
juniperus_btm_homogeneous_20260824_103026,field_work,btm_forest_soup,75,0.25,S-IoU,563,531,802,51.46252285191956,41.24542124542124,45.79097193981293
juniperus_btm_homogeneous_20260824_103026,field_work,dense_baseline,50,0.25,IoU,1155,332,616,77.67316745124411,65.21739130434783,70.902394106814
juniperus_btm_homogeneous_20260824_103026,field_work,dense_baseline,50,0.25,S-IoU,927,560,418,62.34028244788165,68.92193308550186,65.46610169491525
juniperus_btm_homogeneous_20260824_103026,field_work,dense_baseline,75,0.25,IoU,793,694,978,53.328850033624754,44.77696216826652,48.68017188459177
juniperus_btm_homogeneous_20260824_103026,field_work,dense_baseline,75,0.25,S-IoU,704,783,544,47.34364492266308,56.41025641025641,51.48080438756856
juniperus_btm_homogeneous_20260824_103026,field_work,expert_E1_scale_solo,50,0.25,IoU,1142,312,629,78.54195323246216,64.48334274421231,70.8217054263566
juniperus_btm_homogeneous_20260824_103026,field_work,expert_E1_scale_solo,50,0.25,S-IoU,915,539,406,62.92984869325997,69.26570779712338,65.94594594594595
juniperus_btm_homogeneous_20260824_103026,field_work,expert_E1_scale_solo,75,0.25,IoU,790,664,981,54.33287482806052,44.60756634669678,48.9922480620155
juniperus_btm_homogeneous_20260824_103026,field_work,expert_E1_scale_solo,75,0.25,S-IoU,675,779,565,46.42365887207703,54.43548387096774,50.11135857461024
juniperus_btm_homogeneous_20260824_103026,field_work,expert_E2_illum_solo,50,0.25,IoU,1144,275,627,80.62015503875969,64.59627329192547,71.72413793103448
juniperus_btm_homogeneous_20260824_103026,field_work,expert_E2_illum_solo,50,0.25,S-IoU,900,519,449,63.424947145877375,66.71608598962194,65.02890173410405
juniperus_btm_homogeneous_20260824_103026,field_work,expert_E2_illum_solo,75,0.25,IoU,822,597,949,57.92811839323468,46.41445511010728,51.53605015673982
juniperus_btm_homogeneous_20260824_103026,field_work,expert_E2_illum_solo,75,0.25,S-IoU,692,727,550,48.766737138830166,55.716586151368766,52.010522360015024
juniperus_btm_homogeneous_20260824_103026,field_work,expert_E3_geom_solo,50,0.25,IoU,1146,306,625,78.92561983471074,64.70920383963862,71.1138690660875
juniperus_btm_homogeneous_20260824_103026,field_work,expert_E3_geom_solo,50,0.25,S-IoU,917,535,390,63.15426997245179,70.16067329762815,66.47335991301196
juniperus_btm_homogeneous_20260824_103026,field_work,expert_E3_geom_solo,75,0.25,IoU,746,706,1025,51.37741046831956,42.12309429700734,46.29227427862241
juniperus_btm_homogeneous_20260824_103026,field_work,expert_E3_geom_solo,75,0.25,S-IoU,711,741,472,48.96694214876033,60.10143702451395,53.96584440227704
juniperus_btm_homogeneous_20260824_103026,field_work,random_ensemble,50,0.25,IoU,1164,246,607,82.5531914893617,65.72557876905702,73.18453316567116
juniperus_btm_homogeneous_20260824_103026,field_work,random_ensemble,50,0.25,S-IoU,944,466,358,66.95035460992908,72.50384024577573,69.61651917404129
juniperus_btm_homogeneous_20260824_103026,field_work,random_ensemble,75,0.25,IoU,859,551,912,60.92198581560284,48.50367024280068,54.00817353033637
juniperus_btm_homogeneous_20260824_103026,field_work,random_ensemble,75,0.25,S-IoU,727,683,475,51.56028368794326,60.48252911813644,55.66615620214396
juniperus_btm_homogeneous_20260824_103026,test,btm_forest_ensemble_uniform,50,0.25,IoU,602,113,88,84.19580419580419,87.2463768115942,85.69395017793595
juniperus_btm_homogeneous_20260824_103026,test,btm_forest_ensemble_uniform,50,0.25,S-IoU,512,203,42,71.60839160839161,92.4187725631769,80.69345941686366
juniperus_btm_homogeneous_20260824_103026,test,btm_forest_ensemble_uniform,75,0.25,IoU,493,222,197,68.95104895104896,71.44927536231884,70.1779359430605
juniperus_btm_homogeneous_20260824_103026,test,btm_forest_ensemble_uniform,75,0.25,S-IoU,423,292,61,59.16083916083916,87.39669421487604,70.55879899916597
juniperus_btm_homogeneous_20260824_103026,test,btm_forest_ensemble_weighted,50,0.25,IoU,602,113,88,84.19580419580419,87.2463768115942,85.69395017793595
juniperus_btm_homogeneous_20260824_103026,test,btm_forest_ensemble_weighted,50,0.25,S-IoU,512,203,42,71.60839160839161,92.4187725631769,80.69345941686366
juniperus_btm_homogeneous_20260824_103026,test,btm_forest_ensemble_weighted,75,0.25,IoU,493,222,197,68.95104895104896,71.44927536231884,70.1779359430605
juniperus_btm_homogeneous_20260824_103026,test,btm_forest_ensemble_weighted,75,0.25,S-IoU,423,292,61,59.16083916083916,87.39669421487604,70.55879899916597
juniperus_btm_homogeneous_20260824_103026,test,btm_forest_soup,50,0.25,IoU,546,82,144,86.94267515923568,79.13043478260869,82.85280728376328
juniperus_btm_homogeneous_20260824_103026,test,btm_forest_soup,50,0.25,S-IoU,457,171,92,72.77070063694268,83.24225865209472,77.65505522514867
juniperus_btm_homogeneous_20260824_103026,test,btm_forest_soup,75,0.25,IoU,370,258,320,58.917197452229296,53.62318840579711,56.14567526555388
juniperus_btm_homogeneous_20260824_103026,test,btm_forest_soup,75,0.25,S-IoU,383,245,102,60.98726114649682,78.96907216494846,68.82300089847261
juniperus_btm_homogeneous_20260824_103026,test,dense_baseline,50,0.25,IoU,605,157,85,79.39632545931758,87.68115942028986,83.33333333333333
juniperus_btm_homogeneous_20260824_103026,test,dense_baseline,50,0.25,S-IoU,519,243,41,68.11023622047244,92.67857142857144,78.51739788199697
juniperus_btm_homogeneous_20260824_103026,test,dense_baseline,75,0.25,IoU,513,249,177,67.32283464566929,74.34782608695653,70.6611570247934
juniperus_btm_homogeneous_20260824_103026,test,dense_baseline,75,0.25,S-IoU,440,322,72,57.74278215223097,85.9375,69.07378335949764
juniperus_btm_homogeneous_20260824_103026,test,expert_E1_scale_solo,50,0.25,IoU,606,147,84,80.47808764940238,87.82608695652175,83.99168399168398
juniperus_btm_homogeneous_20260824_103026,test,expert_E1_scale_solo,50,0.25,S-IoU,503,250,50,66.79946879150066,90.95840867992769,77.0290964777948
juniperus_btm_homogeneous_20260824_103026,test,expert_E1_scale_solo,75,0.25,IoU,496,257,194,65.86985391766268,71.8840579710145,68.74566874566875
juniperus_btm_homogeneous_20260824_103026,test,expert_E1_scale_solo,75,0.25,S-IoU,412,341,81,54.7144754316069,83.56997971602435,66.13162118780096
juniperus_btm_homogeneous_20260824_103026,test,expert_E2_illum_solo,50,0.25,IoU,609,144,81,80.87649402390437,88.26086956521739,84.4074844074844
juniperus_btm_homogeneous_20260824_103026,test,expert_E2_illum_solo,50,0.25,S-IoU,520,233,30,69.05710491367863,94.54545454545456,79.81580966999233
juniperus_btm_homogeneous_20260824_103026,test,expert_E2_illum_solo,75,0.25,IoU,502,251,188,66.66666666666666,72.7536231884058,69.57726957726959
juniperus_btm_homogeneous_20260824_103026,test,expert_E2_illum_solo,75,0.25,S-IoU,427,326,69,56.70650730411687,86.08870967741935,68.37469975980785
juniperus_btm_homogeneous_20260824_103026,test,expert_E3_geom_solo,50,0.25,IoU,571,157,119,78.43406593406593,82.7536231884058,80.53596614950635
juniperus_btm_homogeneous_20260824_103026,test,expert_E3_geom_solo,50,0.25,S-IoU,496,232,41,68.13186813186813,92.36499068901304,78.4189723320158
juniperus_btm_homogeneous_20260824_103026,test,expert_E3_geom_solo,75,0.25,IoU,277,451,413,38.04945054945055,40.14492753623188,39.0691114245416
juniperus_btm_homogeneous_20260824_103026,test,expert_E3_geom_solo,75,0.25,S-IoU,411,317,51,56.45604395604396,88.96103896103897,69.07563025210084
juniperus_btm_homogeneous_20260824_103026,test,random_ensemble,50,0.25,IoU,605,120,85,83.44827586206897,87.68115942028986,85.51236749116607
juniperus_btm_homogeneous_20260824_103026,test,random_ensemble,50,0.25,S-IoU,524,201,36,72.27586206896551,93.57142857142856,81.55642023346303
juniperus_btm_homogeneous_20260824_103026,test,random_ensemble,75,0.25,IoU,517,208,173,71.3103448275862,74.92753623188406,73.07420494699647
juniperus_btm_homogeneous_20260824_103026,test,random_ensemble,75,0.25,S-IoU,435,290,64,60.0,87.17434869739479,71.07843137254902
copypaste_test,test,dense_baseline,50,0.25,IoU,635,266,55,70.4772475027747,92.02898550724638,79.8240100565682
copypaste_test,test,dense_baseline,50,0.25,S-IoU,642,259,19,71.25416204217537,97.12556732223904,82.202304737516
copypaste_test,field_work,dense_baseline,50,0.25,IoU,1239,447,532,73.48754448398577,69.96047430830039,71.68064796065954
copypaste_test,field_work,dense_baseline,50,0.25,S-IoU,1323,363,319,78.46975088967972,80.57247259439708,79.50721153846155
distilled,test,dense_baseline,50,0.25,IoU,624,240,66,72.22222222222221,90.43478260869566,80.3088803088803
distilled,test,dense_baseline,50,0.25,S-IoU,625,239,35,72.33796296296296,94.6969696969697,82.02099737532808
distilled,field_work,dense_baseline,50,0.25,IoU,1182,540,589,68.6411149825784,66.74195369847544,67.67821356999714
distilled,field_work,dense_baseline,50,0.25,S-IoU,1218,504,419,70.73170731707317,74.40439828955407,72.52158380470377
